staged_id,source_req_id,requirement_statement,source_spec,source_revision,source_page,source_chunk_id,classification,req_class,matched_canonical_id,match_reason,recommended_action,review_decision,reviewer_notes
primary:DDS_STBIO1_4000,DDS_STBIO1_4000,"[DDS_STBIO1_4000] Requirement: Write enable for each OTP REGISTER shall be 0, in functional mode, if bit 31 of OTP_PRG10 is set 1.",DDS_STBIO1.pdf,stage1-approved,Regmap,Regmap,Digital,new,,approved primary Stage 1 source corpus,merge,approved,
primary:DDS_STBIO1_0201,DDS_STBIO1_0201,11.1. XBAR Connection Matrix Destination Source Regmap SENSOR HUB ISPU FIFO ADSP Main Controller,DDS_STBIO1.pdf,stage1-approved,,,Digital,new,,approved primary Stage 1 source corpus,merge,approved,
primary:DDS_STBIO1_0202,DDS_STBIO1_0202,11.1. XBAR Connection Matrix Destination Source Regmap SENSOR HUB ISPU FIFO ADSP Main Controller,DDS_STBIO1.pdf,stage1-approved,,,Digital,new,,approved primary Stage 1 source corpus,merge,approved,
primary:DDS_STBIO1_0219,DDS_STBIO1_0219,11.1. XBAR Connection Matrix Destination Source Regmap SENSOR HUB ISPU FIFO ADSP Main Controller,DDS_STBIO1.pdf,stage1-approved,,,Digital,new,,approved primary Stage 1 source corpus,merge,approved,
primary:DDS_STBIO1_0203,DDS_STBIO1_0203,ADSP,DDS_STBIO1.pdf,stage1-approved,,,System,new,,approved primary Stage 1 source corpus,merge,approved,
primary:DDS_STBIO1_0204,DDS_STBIO1_0204,ADSP,DDS_STBIO1.pdf,stage1-approved,,,System,new,,approved primary Stage 1 source corpus,merge,approved,
primary:DDS_STBIO1_0206,DDS_STBIO1_0206,ADSP,DDS_STBIO1.pdf,stage1-approved,,,System,new,,approved primary Stage 1 source corpus,merge,approved,
primary:DDS_STBIO1_0207,DDS_STBIO1_0207,I2C_SPI_AHB,DDS_STBIO1.pdf,stage1-approved,,,Digital,new,,approved primary Stage 1 source corpus,merge,approved,
primary:DDS_STBIO1_0208,DDS_STBIO1_0208,I2C_SPI_AHB,DDS_STBIO1.pdf,stage1-approved,,,Digital,new,,approved primary Stage 1 source corpus,merge,approved,
primary:DDS_STBIO1_0209,DDS_STBIO1_0209,I2C_SPI_AHB,DDS_STBIO1.pdf,stage1-approved,,,Digital,new,,approved primary Stage 1 source corpus,merge,approved,
primary:DDS_STBIO1_0210,DDS_STBIO1_0210,I2C_SPI_AHB,DDS_STBIO1.pdf,stage1-approved,,,Digital,new,,approved primary Stage 1 source corpus,merge,approved,
primary:DDS_STBIO1_0221,DDS_STBIO1_0221,I2C_SPI_AHB,DDS_STBIO1.pdf,stage1-approved,,,Digital,new,,approved primary Stage 1 source corpus,merge,approved,
primary:DDS_STBIO1_0211,DDS_STBIO1_0211,SENSOR HUB,DDS_STBIO1.pdf,stage1-approved,,,System,new,,approved primary Stage 1 source corpus,merge,approved,
primary:DDS_STBIO1_0212,DDS_STBIO1_0212,ISPU,DDS_STBIO1.pdf,stage1-approved,,,System,new,,approved primary Stage 1 source corpus,merge,approved,
primary:DDS_STBIO1_0213,DDS_STBIO1_0213,ISPU,DDS_STBIO1.pdf,stage1-approved,,,System,new,,approved primary Stage 1 source corpus,merge,approved,
primary:DDS_STBIO1_0215,DDS_STBIO1_0215,ISPU,DDS_STBIO1.pdf,stage1-approved,,,System,new,,approved primary Stage 1 source corpus,merge,approved,
primary:DDS_STBIO1_0222,DDS_STBIO1_0222,ISPU,DDS_STBIO1.pdf,stage1-approved,,,System,new,,approved primary Stage 1 source corpus,merge,approved,
primary:DDS_STBIO1_0216,DDS_STBIO1_0216,ISPU debug,DDS_STBIO1.pdf,stage1-approved,,,System,new,,approved primary Stage 1 source corpus,merge,approved,
primary:DDS_STBIO1_0217,DDS_STBIO1_0217,ISPU debug,DDS_STBIO1.pdf,stage1-approved,,,System,new,,approved primary Stage 1 source corpus,merge,approved,
primary:DDS_STBIO1_0218,DDS_STBIO1_0218,ISPU debug,DDS_STBIO1.pdf,stage1-approved,,,System,new,,approved primary Stage 1 source corpus,merge,approved,
primary:DDS_STBIO1_0220,DDS_STBIO1_0220,ISPU debug,DDS_STBIO1.pdf,stage1-approved,,,System,new,,approved primary Stage 1 source corpus,merge,approved,
primary:DDS_STBIO1_0223,DDS_STBIO1_0223,ISPU debug,DDS_STBIO1.pdf,stage1-approved,,,System,new,,approved primary Stage 1 source corpus,merge,approved,
primary:DDS_STBIO1_0104,DDS_STBIO1_0104,"When the device is turned on, i_POR1V2_1V2 shall be high. [TO: IPOS_PMU]",DDS_STBIO1.pdf,stage1-approved,PMU,PMU,Digital,new,,approved primary Stage 1 source corpus,merge,approved,
primary:DDS_STBIO1_0105,DDS_STBIO1_0105,"When i_POR1V2_1V2 is low, o_ EN_LDO1V8 shall be low. [TO: IPOS_PMU]",DDS_STBIO1.pdf,stage1-approved,PMU,PMU,Digital,new,,approved primary Stage 1 source corpus,merge,approved,
primary:DDS_STBIO1_0106,DDS_STBIO1_0106,"When i_POR1V2_1V2 is low, o_PD_CLKF shall be high. [TO: IPOS_PMU]",DDS_STBIO1.pdf,stage1-approved,PMU,PMU,Digital,new,,approved primary Stage 1 source corpus,merge,approved,
primary:DDS_STBIO1_0107,DDS_STBIO1_0107,"When i_POR1V2_1V2 is low, o_CLK_16M_READY shall be low. [TO: IPOS_PMU]",DDS_STBIO1.pdf,stage1-approved,PMU,PMU,Digital,new,,approved primary Stage 1 source corpus,merge,approved,
primary:DDS_STBIO1_0108,DDS_STBIO1_0108,"When i_POR1V2_1V2 is low, o_DIS_RC_VIREF shall be high. [TO: IPOS_PMU]",DDS_STBIO1.pdf,stage1-approved,PMU,PMU,Digital,new,,approved primary Stage 1 source corpus,merge,approved,
primary:DDS_STBIO1_0109,DDS_STBIO1_0109,"When i_POR1V2_1V2 rises, after at least 10 cycles of i_clk_64k (64kHz), o_ EN_LDO1V8 shall be high and the clk_64k_divided is considered stable. [TO: IPOS_PMU]",DDS_STBIO1.pdf,stage1-approved,PMU,PMU,Digital,new,,approved primary Stage 1 source corpus,merge,approved,
primary:DDS_STBIO1_0110,DDS_STBIO1_0110,"When clk_64k_divided is stable, after at least 352 cycles of clk_64k_divided (32kHz), o_DIS_RC_VIREF shall be low. [TO: IPOS_PMU]",DDS_STBIO1.pdf,stage1-approved,PMU,PMU,Digital,new,,approved primary Stage 1 source corpus,merge,approved,
primary:DDS_STBIO1_0111,DDS_STBIO1_0111,"When i_mask_en_ldo_pdclkf_reg and o_EN_LDO1V8 are set to 1, o_PD_CLKF shall be low after at least 40 cycles of the clk_64k_divided. [TO: IPOS_PMU]",DDS_STBIO1.pdf,stage1-approved,PMU,PMU,Digital,new,,approved primary Stage 1 source corpus,merge,approved,
primary:DDS_STBIO1_0112,DDS_STBIO1_0112,"When i_START_CLK_16M is high, after at least 20 cycles of i_clk_16M (16MHz), o_CLK_16M_READY shall be high. [TO: IPOS_PMU]",DDS_STBIO1.pdf,stage1-approved,PMU,PMU,Digital,new,,approved primary Stage 1 source corpus,merge,approved,
primary:DDS_STBIO1_0113,DDS_STBIO1_0113,"When i_START_CLK_16M is high for the first time, after at least 20 cycles of i_clk_16M (16MHz), o_main_resetn shall be high. [TO: IPOS_PMU]",DDS_STBIO1.pdf,stage1-approved,PMU,PMU,Digital,new,,approved primary Stage 1 source corpus,merge,approved,
primary:DDS_STBIO1_1020,DDS_STBIO1_1020,"The stbio1_top.clk_16m signal shall be connected to the stbio1_top.dig_wrapper_LV.u_pmu.clk_16m signal, with frequency 16 MHz and without clock gating.",DDS_STBIO1.pdf,stage1-approved,PMU,PMU,Digital,new,,approved primary Stage 1 source corpus,merge,approved,
primary:DDS_STBIO1_1021,DDS_STBIO1_1021,"The stbio1_top.clk_64k signal shall be connected to the stbio1_top.dig_wrapper_LV.u_pmu.clk_64k signal, with frequency 64 kHz and without clock gating.",DDS_STBIO1.pdf,stage1-approved,,,Digital,new,,approved primary Stage 1 source corpus,merge,approved,
primary:DDS_STBIO1_1027,DDS_STBIO1_1027,"The stbio1_top.dig_wrapper_LV.u_pmu.tst_clk_32k signal shall be connected to the stbio1_top.dig_wrapper_LV.u_main_controller_top.i_clk_32kHz signal, with frequency 32 kHz and without clock gating.",DDS_STBIO1.pdf,stage1-approved,,,Digital,new,,approved primary Stage 1 source corpus,merge,approved,
primary:DDS_STBIO1_1022,DDS_STBIO1_1022,"The stbio1_top.dig_wrapper_LV.u_pmu.clk_16m_dft signal shall be connected to the stbio1_top.dig_wrapper_LV.u_ADSP.stmc_clk signal, with frequency 16 MHz and with clock gating stbio1_top.dig_wrapper_LV.u_pm u.adsp_run | stbio1_top.dig_wrapper_LV.u_pm u.all_test_mode | ~stbio1_top.dig_wrapper_LV.u_p ad_mux.scan_enable.",DDS_STBIO1.pdf,stage1-approved,,,Digital,new,,approved primary Stage 1 source corpus,merge,approved,
primary:DDS_STBIO1_1023,DDS_STBIO1_1023,"The stbio1_top.dig_wrapper_LV.u_pmu.w_sh_clk signal shall be connected to the stbio1_top.dig_wrapper_LV.u_masterblaze_ahb.sys_clk signal, with frequency 16 MHz and with clock gating stbio1_top.dig_wrapper_LV.u_pm u.i_en_sh_clk | stbio1_top.dig_wrapper_LV.u_pm u.all_test_mode | ~stbio1_top.dig_wrapper_LV.u_p ad_mux.scan_enable.",DDS_STBIO1.pdf,stage1-approved,,,Digital,new,,approved primary Stage 1 source corpus,merge,approved,
primary:DDS_STBIO1_1024,DDS_STBIO1_1024,"The stbio1_top.dig_wrapper_LV.u_pmu.clk_16m_dft signal shall be connected to the stbio1_top.dig_wrapper_LV.u_xbar_afe.hclk signal, with frequency 16 MHz and with clock gating stbio1_top.dig_wrapper_LV.u_pm u.clk_xbar_en | stbio1_top.dig_wrapper_LV.u_pm u.all_test_mode | ~stbio1_top.dig_wrapper_LV.u_p ad_mux.scan_enable.",DDS_STBIO1.pdf,stage1-approved,,,Digital,new,,approved primary Stage 1 source corpus,merge,approved,
primary:DDS_STBIO1_2024,DDS_STBIO1_2024,"The stbio1_top.dig_wrapper_LV.u_pmuclk_xbar signal shall be connected to the stbio1_top.dig_wrapper_LV.u.fifo.HCLK signal, with frequency 16 MHz and with clock gating stbio1_top.dig_wrapper_LV.u_pm u.clk_en_m2 | stbio1_top.dig_wrapper_LV.u_pm u.all_test_mode | stbio1_top.dig_wrapper_LV.u_pm u.clk_en_m2_reg | ~stbio1_top.dig_wrapper_LV.u_p ad_mux.scan_enable.",DDS_STBIO1.pdf,stage1-approved,,,Digital,new,,approved primary Stage 1 source corpus,merge,approved,
primary:DDS_STBIO1_2025,DDS_STBIO1_2025,"The stbio1_top.dig_wrapper_LV.u_pmu.clk_stredl signal shall be connected to the stbio1_top.dig_wrapper_LV.u_ispu.clk signal, with frequency 16 MHz and without clock gating.",DDS_STBIO1.pdf,stage1-approved,,,Digital,new,,approved primary Stage 1 source corpus,merge,approved,
primary:DDS_STBIO1_2026,DDS_STBIO1_2026,"The stbio1_top.dig_wrapper_LV.u_pmu.clk_xbar signal shall be connected to the stbio1_top.dig_wrapper_LV.u_regmap_otp.hclk signal, with frequency 16 MHz and with clock gating stbio1_top.dig_wrapper_LV.u_pm u.clk_en_m3 | stbio1_top.dig_wrapper_LV.u_pm u.all_test_mode | stbio1_top.dig_wrapper_LV.u_pm u.clk_en_m3_reg | stbio1_top.dig_wrapper_LV.u_pm u.clk_en_s3 | ~stbio1_top.dig_wrapper_LV.u_p ad_mux.scan_enable.",DDS_STBIO1.pdf,stage1-approved,,,Digital,new,,approved primary Stage 1 source corpus,merge,approved,
primary:DDS_STBIO1_1025,DDS_STBIO1_1025,"The u_stbio1_top.u_pmu.u_device_startup.tst_clk_32k signal shall be connected to the stbio1_top.dig_wrapper_LV.tst_clk_32k signal, with frequency 32 kHz and without clock gating.",DDS_STBIO1.pdf,stage1-approved,,,Digital,new,,approved primary Stage 1 source corpus,merge,approved,
primary:DDS_STBIO1_1026,DDS_STBIO1_1026,"The stbio1_top.dig_wrapper_LV.u_pmu.tst_clk_16m signal shall be connected to the stbio1_top.dig_wrapper_LV.u_main_controller_top.i_clk_16MHz signal, with frequency 16 MHz and with clock gating stbio1_top.dig_wrapper_LV.u_pm u.i_en_clk_16MHz_sleep | stbio1_top.dig_wrapper_LV.u_pm u.scan_mode | ~stbio1_top.dig_wrapper_LV.u_p ad_mux.scan_enable.",DDS_STBIO1.pdf,stage1-approved,,,Digital,new,,approved primary Stage 1 source corpus,merge,approved,
primary:DDS_STBIO1_1050,DDS_STBIO1_1050,The u_stbio1_top.dig_wrapper_LV.u_p signal shall be connected to the mu.resetn_stmcu_stbio1_top.dig_wrapper_LV.u_ADSP.HRESETn signal.,DDS_STBIO1.pdf,stage1-approved,,,Digital,new,,approved primary Stage 1 source corpus,merge,approved,
primary:DDS_STBIO1_1051,DDS_STBIO1_1051,The u_stbio1_top.dig_wrapper_LV.u_p signal shall be connected to the mu.resetn_masterblazeu_stbio1_top.dig_wrapper_LV.u_masterblaze_ahb.HRESETn signal.,DDS_STBIO1.pdf,stage1-approved,,,Digital,new,,approved primary Stage 1 source corpus,merge,approved,
primary:DDS_STBIO1_1052,DDS_STBIO1_1052,The u_stbio1_top.dig_wrapper_LV.u_p signal shall be connected to the mu.resetn_regmapu_stbio1_top.dig_wrapper_LV.u_regmap_otp.hresetn signal.,DDS_STBIO1.pdf,stage1-approved,,,Digital,new,,approved primary Stage 1 source corpus,merge,approved,
primary:DDS_STBIO1_2052,DDS_STBIO1_2052,The stbio1_top.dig_wrapper_LV.u_pmu. signal shall be connected to the u_device_startup.u_por_main_resetn.RST_N_FF[0]u_stbio1_top.dig_wrapper_LV.u_xbar_afe.hresetn signal.,DDS_STBIO1.pdf,stage1-approved,,,Digital,new,,approved primary Stage 1 source corpus,merge,approved,
primary:DDS_STBIO1_2053,DDS_STBIO1_2053,The u_stbio1_top.dig_wrapper_LV.u_p signal shall be connected to the mu.resetn_regmapu_stbio1_top.dig_wrapper_LV.u_ispu.main_rst_n signal.,DDS_STBIO1.pdf,stage1-approved,,,Digital,new,,approved primary Stage 1 source corpus,merge,approved,
primary:DDS_STBIO1_1053,DDS_STBIO1_1053,The u_stbio1_top.dig_wrapper_LV.u_p signal shall be connected to the mu.resetn_fifou_stbio1_top.dig_wrapper_LV.u_multi_channel_fifo_top.HRESETn signal.,DDS_STBIO1.pdf,stage1-approved,,,Digital,new,,approved primary Stage 1 source corpus,merge,approved,
primary:DDS_STBIO1_1054,DDS_STBIO1_1054,The u_stbio1_top.dig_wrapper_LV.u_p signal shall be connected to the mu.resetn_main_ctrlu_stbio1_top.dig_wrapper_LV.u_main_controller_top.i_rstn signal.,DDS_STBIO1.pdf,stage1-approved,,,Digital,new,,approved primary Stage 1 source corpus,merge,approved,
primary:DDS_STBIO1_2054,DDS_STBIO1_2054,The u_stbio1_top.dig_wrapper_LV.u_p signal shall be connected to the mu.resetn_32k_main_ctrlu_stbio1_top.dig_wrapper_LV.u_main_controller_top.i_rstn_sync_32 signal.,DDS_STBIO1.pdf,stage1-approved,,,Digital,new,,approved primary Stage 1 source corpus,merge,approved,
primary:DDS_STBIO1_302,DDS_STBIO1_302,[DDS_STBIO1_302] Requirement If MODE_CONFIG register is 0x00 the operative mode shall be functional.,DDS_STBIO1.pdf,stage1-approved,PAD MUX,PAD MUX,System,new,,approved primary Stage 1 source corpus,merge,approved,
primary:DDS_STBIO1_303,DDS_STBIO1_303,[DDS_STBIO1_303] Requirement If MODE_CONFIG register is 0x01 the operative mode shall be SCAN.,DDS_STBIO1.pdf,stage1-approved,PAD MUX,PAD MUX,System,new,,approved primary Stage 1 source corpus,merge,approved,
primary:DDS_STBIO1_304,DDS_STBIO1_304,[DDS_STBIO1_304] Requirement If MODE_CONFIG register is 0x04 the operative mode shall be BIST.,DDS_STBIO1.pdf,stage1-approved,PAD MUX,PAD MUX,System,new,,approved primary Stage 1 source corpus,merge,approved,
primary:DDS_STBIO1_305,DDS_STBIO1_305,[DDS_STBIO1_305] Requirement If MODE_CONFIG register is 0x08 the operative mode shall be DEBUG.,DDS_STBIO1.pdf,stage1-approved,PAD MUX,PAD MUX,System,new,,approved primary Stage 1 source corpus,merge,approved,
primary:DDS_STBIO1_306,DDS_STBIO1_306,[DDS_STBIO1_306] Requirement If MODE_CONFIG register is 0x10 the operative mode shall be ISPU_DEBUG.,DDS_STBIO1.pdf,stage1-approved,PAD MUX,PAD MUX,System,new,,approved primary Stage 1 source corpus,merge,approved,
primary:DDS_STBIO1_307,DDS_STBIO1_307,[DDS_STBIO1_307] Requirement If MODE_CONFIG register is 0x20 the operative mode shall be Bist MEMSAFE mode.,DDS_STBIO1.pdf,stage1-approved,PAD MUX,PAD MUX,System,new,,approved primary Stage 1 source corpus,merge,approved,
primary:DDS_STBIO1_308,DDS_STBIO1_308,[DDS_STBIO1_308] Requirement If MODE_CONFIG register is 0x40 the operative mode shall be Bist Bypass mode.,DDS_STBIO1.pdf,stage1-approved,PAD MUX,PAD MUX,System,new,,approved primary Stage 1 source corpus,merge,approved,
primary:DDS_STBIO1_314,DDS_STBIO1_314,"In function mode, the GPIO1,2,3,4_out shall be General-Purpose if sel irq gpi1,2,3,4 is 0x00 and ext_cap_en is “0” [Vpriority High]",DDS_STBIO1.pdf,stage1-approved,PAD MUX,PAD MUX,System,new,,approved primary Stage 1 source corpus,merge,approved,
primary:DDS_STBIO1_309,DDS_STBIO1_309,"In function mode, the GPIO1,2,3,4_out shall be irq_fifo if sel irq gpio1,2,3,4 is 0x01 and ext_cap_en is “0” [Vpriority High]",DDS_STBIO1.pdf,stage1-approved,PAD MUX,PAD MUX,Digital,new,,approved primary Stage 1 source corpus,merge,approved,
primary:DDS_STBIO1_310,DDS_STBIO1_310,"In function mode, the GPIO1,2,3,4_out shall be i_LED_Pilot if sel irq gpi1,2,3,4 is 0x02 and ext_cap_en is “0” [Vpriority High]",DDS_STBIO1.pdf,stage1-approved,PAD MUX,PAD MUX,System,new,,approved primary Stage 1 source corpus,merge,approved,
primary:DDS_STBIO1_311,DDS_STBIO1_311,"In function mode, the GPIO1,2,3,4_out shall be i_DCCK_irq if sel irq gpi1,2,3,4 is 0x03 and ext_cap_en is “0” [Vpriority High]",DDS_STBIO1.pdf,stage1-approved,PAD MUX,PAD MUX,System,new,,approved primary Stage 1 source corpus,merge,approved,
primary:DDS_STBIO1_312,DDS_STBIO1_312,"In function mode, the GPIO1,2,3,4 output shall be i_error_time_slot if sel irq gpi1,2,3,4 is 0x04 and ext_cap_en is “0” [Vpriority High]",DDS_STBIO1.pdf,stage1-approved,PAD MUX,PAD MUX,System,new,,approved primary Stage 1 source corpus,merge,approved,
primary:DDS_STBIO1_313,DDS_STBIO1_313,"In function mode, the GPIO1,2,3,4 output shall be i_time_slot_irq if sel irq gpi1,2,3,4 is 0x05 and ext_cap_en is “0” [Vpriority High]",DDS_STBIO1.pdf,stage1-approved,PAD MUX,PAD MUX,System,new,,approved primary Stage 1 source corpus,merge,approved,
primary:DDS_STBIO1_392,DDS_STBIO1_392,"If O_DCCK_P_i changes its value from '0' to '1' and DCCK_IRQ_MASK is set to '1', then irq_DCCK_IRQ_ST, output of u_regmap_otp, shall be set to '1'",DDS_STBIO1.pdf,stage1-approved,PAD MUX,PAD MUX,Digital,new,,approved primary Stage 1 source corpus,merge,approved,
primary:DDS_STBIO1_393,DDS_STBIO1_393,"If O_DCCK_N_i changes its value from '0' to '1' and DCCK_IRQ_MASK is set to '1', then irq_DCCK_IRQ_ST, output of u_regmap_otp, shall be set to '1'",DDS_STBIO1.pdf,stage1-approved,PAD MUX,PAD MUX,Digital,new,,approved primary Stage 1 source corpus,merge,approved,
primary:DDS_STBIO1_394,DDS_STBIO1_394,"If O_DCCK_P_i changes its value from '1' to '0' and DCCK_IRQ_MASK is set to '1', then irq_DCCK_IRQ_ST, output of u_regmap_otp, shall be set to '1'",DDS_STBIO1.pdf,stage1-approved,PAD MUX,PAD MUX,Digital,new,,approved primary Stage 1 source corpus,merge,approved,
primary:DDS_STBIO1_0014,DDS_STBIO1_0014,The BOOT routine shall starts when the OTP_BOOT bit rises and shall completes when quokka_boot_end rises. [Vpriority High],DDS_STBIO1.pdf,stage1-approved,ADSP,ADSP,Digital,new,,approved primary Stage 1 source corpus,merge,approved,
primary:DDS_STBIO1_0015,DDS_STBIO1_0015,"During OTP boot operation, the ADSP shall copy the content of the OTP memory into the OTP registers, following the procedure to access OTP memory [Vpriority High]",DDS_STBIO1.pdf,stage1-approved,ADSP,ADSP,Digital,new,,approved primary Stage 1 source corpus,merge,approved,
primary:DDS_STBIO1_0016,DDS_STBIO1_0016,"During BOOT routine, ADSP shall first read the last location of the OTP memory, at address 0x7F. If the content is 0xFF, called “lifecycle” byte, then the READ operation proceeds from address 0 to address 0x2F; otherwise, ADSP shall not perform any further reads.",DDS_STBIO1.pdf,stage1-approved,ADSP,ADSP,Digital,new,,approved primary Stage 1 source corpus,merge,approved,
primary:DDS_STBIO1_0017,DDS_STBIO1_0017,"To perform a BOOT routine, OTP_BOOT bit shall be written when quokka_run is low. [Vpriority High]",DDS_STBIO1.pdf,stage1-approved,ADSP,ADSP,Digital,new,,approved primary Stage 1 source corpus,merge,approved,
primary:DDS_STBIO1_0018,DDS_STBIO1_0018,The WRITE routine shall start when OTP Write Bit rises and completes when quokka_run falls. [Vpriority High],DDS_STBIO1.pdf,stage1-approved,ADSP,ADSP,Digital,new,,approved primary Stage 1 source corpus,merge,approved,
primary:DDS_STBIO1_0019,DDS_STBIO1_0019,"During WRITE routine ADSP shall copy the content of the OTP regmap into the OTP memory, following the procedure to burn the fuses as expressed in the OTP datasheet [Vpriority High]",DDS_STBIO1.pdf,stage1-approved,ADSP,ADSP,Digital,new,,approved primary Stage 1 source corpus,merge,approved,
primary:DDS_STBIO1_0020,DDS_STBIO1_0020,"During WRITE routine, ADSP shall allow copying all OTP Registers into the OTP Memory only if the location 0x24 of OTP Memory (OTP[24] in the following diagram) is not set to 0xFF.",DDS_STBIO1.pdf,stage1-approved,ADSP,ADSP,Digital,new,,approved primary Stage 1 source corpus,merge,approved,
primary:DDS_STBIO1_0021,DDS_STBIO1_0021,"During the WRITE routine and after copying all OTP Registers into the OTP Memory, ADSP shall compare each value inside the OTP memory with the corresponding value in OTP Registers to check if the WRITE routine has been succesfull. In that case ADSP shall write 0xFF into the last location of the OTP memory.",DDS_STBIO1.pdf,stage1-approved,ADSP,ADSP,Digital,new,,approved primary Stage 1 source corpus,merge,approved,
primary:DDS_STBIO1_0022,DDS_STBIO1_0022,"OTP_WRITE, OTP_BOOT and OTP_TEST bits shall be cleared by ADSP at the end of their respective operation [Vpriority High]",DDS_STBIO1.pdf,stage1-approved,ADSP,ADSP,Digital,new,,approved primary Stage 1 source corpus,merge,approved,
primary:DDS_STBIO1_0023,DDS_STBIO1_0023,"A new operation shall start only when quokka_run is low, and one between OTP_TEST bit, OTP_WRITE bit or OTP_BOOT bit is written to 1 [Vpriority High]",DDS_STBIO1.pdf,stage1-approved,ADSP,ADSP,Digital,new,,approved primary Stage 1 source corpus,merge,approved,
primary:DDS_STBIO1_0028,DDS_STBIO1_0028,"[DDS_STBIO1_0028] Requirement: The TEST routines shall allow reading an 8-bit word on OTP of a specific address written in OTP_A register, and write this value in OTP_D_TEST register.",DDS_STBIO1.pdf,stage1-approved,ADSP,ADSP,Digital,new,,approved primary Stage 1 source corpus,merge,approved,
primary:DDS_STBIO1_0024,DDS_STBIO1_0024,OTP_IREF_WAKEUP shall be set to one by an external I2C/SPI to AHB write before initiating a new OTP_TEST or OTP_WRITE operation [Vpriority High],DDS_STBIO1.pdf,stage1-approved,ADSP,ADSP,Digital,new,,approved primary Stage 1 source corpus,merge,approved,
primary:DDS_STBIO1_0025,DDS_STBIO1_0025,OTP_IREF_WAKEUP shall be setted to zero by an external I2C/SPI to AHB write at the end of OTP_TEST or OTP_WRITE operation [Vpriority High],DDS_STBIO1.pdf,stage1-approved,ADSP,ADSP,Digital,new,,approved primary Stage 1 source corpus,merge,approved,
primary:DDS_STBIO1_0026,DDS_STBIO1_0026,"After startup phase, once started with an operation, the IP shall ignore any further start incoming transactions. [Vpriority High]",DDS_STBIO1.pdf,stage1-approved,ADSP,ADSP,System,new,,approved primary Stage 1 source corpus,merge,approved,
primary:DDS_STBIO1_0027,DDS_STBIO1_0027,The TEST routine shall start when OTP Test Bit rises and completes when quokka_run falls. [Vpriority High],DDS_STBIO1.pdf,stage1-approved,ADSP,ADSP,Digital,new,,approved primary Stage 1 source corpus,merge,approved,
primary:DDS_STBIO1_0034,DDS_STBIO1_0034,"During the Soft Reset routine, ADSP shall write the ADSP RAM with the value 0. Only the first 3.5Kbyte of ADSP RAM shall be cleared, from address 0x000 to address 0xDFF [Vpriority High]",DDS_STBIO1.pdf,stage1-approved,ADSP,ADSP,System,new,,approved primary Stage 1 source corpus,merge,approved,
primary:DDS_STBIO1_0036,DDS_STBIO1_0036,"[DDS_STBIO1_0036] Requirement: If bit OTP_PRG10[31] in OTP Registers, called write_protection_en, is set to 1, and STBIO1 is not in debug_mode, register map shall refuse any incoming write request if the transaction address is within the OTP Registers space (from 0xCD000 to 0xCD02F).",DDS_STBIO1.pdf,stage1-approved,,,Digital,new,,approved primary Stage 1 source corpus,merge,approved,
primary:DDS_STBIO1_0032,DDS_STBIO1_0032,"After each Boot routine performed by the ADSP, a value of 0x04 shall be written once to address 0x0CA00C to ensure correct operation of the AHB transactions. [Vpriority High]",DDS_STBIO1.pdf,stage1-approved,ADSP,ADSP,System,new,,approved primary Stage 1 source corpus,merge,approved,
primary:DDS_STBIO1_0033,DDS_STBIO1_0033,The Soft Reset routine shall start when SOFT_RESET Bit (in CONTROL_A register) rises and completes when quokka_run falls. [Vpriority High],DDS_STBIO1.pdf,stage1-approved,ADSP,ADSP,Digital,new,,approved primary Stage 1 source corpus,merge,approved,
primary:DDS_STBIO1_0035,DDS_STBIO1_0035,"If during the start of a new operation, more than one bit is written into CONTROL_A reg in the same write operation, ADSP shall execute only the routine at higher priority and discard the others. Priority is listed below, with first routine at higher priority: 1. SOFT RESET routine 2. OTP WRITE routine 3. OTP TEST routine 4. OTP BOOT routine [Vpriority High]",DDS_STBIO1.pdf,stage1-approved,ADSP,ADSP,Digital,new,,approved primary Stage 1 source corpus,merge,approved,
primary:DDS_STBIO1_8100,DDS_STBIO1_8100,CONNECTION fifo_dpt 8 FIFO depth. Suggested val 8,DDS_STBIO1.pdf,stage1-approved,,,Digital,new,,approved primary Stage 1 source corpus,merge,approved,
primary:DDS_STBIO1_8101,DDS_STBIO1_8101,rd_to_max_val 6000 Time available between double byte write to communicate the number of bytes to be read and the following read. If timer expires the operation is aborted and proper flag is activated. Suggested val. 1200,DDS_STBIO1.pdf,stage1-approved,,,System,new,,approved primary Stage 1 source corpus,merge,approved,
primary:DDS_STBIO1_8102,DDS_STBIO1_8102,i2c_hs_mode 1'b0 To activate HS I2C,DDS_STBIO1.pdf,stage1-approved,,,Digital,new,,approved primary Stage 1 source corpus,merge,approved,
primary:DDS_STBIO1_8103,DDS_STBIO1_8103,i2c_master_code 8'h00 Master code for HS I2C,DDS_STBIO1.pdf,stage1-approved,,,Digital,new,,approved primary Stage 1 source corpus,merge,approved,
primary:DDS_STBIO1_8104,DDS_STBIO1_8104,"ser_mode ""i2c_spi"" To choose if the interface is SPI only, I2C only or both. Suggested : i2c_spi",DDS_STBIO1.pdf,stage1-approved,,,Digital,new,,approved primary Stage 1 source corpus,merge,approved,
primary:DDS_STBIO1_8105,DDS_STBIO1_8105,ip_version 8'haa IP version,DDS_STBIO1.pdf,stage1-approved,,,System,new,,approved primary Stage 1 source corpus,merge,approved,
primary:DDS_STBIO1_8106,DDS_STBIO1_8106,i2c_dev_id 7'h5f I2C device address,DDS_STBIO1.pdf,stage1-approved,,,Digital,new,,approved primary Stage 1 source corpus,merge,approved,
primary:DDS_STBIO1_8000,DDS_STBIO1_8000,"[DDS_STBIO1_8000] Requirement: I2C interface shall support all the specified modalities (Standard, FM, FM+) and, if configured, HS is also supported.",DDS_STBIO1.pdf,stage1-approved,I2C_SPI_AHB,I2C_SPI_AHB,Digital,new,,approved primary Stage 1 source corpus,merge,approved,
primary:DDS_STBIO1_8001,DDS_STBIO1_8001,Clock frequency ratio between system (AHB) and I2C/SPI interfaces domains shall be at least 2 times. [TO: IPOS_I2C_SPI_AHB_0006] [Vpriority High],DDS_STBIO1.pdf,stage1-approved,I2C_SPI_AHB,I2C_SPI_AHB,Digital,new,,approved primary Stage 1 source corpus,merge,approved,
primary:DDS_STBIO1_8003,DDS_STBIO1_8003,"An I2C/SPI write access to the address 0x60-0x67 shall be translated in an AHB write access to the configured AHB address (contained in registers SAM_ADDR_BYTE0/1/2/3, address 0x50/0x51/0x52/0x53). [TO: IPOS_I2C_SPI_AHB_0009] [Vpriority High]",DDS_STBIO1.pdf,stage1-approved,I2C_SPI_AHB,I2C_SPI_AHB,Digital,new,,approved primary Stage 1 source corpus,merge,approved,
primary:DDS_STBIO1_8004,DDS_STBIO1_8004,A double byte write access to the address 0x68-0x6f (with data that is the number of bytes that the master wants to read) shall start the data preload from AHB in order to have the internal fifo not empty when the read request will be done by the master. [TO: IPOS_I2C_SPI_AHB_0010] [Vpriority High],DDS_STBIO1.pdf,stage1-approved,I2C_SPI_AHB,I2C_SPI_AHB,Digital,new,,approved primary Stage 1 source corpus,merge,approved,
primary:DDS_STBIO1_8005,DDS_STBIO1_8005,"An I2C/SPI read access to the address 0x70-0x7f shall be translated in an AHB read access to the configured AHB address (contained in registers SAM_ADDR_BYTE0/1/2/3, address 0x50/0x51/0x52/0x53). [TO: IPOS_I2C_SPI_AHB_0011] [Vpriority High]",DDS_STBIO1.pdf,stage1-approved,I2C_SPI_AHB,I2C_SPI_AHB,Digital,new,,approved primary Stage 1 source corpus,merge,approved,
primary:DDS_STBIO1_8002,DDS_STBIO1_8002,The IP has a serial interface (I2C or SPI) and a parallel bus interface AHB. [TO: IPOS_I2C_SPI_AHB_0007],DDS_STBIO1.pdf,stage1-approved,I2C_SPI_AHB,I2C_SPI_AHB,Digital,new,,approved primary Stage 1 source corpus,merge,approved,
primary:DDS_STBIO1_8006,DDS_STBIO1_8006,"On AHB interface, data size shall be limited to BYTE and WORD. [TO: IPOS_I2C_SPI_AHB_0361]",DDS_STBIO1.pdf,stage1-approved,I2C_SPI_AHB,I2C_SPI_AHB,Digital,new,,approved primary Stage 1 source corpus,merge,approved,
primary:DDS_STBIO1_8007,DDS_STBIO1_8007,"On AHB interface, BURST shall not be supported as well as LOCKED transfers. [TO: IPOS_I2C_SPI_AHB_0362]",DDS_STBIO1.pdf,stage1-approved,I2C_SPI_AHB,I2C_SPI_AHB,Digital,new,,approved primary Stage 1 source corpus,merge,approved,
primary:DDS_STBIO1_9317,DDS_STBIO1_9317,"If the sensor hub IP is not enabled, the SCL and SDA pad shall not toggle. [Vpriority High] [TO: IPOS_Senshub_MB_i2c]",DDS_STBIO1.pdf,stage1-approved,Sensor-Hub,Sensor-Hub,Digital,new,,approved primary Stage 1 source corpus,merge,approved,
primary:DDS_STBIO1_9013,DDS_STBIO1_9013,Output scl_master_out of sensor hub shall be connected to enable of output buffer of sensor hub's SCL PAD in case it is a bi-directional PAD). [Vpriority High] [TO: IPOS_Senshub_MB_i2c],DDS_STBIO1.pdf,stage1-approved,Sensor-Hub,Sensor-Hub,Digital,new,,approved primary Stage 1 source corpus,merge,approved,
primary:DDS_STBIO1_9014,DDS_STBIO1_9014,Output sda_master_out of sensor hub shall be connected to enable of output buffer of sensor hub's SDA PAD. [Vpriority High] [TO: IPOS_Senshub_MB_i2c],DDS_STBIO1.pdf,stage1-approved,Sensor-Hub,Sensor-Hub,Digital,new,,approved primary Stage 1 source corpus,merge,approved,
primary:DDS_STBIO1_9011,DDS_STBIO1_9011,Input scl_master_in of sensor hub shall be connected to input buffer from sensor hub's SCL PAD. [Vpriority High] [TO: IPOS_Senshub_MB_i2c],DDS_STBIO1.pdf,stage1-approved,Sensor-Hub,Sensor-Hub,Digital,new,,approved primary Stage 1 source corpus,merge,approved,
primary:DDS_STBIO1_9012,DDS_STBIO1_9012,Input sda_master_in of sensor hub shall be connected to input buffer from sensor hub's SDA PAD. [Vpriority High] [TO: IPOS_Senshub_MB_i2c],DDS_STBIO1.pdf,stage1-approved,Sensor-Hub,Sensor-Hub,Digital,new,,approved primary Stage 1 source corpus,merge,approved,
primary:DDS_STBIO1_9017,DDS_STBIO1_9017,The output port sleep_master shall be set to 1 when an I2C operation is not on-going. [Vpriority High] [TO: IPOS_Senshub_MB_i2c],DDS_STBIO1.pdf,stage1-approved,Sensor-Hub,Sensor-Hub,Digital,new,,approved primary Stage 1 source corpus,merge,approved,
primary:DDS_STBIO1_9004,DDS_STBIO1_9004,Input sys_clk of sensor hub shall be connected to 8MHz clock to generate I2C communications compliant with FM+ I2C standard. [TO: IPOS_Senshub_MB_i2c],DDS_STBIO1.pdf,stage1-approved,Sensor-Hub,Sensor-Hub,Digital,new,,approved primary Stage 1 source corpus,merge,approved,
primary:DDS_STBIO1_9018,DDS_STBIO1_9018,"[DDS_STBIO1_9018] Requirement The trigger of sensor hub shall be possible in both ways, HW via dvalid_masterblaze_ext signal or SW using DVALID_REGISTER.",DDS_STBIO1.pdf,stage1-approved,Sensor-Hub,Sensor-Hub,Digital,new,,approved primary Stage 1 source corpus,merge,approved,
primary:DDS_STBIO1_9024,DDS_STBIO1_9024,[DDS_STBIO1_9024] Requirement Only I2C target addressed through SLAVE0_DEV_ADD register shall be the destination of an I2C Write Operation.,DDS_STBIO1.pdf,stage1-approved,Sensor-Hub,Sensor-Hub,Digital,new,,approved primary Stage 1 source corpus,merge,approved,
primary:DDS_STBIO1_9027,DDS_STBIO1_9027,"[DDS_STBIO1_9027] Requirement The bit 0 of SLAVE1_DEV_ADD, SLAVE2_DEV_ADD, SLAVE3_DEV_ADD registers shall be ignored: ONLY read operations towards I2C target 1, 2 and 3 shall be performed.",DDS_STBIO1.pdf,stage1-approved,Sensor-Hub,Sensor-Hub,Digital,new,,approved primary Stage 1 source corpus,merge,approved,
primary:DDS_STBIO1_9030,DDS_STBIO1_9030,[DDS_STBIO1_9030] Requirement SLAVEx_NUMOP bit-fields of SLAVEx_CONFIG registers shall define how many bytes per slave are read as per effect of an I2C operation (x from 1 to 12).,DDS_STBIO1.pdf,stage1-approved,Sensor-Hub,Sensor-Hub,Digital,new,,approved primary Stage 1 source corpus,merge,approved,
primary:DDS_STBIO1_9032,DDS_STBIO1_9032,[DDS_STBIO1_9032] Requirement SLAVE0_NUMOP bitfield shall be ignored if an I2C Write operation is issued to the I2C Slave 0.,DDS_STBIO1.pdf,stage1-approved,Sensor-Hub,Sensor-Hub,Digital,new,,approved primary Stage 1 source corpus,merge,approved,
primary:DDS_STBIO1_9029,DDS_STBIO1_9029,"AUX_SENS_ON possible values shall be 0,1,2,3. All the values shall be tested since MasterBlaze supports up-to 4 I2C targets connected to I2C network. [TO: IPOS_Senshub_MB_i2c]",DDS_STBIO1.pdf,stage1-approved,Sensor-Hub,Sensor-Hub,Digital,new,,approved primary Stage 1 source corpus,merge,approved,
primary:DDS_STBIO1_9031,DDS_STBIO1_9031,All the values from 1 to 12 shall be valid for SLAVEx_NUMOP bit-fields of SLAVEx_CONFIG registers. [TO: IPOS_Senshub_MB_i2c],DDS_STBIO1.pdf,stage1-approved,Sensor-Hub,Sensor-Hub,Digital,new,,approved primary Stage 1 source corpus,merge,approved,
primary:DDS_STBIO1_9033,DDS_STBIO1_9033,All the SENSOR_HUB_x registers shall be reset every time a new I2C operation starts. [TO: IPOS_Senshub_MB_i2c],DDS_STBIO1.pdf,stage1-approved,Sensor-Hub,Sensor-Hub,Digital,new,,approved primary Stage 1 source corpus,merge,approved,
primary:DDS_STBIO1_9035,DDS_STBIO1_9035,"When Quokka MasterBlaze µP runs (sleep_master signal = 0), any dvalid triggered (HW or SW) shall be ignored. [TO: IPOS_Senshub_MB_i2c]",DDS_STBIO1.pdf,stage1-approved,Sensor-Hub,Sensor-Hub,Digital,new,,approved primary Stage 1 source corpus,merge,approved,
primary:DDS_STBIO1_9300,DDS_STBIO1_9300,[DDS_STBIO1_9300] Requirement The AHB Write to registers has no effect if the IP masterblaze processor is busy (I2C operation on-going); the registers value shall not be updated.,DDS_STBIO1.pdf,stage1-approved,Sensor-Hub,Sensor-Hub,Digital,new,,approved primary Stage 1 source corpus,merge,approved,
primary:DDS_STBIO1_9500,DDS_STBIO1_9500,"[DDS_STBIO1_9500] Requirement In case also other sources that writes into FIFO are active, then sensor hub shall work always in multi-fifo mode fifo_mode input of sensor hub set to '1' .",DDS_STBIO1.pdf,stage1-approved,Sensor-Hub,Sensor-Hub,Digital,new,,approved primary Stage 1 source corpus,merge,approved,
primary:DDS_STBIO1_9034,DDS_STBIO1_9034,The NACK_REGISTER register is reset every time a new I2C operation starts. [TO: IPOS_Senshub_MB_i2c],DDS_STBIO1.pdf,stage1-approved,Sensor-Hub,Sensor-Hub,Digital,new,,approved primary Stage 1 source corpus,merge,approved,
primary:DDS_STBIO1_9260,DDS_STBIO1_9260,Each data stored in FIFO shall be composed by 4 words (16bytes). [TO: IPOS_Senshub_MB_i2c],DDS_STBIO1.pdf,stage1-approved,Sensor-Hub,Sensor-Hub,Digital,new,,approved primary Stage 1 source corpus,merge,approved,
primary:DDS_STBIO1_9261,DDS_STBIO1_9261,3 words (12bytes) of the data stored in FIFO shall contain the data from each I2C slave. [TO: IPOS_Senshub_MB_i2c],DDS_STBIO1.pdf,stage1-approved,Sensor-Hub,Sensor-Hub,Digital,new,,approved primary Stage 1 source corpus,merge,approved,
primary:DDS_STBIO1_9262,DDS_STBIO1_9262,24-bits of the data stored in FIFO shall be reserved at '0'. [TO: IPOS_Senshub_MB_i2c],DDS_STBIO1.pdf,stage1-approved,Sensor-Hub,Sensor-Hub,Digital,new,,approved primary Stage 1 source corpus,merge,approved,
primary:DDS_STBIO1_9263,DDS_STBIO1_9263,The last 8-bits of the data stored in FIFO shall contain the TAG field. [TO: IPOS_Senshub_MB_i2c],DDS_STBIO1.pdf,stage1-approved,Sensor-Hub,Sensor-Hub,Digital,new,,approved primary Stage 1 source corpus,merge,approved,
primary:DDS_STBIO1_00000102,DDS_STBIO1_00000102,The parameter MEM_LOC shall define the first Memory Location of the FIFO RAM: 0xC4000. [TO: IPOS_FIFO_CTRL_00000102],DDS_STBIO1.pdf,stage1-approved,Smart FIFO,Smart FIFO,Digital,new,,approved primary Stage 1 source corpus,merge,approved,
primary:DDS_STBIO1_00000202,DDS_STBIO1_00000202,The FIFO register map first memory location shall be defined as MEM_LOC + 0x1000: 0xC5000. [TO: IPOS_FIFO_CTRL_00000202],DDS_STBIO1.pdf,stage1-approved,Smart FIFO,Smart FIFO,Digital,new,,approved primary Stage 1 source corpus,merge,approved,
primary:DDS_STBIO1_89456557,DDS_STBIO1_89456557,The FIFO Controller shall be able to address 1.5 kbyte divided into 32-bit address. [TO: IPOS_FIFO_CTRL_89456557],DDS_STBIO1.pdf,stage1-approved,Smart FIFO,Smart FIFO,Digital,new,,approved primary Stage 1 source corpus,merge,approved,
primary:DDS_STBIO1_89459082,DDS_STBIO1_89459082,The FIFO Controller shall work at 16 MHz clock frequency. [TO: IPOS_FIFO_CTRL_89459082],DDS_STBIO1.pdf,stage1-approved,Smart FIFO,Smart FIFO,Digital,new,,approved primary Stage 1 source corpus,merge,approved,
primary:DDS_STBIO1_89455261,DDS_STBIO1_89455261,The FIFO Controller shall have an AHB Slave Interface connected to the AHB BUS and a Memory Master Interface connected to the Physical Memory. [TO: IPOS_FIFO_CTRL_89455261],DDS_STBIO1.pdf,stage1-approved,Smart FIFO,Smart FIFO,Digital,new,,approved primary Stage 1 source corpus,merge,approved,
primary:DDS_STBIO1_89455449,DDS_STBIO1_89455449,The FIFO Controller shall have two working modes: Multiple FIFO and Unique FIFO. These two modes are mutually exclusive. [TO: IPOS_FIFO_CTRL_89455449],DDS_STBIO1.pdf,stage1-approved,Smart FIFO,Smart FIFO,Digital,new,,approved primary Stage 1 source corpus,merge,approved,
primary:DDS_STBIO1_89455232,DDS_STBIO1_89455232,"As default, the FIFO shall work in Unique FIFO Mode. [TO: IPOS_FIFO_CTRL_89455232]",DDS_STBIO1.pdf,stage1-approved,Smart FIFO,Smart FIFO,Digital,new,,approved primary Stage 1 source corpus,merge,approved,
primary:DDS_STBIO1_89456975,DDS_STBIO1_89456975,The user shall select the Multiple FIFO mode setting to 1 the first bit into the FIFO_CFG_MODE and 0 for the Unique FIFO mode. [TO: IPOS_FIFO_CTRL_89456975],DDS_STBIO1.pdf,stage1-approved,Smart FIFO,Smart FIFO,Digital,new,,approved primary Stage 1 source corpus,merge,approved,
primary:DDS_STBIO1_89457435,DDS_STBIO1_89457435,The FIFO Controller shall have a 6 i_depth input of 8 bit to be used in Multiple FIFO Mode to define the depth of each subFIFOs. [TO: IPOS_FIFO_CTRL_89457435],DDS_STBIO1.pdf,stage1-approved,Smart FIFO,Smart FIFO,Digital,new,,approved primary Stage 1 source corpus,merge,approved,
primary:DDS_STBIO1_89457790,DDS_STBIO1_89457790,"The FIFO 6 memory locations to access each sub-FIFO in Multiple mode are obtained adding multiples of 256 to the memory base address. Example: FIFO Memory Base Address = 0xC4000, then: FIFO 0 memory location 0xC4000 FIFO 1 memory location 0xC4100 FIFO 2 memory location 0xC4200 FIFO 3 memory location 0xC4300 FIFO 4 memory location 0xC4400 FIFO 5 memory location 0xC4500 Table 29: SUB FIFO Memory Address [TO: IPOS_FIFO_CTRL_89457790]",DDS_STBIO1.pdf,stage1-approved,Smart FIFO,Smart FIFO,Digital,new,,approved primary Stage 1 source corpus,merge,approved,
primary:DDS_STBIO1_00000008,DDS_STBIO1_00000008,"If input signal HMASTER is set to 0 or 1, the FIFO Controller shall enter Memory mode. [TO: IPOS_FIFO_CTRL_00000008]",DDS_STBIO1.pdf,stage1-approved,Smart FIFO,Smart FIFO,Digital,new,,approved primary Stage 1 source corpus,merge,approved,
primary:DDS_STBIO1_00000199,DDS_STBIO1_00000199,"If input signal HMASTER is set to 0 or 1, the FIFO Controller shall enter Memory mode. [TO: IPOS_FIFO_CTRL_00000008]",DDS_STBIO1.pdf,stage1-approved,Smart FIFO,Smart FIFO,Digital,new,,approved primary Stage 1 source corpus,merge,approved,
primary:DDS_STBIO1_00001199,DDS_STBIO1_00001199,"When in Multiple Fifo, the 6 sub-FIFO offset shall coincide with the following table : FIFO OFFSET DATA TYPE ECG FIFO OFFSET ECG0_AC, ECG0_DC BIA FIFO OFFSET BIA_AC_P, BIA_DC_P, BIA_AC_Q, BIA_DC_Q, ECG1_AC, ECG2_DC GSR FIFO OFFSET GSR, ECG1_DC, ECG2_AC PPG FIFO OFFSET PPG Table 31 : FIFO Offset Data Table",DDS_STBIO1.pdf,stage1-approved,Smart FIFO,Smart FIFO,Digital,new,,approved primary Stage 1 source corpus,merge,approved,
primary:DDS_STBIO1_0501,DDS_STBIO1_0501,The irq_FIFO_U_M_IRQ_STsATUS interrupt shall be connected to FIFO status to bit 29.,DDS_STBIO1.pdf,stage1-approved,,,Digital,new,,approved primary Stage 1 source corpus,merge,approved,
primary:DDS_STBIO1_0502,DDS_STBIO1_0502,The irq_SENSHUB_STS interrupt shall be connected to SENSOR HUB status to bit 28.,DDS_STBIO1.pdf,stage1-approved,,,Digital,new,,approved primary Stage 1 source corpus,merge,approved,
primary:DDS_STBIO1_0503,DDS_STBIO1_0503,"The irq_ISPU_MC_INTR_STS interrupt shall be connected to ECG, BIA or PPG samples ready for elaboration to bit 27.",DDS_STBIO1.pdf,stage1-approved,,,Digital,new,,approved primary Stage 1 source corpus,merge,approved,
primary:DDS_STBIO1_0504,DDS_STBIO1_0504,The sw_interrupt interrupt shall be connected to sw interrupt used by ADSP or external user to bit 26:11 16.,DDS_STBIO1.pdf,stage1-approved,,,Digital,new,,approved primary Stage 1 source corpus,merge,approved,
primary:DDS_STBIO1_0505,DDS_STBIO1_0505,The irq_timer interrupt shall be connected to Internal timer to bit 1.,DDS_STBIO1.pdf,stage1-approved,,,Digital,new,,approved primary Stage 1 source corpus,merge,approved,
primary:DDS_STBIO1_0509,DDS_STBIO1_0509,"[DDS_STBIO1_0509] Requirement: To put the ISPU into sleep mode, it is necessary to perform a read at address 0x80054.",DDS_STBIO1.pdf,stage1-approved,,,System,new,,approved primary Stage 1 source corpus,merge,approved,
primary:DDS_STBIO1_05010,DDS_STBIO1_05010,"[DDS_STBIO1_05010] Requirement: To wake up the ISPU, it is necessary to trigger an interrupt.",DDS_STBIO1.pdf,stage1-approved,,,System,new,,approved primary Stage 1 source corpus,merge,approved,
primary:DDS_STBIO1_05011,DDS_STBIO1_05011,"[DDS_STBIO1_05011] Requirement: When the ISPU is in sleep mode, it is possible to perform reads and writes from the data and code memory by triggering an AHB transition.",DDS_STBIO1.pdf,stage1-approved,,,System,new,,approved primary Stage 1 source corpus,merge,approved,
primary:DDS_STBIO1_0508,DDS_STBIO1_0508,"To turn off the ISPU shall be: • Disable the power island by writing to regmap POWER CONFIGURATION REGISTER via AHB interface (ADDRESS=0xCA000, DATA=0x00)",DDS_STBIO1.pdf,stage1-approved,,,Digital,new,,approved primary Stage 1 source corpus,merge,approved,
primary:DDS_STBIO1_0507,DDS_STBIO1_0507,"After the initial boot phase, to turn on the ISPU shall be: • Select page 3 of the regmap (ADDRESS=0x04, DATA=0x03) • Enable LDO 1V8 by writing to regmap VIREF_LDO1V8_CLK16M register (ADDRESS=0x0F, DATA=0x02) • Enable clock by writing to regmap VIREF_LDO1V8_CLK16M register (ADDRESS=0x0F, DATA=0x12) • Enable user mode by writing to regmap (ADDRESS=0x5E, DATA=0x01) • Enable the power island by writing to regmap POWER CONFIGURATION REGISTER via AHB interface (ADDRESS=0xCA000, DATA=0x01)",DDS_STBIO1.pdf,stage1-approved,,,Digital,new,,approved primary Stage 1 source corpus,merge,approved,
primary:DDS_STBIO1_3000,DDS_STBIO1_3000,"132 **Update-IR** Run-Test/Idle Select-DR-Scan 13.4. STBIO1 Register Map 13.4.1. STBIO1 Register Map Here is described the list of registers in the register map. The AFE_BLOCK registers are accessible by I2C/SPI direct access and AHB interface, while the others are only by AHB. The I2C/SPI direct access mode is done by the HOST INTF port (I2C/SPI AHB) and the address of the AFE_BLOCK registers are arranged in 4 pages of 64 registers. BASE START ADDRESS ADDRESS BLOCK REGISTER WIDTH BASE END ADDRE VREF_TRIM SS RESET REQ_ID 0xC8000 AFE_BLOCK 8 0xC80EB tst_main_reset_n, regmap_sw_resetn",DDS_STBIO1.pdf,stage1-approved,Regmap,Regmap,Digital,new,,approved primary Stage 1 source corpus,merge,approved,
primary:DDS_STBIO1_3001,DDS_STBIO1_3001,"0xC80EC RESERVED 0xC8FFF tst_main_reset_n, regmap_sw_resetn",DDS_STBIO1.pdf,stage1-approved,Regmap,Regmap,System,new,,approved primary Stage 1 source corpus,merge,approved,
primary:DDS_STBIO1_3002,DDS_STBIO1_3002,0xC9000 OTP REGISTER 8 0xC902C tst_main_reset_n,DDS_STBIO1.pdf,stage1-approved,Regmap,Regmap,Digital,new,,approved primary Stage 1 source corpus,merge,approved,
primary:DDS_STBIO1_3003,DDS_STBIO1_3003,"0xC9030 RESERVED 0xC9FFF tst_main_reset_n, regmap_sw_resetn",DDS_STBIO1.pdf,stage1-approved,Regmap,Regmap,System,new,,approved primary Stage 1 source corpus,merge,approved,
primary:DDS_STBIO1_3004,DDS_STBIO1_3004,"0xCA000 SYSTEM_REGISTER 32 0xCA140 tst_main_reset_n, regmap_sw_resetn",DDS_STBIO1.pdf,stage1-approved,Regmap,Regmap,Digital,new,,approved primary Stage 1 source corpus,merge,approved,
primary:DDS_STBIO1_3005,DDS_STBIO1_3005,"0xCA144 RESERVED 0xCCFFF tst_main_reset_n, regmap_sw_resetn",DDS_STBIO1.pdf,stage1-approved,Regmap,Regmap,System,new,,approved primary Stage 1 source corpus,merge,approved,
primary:DDS_STBIO1_3006,DDS_STBIO1_3006,"0xCD000 OTP (TRIMM REGS) 32 0xCD02F tst_main_reset_n, regmap_sw_resetn",DDS_STBIO1.pdf,stage1-approved,Regmap,Regmap,Digital,new,,approved primary Stage 1 source corpus,merge,approved,
primary:DDS_STBIO1_1114,DDS_STBIO1_1114,"To perform a SOFT Reset procedure, the user shall perform the following steps: 1. If Mode Operation has been set to 1, shall be reset to 0 2. Set the Soft Reset Main Controller Bit (SW_RESETN_REG[0]) to 0 for at least 1 ms 3. Set the Soft Reset Main Controller Bit (SW_RESETN_REG[0]) to 1 4. Wait for the DEVICE_STATUS_REGISTER to reach the IDLE Value",DDS_STBIO1.pdf,stage1-approved,,,Digital,new,,approved primary Stage 1 source corpus,merge,approved,
primary:DDS_STBIO1_0114,DDS_STBIO1_0114,"At the release of the POR signal from the analog domain, the PMU shall manage the turn-on of the LDO1V8 and starts clocks Start-Up Sequence (reported in PMU IPOS) [TO: IPOS_PMU]",DDS_STBIO1.pdf,stage1-approved,,,Digital,new,,approved primary Stage 1 source corpus,merge,approved,
primary:DDS_STBIO1_0115,DDS_STBIO1_0115,"After At least 2 ms from the Release of the POR, the reset of the digital domain shall be de- asserted (an overlook on this part is described in the PMU IPOS) and the device shall start the Boot Phase [TO: IPOS_PMU]",DDS_STBIO1.pdf,stage1-approved,,,Digital,new,,approved primary Stage 1 source corpus,merge,approved,
primary:DDS_STBIO1_0116,DDS_STBIO1_0116,"To check the end of the BOOT phase, the user shall read the main_controller_status_register (DEVICE_STATUS_REG register [2:0]) and follow these steps: • Read the DEVICE_STATUS_REG [2:0] • Check if the Value is 1 (BOOT phase still in process) • If the value is 2, then the BOOT phase is ended and the device is in IDLE. [TO: IPOS_MAIN_CTRL]",DDS_STBIO1.pdf,stage1-approved,,,Digital,new,,approved primary Stage 1 source corpus,merge,approved,
primary:DDS_STBIO1_0117,DDS_STBIO1_0117,"During the Configuration Phase (IDLE STATE of the Device_FSM), the user shall be able to: • Configure Bio-Channel or Optical Channel, the ADC Calibration and then Start a measurement cycle. • Put the device in Debug-Mode. [TO: IPOS_MAIN_CTRL]",DDS_STBIO1.pdf,stage1-approved,,,Digital,new,,approved primary Stage 1 source corpus,merge,approved,
primary:DDS_STBIO1_0118,DDS_STBIO1_0118,• The user shall configure time slot duration in DEVICE_CONFIG_OPERATION register [4:2] [TO: IPOS_MAIN_CTRL],DDS_STBIO1.pdf,stage1-approved,,,Digital,new,,approved primary Stage 1 source corpus,merge,approved,
primary:DDS_STBIO1_0119,DDS_STBIO1_0119,"• The user shall select active channel, in this case only ECG0_SEL and DS_SEL (Data Storage Mode) in DEVICE_CONFIG_CHANNEL register writing 0x21. [TO: IPOS_MAIN_CTRL]",DDS_STBIO1.pdf,stage1-approved,,,Digital,new,,approved primary Stage 1 source corpus,merge,approved,
primary:DDS_STBIO1_0120,DDS_STBIO1_0120,"• The user shall select a division index for ECG, configuring M_ECG_l and M_ECG_h in SET_ECG_FREQ_l register and SET_ECG_FREQ_h register. [TO: IPOS_MAIN_CTRL]",DDS_STBIO1.pdf,stage1-approved,,,Digital,new,,approved primary Stage 1 source corpus,merge,approved,
primary:DDS_STBIO1_0121,DDS_STBIO1_0121,• The user shall set the number of clocks for sampling ECG data from ADC in ADC_CONFIG_ECG register. [TO: IPOS_MAIN_CTRL],DDS_STBIO1.pdf,stage1-approved,,,Digital,new,,approved primary Stage 1 source corpus,merge,approved,
primary:DDS_STBIO1_0122,DDS_STBIO1_0122,• The User shall set at 1 HC_EN in ECG_CTRL register. [TO: IPOS_MAIN_CTRL],DDS_STBIO1.pdf,stage1-approved,,,Digital,new,,approved primary Stage 1 source corpus,merge,approved,
primary:DDS_STBIO1_0123,DDS_STBIO1_0123,• The user shall start measurement writing register DEVICE_CONFIG_OPERATION [0] at 1. [TO: IPOS_MAIN_CTRL],DDS_STBIO1.pdf,stage1-approved,,,Digital,new,,approved primary Stage 1 source corpus,merge,approved,
primary:DDS_STBIO1_0124,DDS_STBIO1_0124,• To check data in unique FIFO (default config) the user shall check the first MSB which will have to be equal to the table in DATA TAG Table. [TO: IPOS_MAIN_CTRL],DDS_STBIO1.pdf,stage1-approved,,,Digital,new,,approved primary Stage 1 source corpus,merge,approved,
primary:DDS_STBIO1_0125,DDS_STBIO1_0125,[DDS_STBIO1_0125] Requirement: • The user shall configure the time slot duration in DEVICE_CONFIG_OPERATION register [4:2].,DDS_STBIO1.pdf,stage1-approved,,,Digital,new,,approved primary Stage 1 source corpus,merge,approved,
primary:DDS_STBIO1_0126,DDS_STBIO1_0126,"• The user shall select active channel, in this case ECG0_SEL, BIA_SEL and DS_SEL (Data Storage Mode) in DEVICE_CONFIG_CHANNEL writing 0x23. [TO: IPOS_MAIN_CTRL]",DDS_STBIO1.pdf,stage1-approved,,,Digital,new,,approved primary Stage 1 source corpus,merge,approved,
primary:DDS_STBIO1_0127,DDS_STBIO1_0127,"• The user shall select a division index for ECG, configuring M_ECG_l and M_ECG_h in SET_ECG_FREQ_l register and SET_ECG_FREQ_h register. [TO: IPOS_MAIN_CTRL]",DDS_STBIO1.pdf,stage1-approved,,,Digital,new,,approved primary Stage 1 source corpus,merge,approved,
primary:DDS_STBIO1_0128,DDS_STBIO1_0128,"• The user shall select a division index for ECG, configuring M_BIA_l and M_BIA_h in SET_BIA_FREQ_l register and SET_BIA_FREQ_h register. [TO: IPOS_MAIN_CTRL]",DDS_STBIO1.pdf,stage1-approved,,,Digital,new,,approved primary Stage 1 source corpus,merge,approved,
primary:DDS_STBIO1_0129,DDS_STBIO1_0129,• The user shall set number of clocks for sampling ECG and BIA data from ADC in ADC_CONFIG_ECG register. [TO: IPOS_MAIN_CTRL],DDS_STBIO1.pdf,stage1-approved,,,Digital,new,,approved primary Stage 1 source corpus,merge,approved,
primary:DDS_STBIO1_0130,DDS_STBIO1_0130,• The user shall set at 1 HC_EN in ECG_CTRL register. [TO: IPOS_MAIN_CTRL],DDS_STBIO1.pdf,stage1-approved,,,Digital,new,,approved primary Stage 1 source corpus,merge,approved,
primary:DDS_STBIO1_0140,DDS_STBIO1_0140,• The user shall set at 1 IMP_EN in IMP_CTRL register. [TO: IPOS_MAIN_CTRL],DDS_STBIO1.pdf,stage1-approved,,,Digital,new,,approved primary Stage 1 source corpus,merge,approved,
primary:DDS_STBIO1_0141,DDS_STBIO1_0141,• The user shall start measurement writing register DEVICE_CONFIG_OPERATION [0] at 1. [TO: IPOS_MAIN_CTRL],DDS_STBIO1.pdf,stage1-approved,,,Digital,new,,approved primary Stage 1 source corpus,merge,approved,
primary:DDS_STBIO1_0142,DDS_STBIO1_0142,• To check data in unique FIFO (default config) the user shall check the first MSB which will have to be equal to the one described in the DATA TAG Table. [TO: IPOS_MAIN_CTRL],DDS_STBIO1.pdf,stage1-approved,,,Digital,new,,approved primary Stage 1 source corpus,merge,approved,
primary:DDS_STBIO1_0143,DDS_STBIO1_0143,[DDS_STBIO1_0143] Requirement: • The User shall configure time slot duration in DEVICE_CONFIG_OPERATION register [4:2].,DDS_STBIO1.pdf,stage1-approved,,,Digital,new,,approved primary Stage 1 source corpus,merge,approved,
primary:DDS_STBIO1_0145,DDS_STBIO1_0145,"[DDS_STBIO1_0145] Requirement: • The user shall configure a division index PPG, writing M_PPG_l and M_PPG_h in SET_PPG_FREQ_l register and SET_PPG_FREQ_h register.",DDS_STBIO1.pdf,stage1-approved,,,Digital,new,,approved primary Stage 1 source corpus,merge,approved,
primary:DDS_STBIO1_0146,DDS_STBIO1_0146,[DDS_STBIO1_0146] Requirement: • The user shall configure the number of clocks for sampling PPG data from ADC in ADC_CONFIG_PPG register.,DDS_STBIO1.pdf,stage1-approved,,,Digital,new,,approved primary Stage 1 source corpus,merge,approved,
primary:DDS_STBIO1_0144,DDS_STBIO1_0144,"• The user shall select active channel, in this case only PPG_SEL and DS_SEL (data Storage) in DEVICE_CONFIG_CHANNEL register shall be set to 0x30.",DDS_STBIO1.pdf,stage1-approved,,,Digital,new,,approved primary Stage 1 source corpus,merge,approved,
primary:DDS_STBIO1_0147,DDS_STBIO1_0147,"The user shall configure each frame following these steps: 5.1 ALC PARAMETERS: • T1 in PPG_ALC_CONFIG_PARAM_1 register. • T2, GAIN_START_SET, GAIN_MAX_SET in PPG_ALC_CONFIG_PARAM_2 register. 5.2 DIGITAL RAMP PARAMETERS: • N_MAX, T_DELTA in DIGITAL_RAMP_CONFIG_PARAM_1 register. • DELTA, T_DELTA1 in DIGITAL_RAMP_CONFIG_PARAM_2 register. • DELTA1 in DIGITAL_RAMP_CONFIG_PARAM_3 register. 5.3 GENERAL PPG PARAMETERS: • N_PPG_FRAME, WAVE_VELOCITY_MODE, SEL_PPG_ELAB in GENERAL_PPG_PARAMETERS_1 register. • T_TX_STARTUP in GENERAL_PPG_PARAMETERS_2 register. • T_RX_SET, PPG_START_UP_TIME_l in GENERAL_PPG_PARAMETERS_3 register. • PPG_START_UP_TIME_h in GENERAL_PPG_PARAMETERS_4 register. 5.4 PARAMETERS FOR EACH FRAME CONFIGURED BY USER: • RX_CH_FRAME_{n}, FRAME_{n}_SAMPLES, FRAME_{n}_REPETITION in FRAME_n_PARAMETERS_1 register. • BTIA_GAIN_FRAME_{n}, TX_LEDSET_FRAME_l_{n} in FRAME_n_PARAMETERS_2 register. • TX_LEDSET_FRAME_h_{n}, TX_LEDOFF_FRAME_l_{n} in FRAME_n_PARAMETERS_3 register. • TX_LEDOFF_FRAME_h_{n} in FRAME_n_PARAMETERS_4 register. • IDAC_DC_PPG_FRAME_{n} in FRAME_n_PARAMETERS_5 register. • EN_TX_i in FRAME_n_PARAMETERS_6 register. • CURR_SEL_TX_FRAME{n} in FRAME_n_PARAMETERS_7 register. • TX1_OUTAB_SEL_FRAME_{n}, TX2_OUTAB_SEL_FRAME_{n}, TX3_OUTAB_SEL_FRAME_{n}, TX4_OUTAB_SEL_FRAME_{n} in FRAME_n_PARAMETERS_10 register.",DDS_STBIO1.pdf,stage1-approved,,,Digital,new,,approved primary Stage 1 source corpus,merge,approved,
primary:DDS_STBIO1_0148,DDS_STBIO1_0148,[DDS_STBIO1_0148] Requirement: • The user shall write DEVICE_CONFIG_OPERATION register [0] at 1.,DDS_STBIO1.pdf,stage1-approved,,,Digital,new,,approved primary Stage 1 source corpus,merge,approved,
primary:DDS_STBIO1_0149,DDS_STBIO1_0149,"• To check data in unique FIFO (default config) the user shall check the first MSB. PPG DATA has 20 bits of data and 4 of TAG. The 4 bits, from 0 to 11, are used to identify the frame (as described in the table in DATA TAG table).",DDS_STBIO1.pdf,stage1-approved,,,Digital,new,,approved primary Stage 1 source corpus,merge,approved,
primary:DDS_STBIO1_0699,DDS_STBIO1_0699,"After the initial boot phase, only with SPI interface, to turn on the Scan mode shall be: • Select page 3 of the regmap (ADDRESS=0x40, DATA=0x03) • Enable LDO 1V8 by writing to regmap VIREF_LDO1V8_CLK16M register (ADDRESS=0x0F, DATA=0x02) • Enable clock by writing to regmap VIREF_LDO1V8_CLK16M register (ADDRESS=0x0F, DATA=0x12) • Enable debug mode by writing to regmap (ADDRESS=0x3E, DATA=0x01) Figure 26 scan mode activation timing",DDS_STBIO1.pdf,stage1-approved,,,Digital,new,,approved primary Stage 1 source corpus,merge,approved,
primary:DDS_STBIO1_0700,DDS_STBIO1_0700,"After the initial boot phase, to turn on the Debug mode shall be: • Select page 3 of the regmap (ADDRESS=0x40, DATA=0x03) • Enable LDO 1V8 by writing to regmap VIREF_LDO1V8_CLK16M register (ADDRESS=0x0F, DATA=0x02) • Enable clock by writing to regmap VIREF_LDO1V8_CLK16M register (ADDRESS=0x0F, DATA=0x12) • Enable debug mode by writing to regmap (ADDRESS=0x3E, DATA=0x08)",DDS_STBIO1.pdf,stage1-approved,,,Digital,new,,approved primary Stage 1 source corpus,merge,approved,
primary:DDS_STBIO1_0701,DDS_STBIO1_0701,"To turn on the ADC TEST LOW NOISE mode shall be: • Select page 3 of the regmap (ADDRESS=0x40, DATA=0x03) • Enable LDO 1V8 by writing to regmap VIREF_LDO1V8_CLK16M register (ADDRESS=0xF, DATA=0x02) • Enable clock by writing to regmap VIREF_LDO1V8_CLK16M register (ADDRESS=0x0F, DATA=0x12) • Enable ADC in debug mode (ADDRESS=0x09, DATA=0x06) • Select page 2 of the regmap (ADDRESS=0x40, DATA=0x02) • Enable ADC TEST LOW NOISE and input of ADC from GPIO (ADDRESS=0x0A, DATA=0x14) • Select page 3 of the regmap (ADDRESS=0x40, DATA=0x02) • Enable debug mode by writing to regmap (ADDRESS=0x3E, DATA=0x08)",DDS_STBIO1.pdf,stage1-approved,,,Digital,new,,approved primary Stage 1 source corpus,merge,approved,
primary:DDS_STBIO1_0702,DDS_STBIO1_0702,"To turn on the ADC TEST LOW NOISE mode shall be: • Select page 3 of the regmap (ADDRESS=0x40, DATA=0x03) • Enable LDO 1V8 by writing to regmap VIREF_LDO1V8_CLK16M register (ADDRESS=0xF, DATA=0x02) • Enable clock by writing to regmap VIREF_LDO1V8_CLK16M register (ADDRESS=0x0F, DATA=0x12) • Enable ADC in debug mode (ADDRESS=0x09, DATA=0x06) • Select page 2 of the regmap (ADDRESS=0x40, DATA=0x02) • Enable ADC TEST LOW NOISE and input of ADC from GPIO (ADDRESS=0x0A, DATA=0x14) • Select page 3 of the regmap (ADDRESS=0x40, DATA=0x02) • Enable debug mode by writing to regmap (ADDRESS=0x3E, DATA=0x08)",DDS_STBIO1.pdf,stage1-approved,,,Digital,new,,approved primary Stage 1 source corpus,merge,approved,
primary:DDS_STBIO1_1507,DDS_STBIO1_1507,"To turn on the ADC TEST LOW NOISE mode shall be: • Select page 3 of the regmap (ADDRESS=0x40, DATA=0x03) • Enable LDO 1V8 by writing to regmap VIREF_LDO1V8_CLK16M register (ADDRESS=0xF, DATA=0x02) • Enable clock by writing to regmap VIREF_LDO1V8_CLK16M register (ADDRESS=0x0F, DATA=0x12) • Enable ADC in debug mode (ADDRESS=0x09, DATA=0x06) • Select page 2 of the regmap (ADDRESS=0x40, DATA=0x02) • Enable ADC TEST LOW NOISE and input of ADC from GPIO (ADDRESS=0x0A, DATA=0x0C) • Select page 3 of the regmap (ADDRESS=0x40, DATA=0x02) • Enable debug mode by writing to regmap (ADDRESS=0x3E, DATA=0x08)",DDS_STBIO1.pdf,stage1-approved,,,Digital,new,,approved primary Stage 1 source corpus,merge,approved,
primary:DDS_STBIO1_2507,DDS_STBIO1_2507,"After the initial boot phase, to turn on the Debug mode shall be: • Select page 3 of the regmap (ADDRESS=0x40, DATA=0x03) • Enable LDO 1V8 by writing to regmap VIREF_LDO1V8_CLK16M register (ADDRESS=0x0F, DATA=0x02) • Enable clock by writing to regmap VIREF_LDO1V8_CLK16M register (ADDRESS=0x0F, DATA=0x12) • Enable the power island [DDS_STBIO1_0507] • Enable bist mode by writing to regmap (ADDRESS=0x3E, DATA=0x04)",DDS_STBIO1.pdf,stage1-approved,,,Digital,new,,approved primary Stage 1 source corpus,merge,approved,
primary:DDS_STBIO1_0013,DDS_STBIO1_0013,"To move OTP signal, ADSP shall write a new value in a regbank by AHB protocol.",DDS_STBIO1.pdf,stage1-approved,ADSP,ADSP,Digital,new,,approved primary Stage 1 source corpus,merge,approved,
primary:DDS_STBIO1_395,DDS_STBIO1_395,"The DCC feature consists of two stages that detect whether one of six electrode inputs is in the range 0 to 1.5V; thresholds have a 100mV step, and continuous current from 25nA to 200nA flows from the stages into the electrodes.",DDS_STBIO1.pdf,stage1-approved,PAD MUX,PAD MUX,Analog,new,,approved primary Stage 1 source corpus,merge,approved,
