source_req_id,table_kind,review_status,review_reason,reconstructed_statement,source,action
DDS_STBIO1_0201,explicit_req_id_table_row,accepted,,11.1. XBAR Connection Matrix Destination Source Regmap SENSOR HUB ISPU FIFO ADSP Main Controller,"Section 11.1 XBAR Connection Matrix (under Section 11 Interconnect), paragraph 017 (page 34)",row reconstruction validated
DDS_STBIO1_0202,explicit_req_id_table_row,accepted,,11.1. XBAR Connection Matrix Destination Source Regmap SENSOR HUB ISPU FIFO ADSP Main Controller,"Section 11.1 XBAR Connection Matrix (under Section 11 Interconnect), paragraph 017 (page 34)",row reconstruction validated
DDS_STBIO1_0219,explicit_req_id_table_row,accepted,,11.1. XBAR Connection Matrix Destination Source Regmap SENSOR HUB ISPU FIFO ADSP Main Controller,"Section 11.1 XBAR Connection Matrix (under Section 11 Interconnect), paragraph 017 (page 34)",row reconstruction validated
DDS_STBIO1_0203,explicit_req_id_table_row,accepted,,ADSP,"Section 11.1 XBAR Connection Matrix (under Section 11 Interconnect), paragraph 018 (page 34)",row reconstruction validated
DDS_STBIO1_0204,explicit_req_id_table_row,accepted,,ADSP,"Section 11.1 XBAR Connection Matrix (under Section 11 Interconnect), paragraph 018 (page 34)",row reconstruction validated
DDS_STBIO1_0206,explicit_req_id_table_row,accepted,,ADSP,"Section 11.1 XBAR Connection Matrix (under Section 11 Interconnect), paragraph 018 (page 34)",row reconstruction validated
DDS_STBIO1_0207,explicit_req_id_table_row,accepted,,I2C_SPI_AHB,"Section 11.1 XBAR Connection Matrix (under Section 11 Interconnect), paragraph 019 (page 34)",row reconstruction validated
DDS_STBIO1_0208,explicit_req_id_table_row,accepted,,I2C_SPI_AHB,"Section 11.1 XBAR Connection Matrix (under Section 11 Interconnect), paragraph 019 (page 34)",row reconstruction validated
DDS_STBIO1_0209,explicit_req_id_table_row,accepted,,I2C_SPI_AHB,"Section 11.1 XBAR Connection Matrix (under Section 11 Interconnect), paragraph 019 (page 34)",row reconstruction validated
DDS_STBIO1_0210,explicit_req_id_table_row,accepted,,I2C_SPI_AHB,"Section 11.1 XBAR Connection Matrix (under Section 11 Interconnect), paragraph 019 (page 34)",row reconstruction validated
DDS_STBIO1_0221,explicit_req_id_table_row,accepted,,I2C_SPI_AHB,"Section 11.1 XBAR Connection Matrix (under Section 11 Interconnect), paragraph 019 (page 34)",row reconstruction validated
DDS_STBIO1_0211,explicit_req_id_table_row,accepted,,SENSOR HUB,"Section 11.1 XBAR Connection Matrix (under Section 11 Interconnect), paragraph 020 (page 34)",row reconstruction validated
DDS_STBIO1_0212,explicit_req_id_table_row,accepted,,ISPU,"Section 11.1 XBAR Connection Matrix (under Section 11 Interconnect), paragraph 021 (page 34)",row reconstruction validated
DDS_STBIO1_0213,explicit_req_id_table_row,accepted,,ISPU,"Section 11.1 XBAR Connection Matrix (under Section 11 Interconnect), paragraph 021 (page 34)",row reconstruction validated
DDS_STBIO1_0215,explicit_req_id_table_row,accepted,,ISPU,"Section 11.1 XBAR Connection Matrix (under Section 11 Interconnect), paragraph 021 (page 34)",row reconstruction validated
DDS_STBIO1_0222,explicit_req_id_table_row,accepted,,ISPU,"Section 11.1 XBAR Connection Matrix (under Section 11 Interconnect), paragraph 021 (page 34)",row reconstruction validated
DDS_STBIO1_0216,explicit_req_id_table_row,accepted,,ISPU debug,"Section 11.1 XBAR Connection Matrix (under Section 11 Interconnect), paragraph 022 (page 34)",row reconstruction validated
DDS_STBIO1_0217,explicit_req_id_table_row,accepted,,ISPU debug,"Section 11.1 XBAR Connection Matrix (under Section 11 Interconnect), paragraph 022 (page 34)",row reconstruction validated
DDS_STBIO1_0218,explicit_req_id_table_row,accepted,,ISPU debug,"Section 11.1 XBAR Connection Matrix (under Section 11 Interconnect), paragraph 022 (page 34)",row reconstruction validated
DDS_STBIO1_0220,explicit_req_id_table_row,accepted,,ISPU debug,"Section 11.1 XBAR Connection Matrix (under Section 11 Interconnect), paragraph 022 (page 34)",row reconstruction validated
DDS_STBIO1_0223,explicit_req_id_table_row,accepted,,ISPU debug,"Section 11.1 XBAR Connection Matrix (under Section 11 Interconnect), paragraph 022 (page 34)",row reconstruction validated
DDS_STBIO1_1020,clock_reset_structural,accepted,,"The stbio1_top.clk_16m signal shall be connected to the stbio1_top.dig_wrapper_LV.u_pmu.clk_16m signal, with frequency 16 MHz and without clock gating.","Section 13.1.1.4 Clocks and Reset (under Section 13.1.1 PMU), paragraph 015 (page 45)",row reconstruction validated
DDS_STBIO1_1021,clock_reset_structural,accepted,,"The stbio1_top.clk_64k signal shall be connected to the stbio1_top.dig_wrapper_LV.u_pmu.clk_64k signal, with frequency 64 kHz and without clock gating.","Section 1020 stbio1_top.clk_16m stbio1_top.dig_wrapper_LV.u_pmu.clk (under Section 13.1.1.4 Clocks and Reset), paragraph 021 (page 45)",row reconstruction validated
DDS_STBIO1_1027,clock_reset_structural,accepted,,"The stbio1_top.dig_wrapper_LV.u_pmu.tst_clk_32k signal shall be connected to the stbio1_top.dig_wrapper_LV.u_main_controller_top.i_clk_32kHz signal, with frequency 32 kHz and without clock gating.","Section 64 kHz (under Section 13.1.1.4 Clocks and Reset), paragraph 009 (page 46)",row reconstruction validated
DDS_STBIO1_1022,clock_reset_structural,accepted,,"The stbio1_top.dig_wrapper_LV.u_pmu.clk_16m_dft signal shall be connected to the stbio1_top.dig_wrapper_LV.u_ADSP.stmc_clk signal, with frequency 16 MHz and with clock gating stbio1_top.dig_wrapper_LV.u_pm u.adsp_run | stbio1_top.dig_wrapper_LV.u_pm u.all_test_mode | ~stbio1_top.dig_wrapper_LV.u_p ad_mux.scan_enable.","Section 32 kHz (under Section 13.1.1.4 Clocks and Reset), paragraph 015 (page 46)",row reconstruction validated
DDS_STBIO1_1023,clock_reset_structural,accepted,,"The stbio1_top.dig_wrapper_LV.u_pmu.w_sh_clk signal shall be connected to the stbio1_top.dig_wrapper_LV.u_masterblaze_ahb.sys_clk signal, with frequency 16 MHz and with clock gating stbio1_top.dig_wrapper_LV.u_pm u.i_en_sh_clk | stbio1_top.dig_wrapper_LV.u_pm u.all_test_mode | ~stbio1_top.dig_wrapper_LV.u_p ad_mux.scan_enable.","Section 16 MHz (under Section 13.1.1.4 Clocks and Reset), paragraph 029 (page 46)",row reconstruction validated
DDS_STBIO1_1024,clock_reset_structural,accepted,,"The stbio1_top.dig_wrapper_LV.u_pmu.clk_16m_dft signal shall be connected to the stbio1_top.dig_wrapper_LV.u_xbar_afe.hclk signal, with frequency 16 MHz and with clock gating stbio1_top.dig_wrapper_LV.u_pm u.clk_xbar_en | stbio1_top.dig_wrapper_LV.u_pm u.all_test_mode | ~stbio1_top.dig_wrapper_LV.u_p ad_mux.scan_enable.","Section 16 MHz (under Section 13.1.1.4 Clocks and Reset), paragraph 040 (page 46)",row reconstruction validated
DDS_STBIO1_2024,clock_reset_structural,accepted,,"The stbio1_top.dig_wrapper_LV.u_pmuclk_xbar signal shall be connected to the stbio1_top.dig_wrapper_LV.u.fifo.HCLK signal, with frequency 16 MHz and with clock gating stbio1_top.dig_wrapper_LV.u_pm u.clk_en_m2 | stbio1_top.dig_wrapper_LV.u_pm u.all_test_mode | stbio1_top.dig_wrapper_LV.u_pm u.clk_en_m2_reg | ~stbio1_top.dig_wrapper_LV.u_p ad_mux.scan_enable.","Section 16 MHz (under Section 13.1.1.4 Clocks and Reset), paragraph 056 (page 46)",row reconstruction validated
DDS_STBIO1_2025,clock_reset_structural,accepted,,"The stbio1_top.dig_wrapper_LV.u_pmu.clk_stredl signal shall be connected to the stbio1_top.dig_wrapper_LV.u_ispu.clk signal, with frequency 16 MHz and without clock gating.","Section 16 MHz (under Section 13.1.1.4 Clocks and Reset), paragraph 073 (page 46)",row reconstruction validated
DDS_STBIO1_2026,clock_reset_structural,accepted,,"The stbio1_top.dig_wrapper_LV.u_pmu.clk_xbar signal shall be connected to the stbio1_top.dig_wrapper_LV.u_regmap_otp.hclk signal, with frequency 16 MHz and with clock gating stbio1_top.dig_wrapper_LV.u_pm u.clk_en_m3 | stbio1_top.dig_wrapper_LV.u_pm u.all_test_mode | stbio1_top.dig_wrapper_LV.u_pm u.clk_en_m3_reg | stbio1_top.dig_wrapper_LV.u_pm u.clk_en_s3 | ~stbio1_top.dig_wrapper_LV.u_p ad_mux.scan_enable.","Section 16 MHz (under Section 13.1.1.4 Clocks and Reset), paragraph 080 (page 46)",row reconstruction validated
DDS_STBIO1_1025,clock_reset_structural,accepted,,"The u_stbio1_top.u_pmu.u_device_startup.tst_clk_32k signal shall be connected to the stbio1_top.dig_wrapper_LV.tst_clk_32k signal, with frequency 32 kHz and without clock gating.","Section 16 MHz (under Section 13.1.1.4 Clocks and Reset), paragraph 098 (page 46)",row reconstruction validated
DDS_STBIO1_1026,clock_reset_structural,accepted,,"The stbio1_top.dig_wrapper_LV.u_pmu.tst_clk_16m signal shall be connected to the stbio1_top.dig_wrapper_LV.u_main_controller_top.i_clk_16MHz signal, with frequency 16 MHz and with clock gating stbio1_top.dig_wrapper_LV.u_pm u.i_en_clk_16MHz_sleep | stbio1_top.dig_wrapper_LV.u_pm u.scan_mode | ~stbio1_top.dig_wrapper_LV.u_p ad_mux.scan_enable.","Section 32 kHz (under Section 13.1.1.4 Clocks and Reset), paragraph 107 (page 46)",row reconstruction validated
DDS_STBIO1_1050,clock_reset_structural,accepted,,The u_stbio1_top.dig_wrapper_LV.u_p signal shall be connected to the mu.resetn_stmcu_stbio1_top.dig_wrapper_LV.u_ADSP.HRESETn signal.,"Section 16 MHz, paragraph 006 (page 47)",row reconstruction validated
DDS_STBIO1_1051,clock_reset_structural,accepted,,The u_stbio1_top.dig_wrapper_LV.u_p signal shall be connected to the mu.resetn_masterblazeu_stbio1_top.dig_wrapper_LV.u_masterblaze_ahb.HRESETn signal.,"Section 16 MHz, paragraph 011 (page 47)",row reconstruction validated
DDS_STBIO1_1052,clock_reset_structural,accepted,,The u_stbio1_top.dig_wrapper_LV.u_p signal shall be connected to the mu.resetn_regmapu_stbio1_top.dig_wrapper_LV.u_regmap_otp.hresetn signal.,"Section 16 MHz, paragraph 016 (page 47)",row reconstruction validated
DDS_STBIO1_2052,clock_reset_structural,accepted,,The stbio1_top.dig_wrapper_LV.u_pmu. signal shall be connected to the u_device_startup.u_por_main_resetn.RST_N_FF[0]u_stbio1_top.dig_wrapper_LV.u_xbar_afe.hresetn signal.,"Section 16 MHz, paragraph 021 (page 47)",row reconstruction validated
DDS_STBIO1_2053,clock_reset_structural,accepted,,The u_stbio1_top.dig_wrapper_LV.u_p signal shall be connected to the mu.resetn_regmapu_stbio1_top.dig_wrapper_LV.u_ispu.main_rst_n signal.,"Section 16 MHz, paragraph 028 (page 47)",row reconstruction validated
DDS_STBIO1_1053,clock_reset_structural,accepted,,The u_stbio1_top.dig_wrapper_LV.u_p signal shall be connected to the mu.resetn_fifou_stbio1_top.dig_wrapper_LV.u_multi_channel_fifo_top.HRESETn signal.,"Section 16 MHz, paragraph 033 (page 47)",row reconstruction validated
DDS_STBIO1_1054,clock_reset_structural,accepted,,The u_stbio1_top.dig_wrapper_LV.u_p signal shall be connected to the mu.resetn_main_ctrlu_stbio1_top.dig_wrapper_LV.u_main_controller_top.i_rstn signal.,"Section 16 MHz, paragraph 003 (page 48)",row reconstruction validated
DDS_STBIO1_2054,clock_reset_structural,accepted,,The u_stbio1_top.dig_wrapper_LV.u_p signal shall be connected to the mu.resetn_32k_main_ctrlu_stbio1_top.dig_wrapper_LV.u_main_controller_top.i_rstn_sync_32 signal.,"Section 16 MHz, paragraph 008 (page 48)",row reconstruction validated
DDS_STBIO1_8100,explicit_req_id_table_row,accepted,,CONNECTION fifo_dpt 8 FIFO depth. Suggested val 8,"Section 13.2.2 I2C_SPI_AHB integration (under Section 13.2 IPs), paragraph 008 (page 99)",row reconstruction validated
DDS_STBIO1_8101,explicit_req_id_table_row,accepted,,rd_to_max_val 6000 Time available between double byte write to communicate the number of bytes to be read and the following read. If timer expires the operation is aborted and proper flag is activated. Suggested val. 1200,"Section 13.2.2 I2C_SPI_AHB integration (under Section 13.2 IPs), paragraph 025 (page 99)",row reconstruction validated
DDS_STBIO1_8102,explicit_req_id_table_row,accepted,,i2c_hs_mode 1'b0 To activate HS I2C,"Section 13.2.2 I2C_SPI_AHB integration (under Section 13.2 IPs), paragraph 028 (page 99)",row reconstruction validated
DDS_STBIO1_8103,explicit_req_id_table_row,accepted,,i2c_master_code 8'h00 Master code for HS I2C,"Section 13.2.2 I2C_SPI_AHB integration (under Section 13.2 IPs), paragraph 031 (page 99)",row reconstruction validated
DDS_STBIO1_8104,explicit_req_id_table_row,accepted,,"ser_mode ""i2c_spi"" To choose if the interface is SPI only, I2C only or both. Suggested : i2c_spi","Section 13.2.2 I2C_SPI_AHB integration (under Section 13.2 IPs), paragraph 039 (page 99)",row reconstruction validated
DDS_STBIO1_8105,explicit_req_id_table_row,accepted,,ip_version 8'haa IP version,"Section 13.2.2 I2C_SPI_AHB integration (under Section 13.2 IPs), paragraph 040 (page 99)",row reconstruction validated
DDS_STBIO1_8106,explicit_req_id_table_row,accepted,,i2c_dev_id 7'h5f I2C device address,"Section 13.2.2 I2C_SPI_AHB integration (under Section 13.2 IPs), paragraph 041 (page 99)",row reconstruction validated
DDS_STBIO1_00000199,explicit_req_id_table_row,accepted,,"If input signal HMASTER is set to 0 or 1, the FIFO Controller shall enter Memory mode. [TO: IPOS_FIFO_CTRL_00000008]","Section 13.2.4.1 FIFO_CTRL Peculiar Requirements (under Section 13.2.4 FIFO_CTRL integration), paragraph 020 (page 114)",row reconstruction validated
DDS_STBIO1_0501,interrupt_structural,accepted,,The irq_FIFO_U_M_IRQ_STsATUS interrupt shall be connected to FIFO status to bit 29.,"Section 13.3.1 Requirements (under Section 13.3 ISPU integration), paragraph 007 (page 130)",row reconstruction validated
DDS_STBIO1_0502,interrupt_structural,accepted,,The irq_SENSHUB_STS interrupt shall be connected to SENSOR HUB status to bit 28.,"Section 13.3.1 Requirements (under Section 13.3 ISPU integration), paragraph 008 (page 130)",row reconstruction validated
DDS_STBIO1_0503,interrupt_structural,accepted,,"The irq_ISPU_MC_INTR_STS interrupt shall be connected to ECG, BIA or PPG samples ready for elaboration to bit 27.","Section 13.3.1 Requirements (under Section 13.3 ISPU integration), paragraph 009 (page 130)",row reconstruction validated
DDS_STBIO1_0504,interrupt_structural,accepted,,The sw_interrupt interrupt shall be connected to sw interrupt used by ADSP or external user to bit 26:11 16.,"Section 13.3.1 Requirements (under Section 13.3 ISPU integration), paragraph 011 (page 130)",row reconstruction validated
DDS_STBIO1_0505,interrupt_structural,accepted,,The irq_timer interrupt shall be connected to Internal timer to bit 1.,"Section 13.3.1 Requirements (under Section 13.3 ISPU integration), paragraph 013 (page 130)",row reconstruction validated
DDS_STBIO1_3000,explicit_req_id_table_row,accepted,,"132 **Update-IR** Run-Test/Idle Select-DR-Scan 13.4. STBIO1 Register Map 13.4.1. STBIO1 Register Map Here is described the list of registers in the register map. The AFE_BLOCK registers are accessible by I2C/SPI direct access and AHB interface, while the others are only by AHB. The I2C/SPI direct access mode is done by the HOST INTF port (I2C/SPI AHB) and the address of the AFE_BLOCK registers are arranged in 4 pages of 64 registers. BASE START ADDRESS ADDRESS BLOCK REGISTER WIDTH BASE END ADDRE VREF_TRIM SS RESET REQ_ID 0xC8000 AFE_BLOCK 8 0xC80EB tst_main_reset_n, regmap_sw_resetn","Section 13.4.1 STBIO1 Register Map (under Section 13.4 STBIO1 Register Map), paragraph 028 (page 133)",row reconstruction validated
DDS_STBIO1_3001,explicit_req_id_table_row,accepted,,"0xC80EC RESERVED 0xC8FFF tst_main_reset_n, regmap_sw_resetn","Section 13.4.1 STBIO1 Register Map (under Section 13.4 STBIO1 Register Map), paragraph 033 (page 133)",row reconstruction validated
DDS_STBIO1_3002,explicit_req_id_table_row,accepted,,0xC9000 OTP REGISTER 8 0xC902C tst_main_reset_n,"Section 13.4.1 STBIO1 Register Map (under Section 13.4 STBIO1 Register Map), paragraph 034 (page 133)",row reconstruction validated
DDS_STBIO1_3003,explicit_req_id_table_row,accepted,,"0xC9030 RESERVED 0xC9FFF tst_main_reset_n, regmap_sw_resetn","Section 13.4.1 STBIO1 Register Map (under Section 13.4 STBIO1 Register Map), paragraph 039 (page 133)",row reconstruction validated
DDS_STBIO1_3004,explicit_req_id_table_row,accepted,,"0xCA000 SYSTEM_REGISTER 32 0xCA140 tst_main_reset_n, regmap_sw_resetn","Section 13.4.1 STBIO1 Register Map (under Section 13.4 STBIO1 Register Map), paragraph 044 (page 133)",row reconstruction validated
DDS_STBIO1_3005,explicit_req_id_table_row,accepted,,"0xCA144 RESERVED 0xCCFFF tst_main_reset_n, regmap_sw_resetn","Section 13.4.1 STBIO1 Register Map (under Section 13.4 STBIO1 Register Map), paragraph 049 (page 133)",row reconstruction validated
DDS_STBIO1_3006,explicit_req_id_table_row,accepted,,"0xCD000 OTP (TRIMM REGS) 32 0xCD02F tst_main_reset_n, regmap_sw_resetn","Section 13.4.1 STBIO1 Register Map (under Section 13.4 STBIO1 Register Map), paragraph 054 (page 133)",row reconstruction validated
