staged_id,source_req_id,requirement_statement,source_spec,source_revision,source_page,source_chunk_id,classification,matched_canonical_id,match_reason,recommended_action,review_decision,reviewer_notes
ipos_main_ctrl_20260907_194411:IPOS_STBIO1_MAIN_CONTROLLER_002,IPOS_STBIO1_MAIN_CONTROLLER_002,The only registers that the user shall change after setting the mode_operation to 1 are the ones described in requirement 7096. All the Other signals shall change only with mode_operation set,IPOS_MAIN_CTRL.pdf,2026-09-07,37,p037:l25,new,,no deterministic overlap,manual_review,pending,
ipos_main_ctrl_20260907_194411:IPOS_STBIO1_MAIN_CONTROLLER_5015,IPOS_STBIO1_MAIN_CONTROLLER_5015,"[Covers: DDS_STBIO1_1114] The State WAIT_SU shall not be considered interruptible. If the user wants to interrupt the WAIT_SU state, it shall perform the Soft Reset procedure described in the DDS",IPOS_MAIN_CTRL.pdf,2026-09-07,57,p057:l5,new,,no deterministic overlap,manual_review,pending,
ipos_main_ctrl_20260907_194411:IPOS_STBIO1_MAIN_CONTROLLER_5016,IPOS_STBIO1_MAIN_CONTROLLER_5016,"When an ECG, BIA or GSR Operation is selected and DS_SEL is set to 0, The DATA Output for these two channels shall be written in the following regmap registers ECG0_AC ECG0_DC ECG1_BIA_P_AC ECG1_BIA_P_DC ECG2_BIA_Q_AC ECG2_BIA_Q_DC GSR_RESULT",IPOS_MAIN_CTRL.pdf,2026-09-07,57,p057:l10,new,,no deterministic overlap,manual_review,pending,
ipos_main_ctrl_20260907_194411:IPOS_STBIO1_MAIN_CONTROLLER_5004,IPOS_STBIO1_MAIN_CONTROLLER_5004,"The max value that the user shall use for every m_channel (m_ecg, m_bia, m_gsr and m_ppg) is",IPOS_MAIN_CTRL.pdf,2026-09-07,57,p057:l21,new,,no deterministic overlap,manual_review,pending,
ipos_main_ctrl_20260907_194411:IPOS_STBIO1_MAIN_CONTROLLER_5005,IPOS_STBIO1_MAIN_CONTROLLER_5005,"If the user set a value greater than 1024 into ones of the m_channel (see req 5004), the value shall clamp at 1024 (check the input i_m_ecg, i_m_bia, i_m_gsr or i_m_ppg into the main",IPOS_MAIN_CTRL.pdf,2026-09-07,57,p057:l24,new,,no deterministic overlap,manual_review,pending,
ipos_main_ctrl_20260907_194411:IPOS_STBIO1_MAIN_CONTROLLER_1004,IPOS_STBIO1_MAIN_CONTROLLER_1004,[Covers: DDS_STBIO1_0118] [Covers: DDS_STBIO1_0125] The user shall configure time slot duration in DEVICE_CONFIG_OPERATION register [4:2],IPOS_MAIN_CTRL.pdf,2026-09-07,57,p057:l28,duplication,DDS_STBIO1_0125,exact or normalized near duplicate,manual_review,approved,
ipos_main_ctrl_20260907_194411:IPOS_STBIO1_MAIN_CONTROLLER_1005,IPOS_STBIO1_MAIN_CONTROLLER_1005,The user shall configure which channel is selected and if work in Data Storage mode for the,IPOS_MAIN_CTRL.pdf,2026-09-07,57,p057:l33,new,,no deterministic overlap,manual_review,pending,
ipos_main_ctrl_20260907_194411:IPOS_STBIO1_MAIN_CONTROLLER_1007,IPOS_STBIO1_MAIN_CONTROLLER_1007,"[Covers: DDS_STBIO1_0120] [Covers: DDS_STBIO1_0122] [Covers: DDS_STBIO1_0127] [Covers: DDS_STBIO1_0130] In Order to enable an ECG0 Channel Operation, the user shall always select the ECG0 channel",IPOS_MAIN_CTRL.pdf,2026-09-07,58,p058:l5,new,,no deterministic overlap,manual_review,pending,
ipos_main_ctrl_20260907_194411:IPOS_STBIO1_MAIN_CONTROLLER_1008,IPOS_STBIO1_MAIN_CONTROLLER_1008,"[Covers: DDS_STBIO1_0128] [Covers: DDS_STBIO1_0140] In Order to enable a BIA Channel Operation, the user shall always select the BIA channel",IPOS_MAIN_CTRL.pdf,2026-09-07,58,p058:l12,new,,no deterministic overlap,manual_review,pending,
ipos_main_ctrl_20260907_194411:IPOS_STBIO1_MAIN_CONTROLLER_1009,IPOS_STBIO1_MAIN_CONTROLLER_1009,"In Order to enable a GSR Channel Operation, the user shall always select the GSR channel",IPOS_MAIN_CTRL.pdf,2026-09-07,58,p058:l17,new,,no deterministic overlap,manual_review,pending,
ipos_main_ctrl_20260907_194411:IPOS_STBIO1_MAIN_CONTROLLER_1010,IPOS_STBIO1_MAIN_CONTROLLER_1010,"In Order to enable a PPG Channel Operation, the user shall always select the PPG channel",IPOS_MAIN_CTRL.pdf,2026-09-07,58,p058:l20,new,,no deterministic overlap,manual_review,pending,
ipos_main_ctrl_20260907_194411:IPOS_STBIO1_MAIN_CONTROLLER_1011,IPOS_STBIO1_MAIN_CONTROLLER_1011,"In Order to enable an ECG1_ECG2 Channel Operation, the user shall always select the ECG1_ECG2 channel (DEVICE_CONFIG_CHANNEL), set the i_M_ECG greater than zero and",IPOS_MAIN_CTRL.pdf,2026-09-07,58,p058:l23,new,,no deterministic overlap,manual_review,pending,
ipos_main_ctrl_20260907_194411:IPOS_STBIO1_MAIN_CONTROLLER_004,IPOS_STBIO1_MAIN_CONTROLLER_004,"[Covers: DDS_STBIO1_0116] When the Device_FSM FSM is in BOOT State, that is DEVICE_STATUS_REG register [2:0]) == 0x01 (main_controller_status_register), it shall wait that the ADSP ends the BOOT Phase, checking when the i_quokka_boot_end is set high. When the BOOT Phase is ended, the Device_FSM FSM shall go to IDLE State, check that DEVICE_STATUS_REG register [2:0]) == 0x02, (main_controller_status_register), check that the w_en_ldo1v8 signal is set low and that",IPOS_MAIN_CTRL.pdf,2026-09-07,58,p058:l27,new,,no deterministic overlap,manual_review,pending,
ipos_main_ctrl_20260907_194411:IPOS_STBIO1_MAIN_CONTROLLER_008,IPOS_STBIO1_MAIN_CONTROLLER_008,"When in unique_fifo_mode (i_multiple_fifo set to 0), if during a time slot an operation is done, the Main_Controller_FSM shall write the time_slot_data inside the FIFO with a dedicated tag. The value of the time_slot_data shall be referred to the start of the entire measurement cycle (for",IPOS_MAIN_CTRL.pdf,2026-09-07,58,p058:l35,new,,no deterministic overlap,manual_review,pending,
ipos_main_ctrl_20260907_194411:IPOS_STBIO1_MAIN_CONTROLLER_009,IPOS_STBIO1_MAIN_CONTROLLER_009,"[Covers: DDS_STBIO1_0123] [Covers: DDS_STBIO1_0141] When in IDLE State, if ECG0_SEL (DEVICE_CONFIG_CHANNEL register [0]) is high, or BIA_SEL (DEVICE_CONFIG_CHANNEL register [2]) is set high, or ECG1_ECG2_SEL (DEVICE_CONFIG_CHANNEL register [1]) is set high, or GSR_SEL (DEVICE_CONFIG_CHANNEL register [3]) is set high, or ADC_DO_CALIBRATION ( ADC_CAL_CONFIG register [0]) is set high, or WAVE_VELOCITY_MODE (GENERAL_PPG_PARAMETERS_1 register [4]) is set high together wit h PPG_SEL (DEVICE_CONFIG_CHANNEL register [4]), when MODE_OPERATION (DEVICE_CONFIG_OPERATION register [1:0] ) is set different from 0, the O_PD_CLKF shall go",IPOS_MAIN_CTRL.pdf,2026-09-07,59,p059:l5,new,,no deterministic overlap,manual_review,pending,
ipos_main_ctrl_20260907_194411:IPOS_STBIO1_MAIN_CONTROLLER_010,IPOS_STBIO1_MAIN_CONTROLLER_010,"[Covers: DDS_STBIO1_0119] When the FSM is in IDLE State, if ECG0_SEL (DEVICE_CONFIG_CHANNEL register [0]) is high, HC_EN (ECG_CTRL register [0]) is set to 1 and IMP_EN (IMP_CTRL register [0]) is set to 0, ECG0 shall be active so, when MODE_OPERATION (DEVICE_CONFIG_OPERATION register [1:0] ) is set different from 0, the O_PD_HC2 shall go low and the Device_FSM FSM shall go to the WAIT_SU State , so the main_controller_status_register (DEVICE_STATUS_REG register",IPOS_MAIN_CTRL.pdf,2026-09-07,59,p059:l17,new,,no deterministic overlap,manual_review,pending,
ipos_main_ctrl_20260907_194411:IPOS_STBIO1_MAIN_CONTROLLER_011,IPOS_STBIO1_MAIN_CONTROLLER_011,"When the HC_EN (ECG_CTRL register [0]) is set to 0 and IMP_EN (IMP_CTRL register [0]) is set to 1 and ECG1_ECG2_SEL (DEVICE_CONFIG_CHANNEL register [1]) is set to 1, ECG1 and ECG2 shall be active so, when MODE_OPERATION (DEVICE_CONFIG_OPERATION register [1:0] ) is set different from 0, the O_PD_HC2 shall remain high, O_PD_IMP shall go low and the Device_FSM shall go to the WAIT_SU State, so main_controller_status_register",IPOS_MAIN_CTRL.pdf,2026-09-07,59,p059:l25,new,,no deterministic overlap,manual_review,pending,
ipos_main_ctrl_20260907_194411:IPOS_STBIO1_MAIN_CONTROLLER_016,IPOS_STBIO1_MAIN_CONTROLLER_016,"When DEVICE is in WAIT_SU, if IMP_EN (IMP_CTRL register [0]) is equal to 1 and BIA_SEL (DEVICE_CONFIG_CHANNEL [2]) is equal to 1, O_PD_IMP shall go low within 5 clock cycle at",IPOS_MAIN_CTRL.pdf,2026-09-07,60,p060:l14,new,,no deterministic overlap,manual_review,pending,
ipos_main_ctrl_20260907_194411:IPOS_STBIO1_MAIN_CONTROLLER_017,IPOS_STBIO1_MAIN_CONTROLLER_017,"When DEVICE is in WAIT_SU, if IMP_EN (IMP_CTRL register [0]) is equal to 1 and BIA_SEL (DEVICE_CONFIG_CHANNEL register [2]) is equal to 1 and the IMP_CURRINJ_EN (CURR_INJ register [3]) is equal to 1, the O_IMP_CURINJ_PD shall go low. On the other hand, if IMP_CURRINJ_EN (CURR_INJ register [3]) is equal to 0, the O_IMP_CURINJ_PD shall remain",IPOS_MAIN_CTRL.pdf,2026-09-07,60,p060:l18,new,,no deterministic overlap,manual_review,pending,
ipos_main_ctrl_20260907_194411:IPOS_STBIO1_MAIN_CONTROLLER_018,IPOS_STBIO1_MAIN_CONTROLLER_018,"When DEVICE is in WAIT_SU, if IMP_EN (IMP_CTRL register [0]) signal is equal to 1 and BIA_SEL (DEVICE_CONFIG_CHANNEL register [2]) is equal to 1, 5ms after the falling of imp_curinj_pd and O_PD_IMP, if IMP_CURRINJ_EN (CURR_INJ register [3]) is equal to 1, O_CK_M, O_CK_P and O_CK_Q shall be generated from Clock generator block so they run at FREQ_BIA_CLK_m_p_q (EN_CHOP_FREQ_MOD_DEMOD register [4:3] ) and its values shall be chosen from 20kHz, 50kHz, 100kHz, 200kHz . On the other hand, if IMP_CURRINJ_EN (CURR_INJ register [3]) is equal to 0, ck_m, ck_p and",IPOS_MAIN_CTRL.pdf,2026-09-07,60,p060:l24,new,,no deterministic overlap,manual_review,pending,
ipos_main_ctrl_20260907_194411:IPOS_STBIO1_MAIN_CONTROLLER_019,IPOS_STBIO1_MAIN_CONTROLLER_019,"When IMP_CURRINJ_EN (CURR_INJ register [3]) is high, O_CK_Q shall be run with a phase",IPOS_MAIN_CTRL.pdf,2026-09-07,60,p060:l33,new,,no deterministic overlap,manual_review,pending,
ipos_main_ctrl_20260907_194411:IPOS_STBIO1_MAIN_CONTROLLER_021,IPOS_STBIO1_MAIN_CONTROLLER_021,"When DEVICE_FSM FSM is in WAIT_SU state, if IMP_EN (IMP_CTRL register [0]) is equal to 1 and BIA_SEL (DEVICE_CONFIG_CHANNEL register [2]) is equal to 1; 20ms after the falling of O_RST_IMP, if EN_CHOP_CLK_IMP (EN_CHOP_FREQ_MOD_DEMOD register [1]) is set to 1, O_CK_CHOP_IMP shall be generated from Clock generator block, so O_CK_CHOP_IMP shall be run at 10kHz frequency. On the other hand, if EN_CHOP_CLK_IMP (EN_CHOP_FREQ_MOD_DEMOD register [1]) is set",IPOS_MAIN_CTRL.pdf,2026-09-07,61,p061:l6,new,,no deterministic overlap,manual_review,pending,
ipos_main_ctrl_20260907_194411:IPOS_STBIO1_MAIN_CONTROLLER_023,IPOS_STBIO1_MAIN_CONTROLLER_023,"When DEVICE_FSM FSM is in WAIT_SU state, if IMP_EN signal (IMP_CTRL register [0]) is equal to 1 and BIA_SEL (DEVICE_CONFIG_CHANNEL register [2]) is equal to 1; If i_su_hlt_dly is set to 0, 205ms after the falling of O_RSTI_IMP, O_SUG_IMP shall go low. Instead, if SU_DLY (EN_CHOP_FREQ_MOD_DEMOD register [2]) is set to 1, 755ms after the",IPOS_MAIN_CTRL.pdf,2026-09-07,61,p061:l18,new,,no deterministic overlap,manual_review,pending,
ipos_main_ctrl_20260907_194411:IPOS_STBIO1_MAIN_CONTROLLER_024,IPOS_STBIO1_MAIN_CONTROLLER_024,"When DEVICE_FSM FSM is in WAIT_SU STATE ( main_controller_status_register (DEVICE_STATUS_REG register [2:0]) is equal to 0x03) if HC_EN (ECG_CTRL register [0]) is set to 1 and ECG0_SEL (DEVICE_CONFIG_CHANNEL register [0]) is set to 1 and MODE_OPERATION (bit [1:0] on DEVICE_CONFIG_OPERATION register) is different to 0, after WAIT_SU state the device shall go in OPERATIVE (DEVICE_STATUS_REG register [2:0] is equal",IPOS_MAIN_CTRL.pdf,2026-09-07,61,p061:l24,new,,no deterministic overlap,manual_review,pending,
ipos_main_ctrl_20260907_194411:IPOS_STBIO1_MAIN_CONTROLLER_3124,IPOS_STBIO1_MAIN_CONTROLLER_3124,"When the ELAB_FSM is in ECG State and only ECG0 is selected, the o_ADC_EN shall go high,",IPOS_MAIN_CTRL.pdf,2026-09-07,61,p061:l31,new,,no deterministic overlap,manual_review,pending,
ipos_main_ctrl_20260907_194411:IPOS_STBIO1_MAIN_CONTROLLER_3125,IPOS_STBIO1_MAIN_CONTROLLER_3125,"When ELAB_FSM is in ECG state and ECG1 and ECG2 are selected , o_ADC_EN shall go high and 10 acquisitions are required (acquisitions described in chapter in section 5.4 ADC PHASE).",IPOS_MAIN_CTRL.pdf,2026-09-07,62,p062:l7,new,,no deterministic overlap,manual_review,pending,
ipos_main_ctrl_20260907_194411:IPOS_STBIO1_MAIN_CONTROLLER_026,IPOS_STBIO1_MAIN_CONTROLLER_026,"When DEVICE_FSM FSM is in IDLE STATE (main_controller_status_register (DEVICE_STATUS_REG register [2:0]) is equal to 0x02) if HC_EN (ECG_CTRL register [0]) is set to 1 and IMP_EN (IMP_CTRL register [0]) is set to 1 and ECG0_SEL (DEVICE_CONFIG_CHANNEL [0]) is set to 1 and ECG1_ECG2_SEL (DEVICE_CONFIG_CHANNEL [1]) is set to 1, after WAIT_SU the device_fsm shall go in",IPOS_MAIN_CTRL.pdf,2026-09-07,62,p062:l11,new,,no deterministic overlap,manual_review,pending,
ipos_main_ctrl_20260907_194411:IPOS_STBIO1_MAIN_CONTROLLER_3126,IPOS_STBIO1_MAIN_CONTROLLER_3126,"When ELAB_FSM is in ECG state and EC0, ECG1 and ECG2 are selected , o_ADC_EN shall go high and15 acquisitions are required (acquisitions described in 5.4 ADC PHASE) and then device",IPOS_MAIN_CTRL.pdf,2026-09-07,62,p062:l18,new,,no deterministic overlap,manual_review,pending,
ipos_main_ctrl_20260907_194411:IPOS_STBIO1_MAIN_CONTROLLER_3127,IPOS_STBIO1_MAIN_CONTROLLER_3127,"When ELAB_FSM is in BIA state , o_ADC_EN shall go high and 16 acquisitions are required (acquisitions described in section 5.4 ADC PHASE ) and then device shall go in",IPOS_MAIN_CTRL.pdf,2026-09-07,62,p062:l27,new,,no deterministic overlap,manual_review,pending,
ipos_main_ctrl_20260907_194411:IPOS_STBIO1_MAIN_CONTROLLER_028,IPOS_STBIO1_MAIN_CONTROLLER_028,"When DEVICE_FSM FSM is in IDLE STATE (main_controller_status_register (DEVICE_STATUS_REG register [2:0]) is equal to 0x02) if HC_EN (ECG_CTRL register [0]) is set to 1 and ECG0_SEL (DEVICE_CONFIG_CHANNEL [0]) is set to 1 and IMP_EN (IMP_CTRL register [0]) is set to 1 and BIA_SEL (DEVICE_CONFIG_CHANNEL [2]) is set to 1, after WAIT_SU, the device FSM shall go in OPERATIVE (DEVICE_STATUS_REG register [2:0] is equal to 0x04).",IPOS_MAIN_CTRL.pdf,2026-09-07,62,p062:l31,new,,no deterministic overlap,manual_review,pending,
ipos_main_ctrl_20260907_194411:IPOS_STBIO1_MAIN_CONTROLLER_128,IPOS_STBIO1_MAIN_CONTROLLER_128,When ECG0 and BIA are selected 21 acquisitions shall be required (acquisitions described in section 5.4 ADC PHASE) and then device shall go in SLEEP (DEVICE_STATUS_REG register,IPOS_MAIN_CTRL.pdf,2026-09-07,62,p062:l38,new,,no deterministic overlap,manual_review,pending,
ipos_main_ctrl_20260907_194411:IPOS_STBIO1_MAIN_CONTROLLER_029,IPOS_STBIO1_MAIN_CONTROLLER_029,"When DEVICE_FSM FSM is in IDLE if PPG_SEL (DEVICE_CONFIG_CHANNEL [4]) is set to 1 and MODE_OPERATION (bit [1:0] on DEVICE_CONFIG_OPERATION register) is different to 0, the device shall go in PPG state (main_controller_status_register in ELAB_STATUS_REG register",IPOS_MAIN_CTRL.pdf,2026-09-07,63,p063:l2,new,,no deterministic overlap,manual_review,pending,
ipos_main_ctrl_20260907_194411:IPOS_STBIO1_MAIN_CONTROLLER_030,IPOS_STBIO1_MAIN_CONTROLLER_030,When DEVICE_FSM FSM is in PPG state (main_controller_status_register in ELAB_STATUS_REG register [3:0] shall be equal to 0x05) the device shall be execute a number of frames equal to N_PPG_FRAME (GENERAL_PPG_PARAMETERS_1 register [3:0]) (Check the i_id_frame shall increase until it’s equal to N_PPG_FRAME-1). At the beginning of each frame o_ADC_EN shall go high and it shall go low when ALC_COMPENSATION is performed or,IPOS_MAIN_CTRL.pdf,2026-09-07,63,p063:l7,new,,no deterministic overlap,manual_review,pending,
ipos_main_ctrl_20260907_194411:IPOS_STBIO1_MAIN_CONTROLLER_031,IPOS_STBIO1_MAIN_CONTROLLER_031,"When DEVICE_FSM FSM is in PPG state (main_controller_status_register in ELAB_STATUS_REG register [3:0] shall be equal to 0x 05) o_ADC_start shall go high a number of times equal “2 ^ value indicated in regmap of FRAME_{n}_SAMPLES (FRAME_n_PARAMETERS_1 register [5:3]) for ALC and PPG both (2*(2^regmap_value). Except when FRAME_{n}_SAMPLES is equal to 3’b000, in this case o_ADC_start shall go high 3 times.",IPOS_MAIN_CTRL.pdf,2026-09-07,63,p063:l14,new,,no deterministic overlap,manual_review,pending,
ipos_main_ctrl_20260907_194411:IPOS_STBIO1_MAIN_CONTROLLER_032,IPOS_STBIO1_MAIN_CONTROLLER_032,"When DEVICE_FSM FSM is in PPG state (main_controller_status_register in ELAB_STATUS_REG register [3:0] shall be equal to 0x05) during each frame o_Txi_idac_VREF shall go from 0 to N_MAX (DIGITAL_RAMP_CONFIG_PARAM_1 register [3:0]). At first, o_Txi_idac_VREF shall be increase its value of N_START for next step o_Txi_idac_VREF shall",IPOS_MAIN_CTRL.pdf,2026-09-07,63,p063:l21,new,,no deterministic overlap,manual_review,pending,
ipos_main_ctrl_20260907_194411:IPOS_STBIO1_MAIN_CONTROLLER_033,IPOS_STBIO1_MAIN_CONTROLLER_033,"When not in IDLE STATE (main_controller_status_register (DEVICE_STATUS_REG register [2:0]) is equal to 0x02) , Device_FSM shall go back in IDLE only if the user turns off the",IPOS_MAIN_CTRL.pdf,2026-09-07,63,p063:l27,new,,no deterministic overlap,manual_review,pending,
ipos_main_ctrl_20260907_194411:IPOS_STBIO1_MAIN_CONTROLLER_034,IPOS_STBIO1_MAIN_CONTROLLER_034,"When in OPERATIVE (main_controller_status_register (DEVICE_STATUS_REG register [2:0]) is equal to 0x02), if the time slot counter reach its limit, the Device_FSM shall go into the error state (DEVICE_STATUS_REGISTER) and raise an interrupt (o_error_time_slot) to the Digital_Top.",IPOS_MAIN_CTRL.pdf,2026-09-07,63,p063:l31,new,,no deterministic overlap,manual_review,pending,
ipos_main_ctrl_20260907_194411:IPOS_STBIO1_MAIN_CONTROLLER_1034,IPOS_STBIO1_MAIN_CONTROLLER_1034,"Once in the ERROR state, the user shall wait 1ms before set to 0 the MODE_OPERATION to go",IPOS_MAIN_CTRL.pdf,2026-09-07,64,p064:l2,new,,no deterministic overlap,manual_review,pending,
ipos_main_ctrl_20260907_194411:IPOS_STBIO1_MAIN_CONTROLLER_035,IPOS_STBIO1_MAIN_CONTROLLER_035,"When DEVICE_FSM FSM is in Operative State (DEVICE_STATUS_REG register [2:0]==0x04), the o_MC_busy shall go to 1 and shall go to 0 one clock cycle after entering the SLEEP state if",IPOS_MAIN_CTRL.pdf,2026-09-07,64,p064:l5,new,,no deterministic overlap,manual_review,pending,
ipos_main_ctrl_20260907_194411:IPOS_STBIO1_MAIN_CONTROLLER_036,IPOS_STBIO1_MAIN_CONTROLLER_036,"When in Sleep Mode, the device shall go back to the Operative State if no error (o_error_irq stuck at 0) occurs and all the operations are ended . Furthermore, if no Bio -Channel operations are selected and more than 150us are left before the start of a new time slot, the o_pd_clkf (Digital",IPOS_MAIN_CTRL.pdf,2026-09-07,64,p064:l9,new,,no deterministic overlap,manual_review,pending,
ipos_main_ctrl_20260907_194411:IPOS_STBIO1_MAIN_CONTROLLER_436,IPOS_STBIO1_MAIN_CONTROLLER_436,"When in Sleep Mode and no Bio-Channel are selected, if every elaboration is ended and there are at least 34 clock cycles at 32kHz before the start of a new time slot, the o_en_ldo_1v8 shall go",IPOS_MAIN_CTRL.pdf,2026-09-07,64,p064:l14,new,,no deterministic overlap,manual_review,pending,
ipos_main_ctrl_20260907_194411:IPOS_STBIO1_MAIN_CONTROLLER_037,IPOS_STBIO1_MAIN_CONTROLLER_037,"In a Time Slot, when a BIO-Channel operation is selected, o_en_bufxbio signal (in Digital Top) shall go high at least a configurable time (Device Config Operation [6:5]) before selecting the first",IPOS_MAIN_CTRL.pdf,2026-09-07,64,p064:l18,new,,no deterministic overlap,manual_review,pending,
ipos_main_ctrl_20260907_194411:IPOS_STBIO1_MAIN_CONTROLLER_038,IPOS_STBIO1_MAIN_CONTROLLER_038,"When the ELAB_FSM is in ECG State, the ADC_Mux (concatenation of {o_adc_mux_sel, o_adc_mux_bio_channel} on digital top) output shall be set equal to 001 and after 4 acquisitions (described in section 5.4 ADC PHASE) shall be set to 010. If ECG1 and ECG2 are selected, the",IPOS_MAIN_CTRL.pdf,2026-09-07,64,p064:l22,new,,no deterministic overlap,manual_review,pending,
ipos_main_ctrl_20260907_194411:IPOS_STBIO1_MAIN_CONTROLLER_039,IPOS_STBIO1_MAIN_CONTROLLER_039,"When ELAB FSM is in PPG state (main_controller_status_register in ELAB_STATUS_REG register [3:0] shall be equal to 0x05) or a WAIT_END_OPERATIVE State, o_en_biobuffer shall",IPOS_MAIN_CTRL.pdf,2026-09-07,64,p064:l27,new,,no deterministic overlap,manual_review,pending,
ipos_main_ctrl_20260907_194411:IPOS_STBIO1_MAIN_CONTROLLER_3128,IPOS_STBIO1_MAIN_CONTROLLER_3128,"When the wave velocity mode is selected and the device FSM is in WAIT_SU, the Elaboration FSM shall go into the TIMER BUFFER State and then into the PPG ALC STORAGE",IPOS_MAIN_CTRL.pdf,2026-09-07,65,p065:l4,new,,no deterministic overlap,manual_review,pending,
ipos_main_ctrl_20260907_194411:IPOS_STBIO1_MAIN_CONTROLLER_3129,IPOS_STBIO1_MAIN_CONTROLLER_3129,"When the ppg ioff calibration and the adc calibration are selected, the adc calibration shall be",IPOS_MAIN_CTRL.pdf,2026-09-07,65,p065:l8,new,,no deterministic overlap,manual_review,pending,
ipos_main_ctrl_20260907_194411:IPOS_STBIO1_MAIN_CONTROLLER_044,IPOS_STBIO1_MAIN_CONTROLLER_044,"When i_rstn is asserted low, all the output shall be set to 0, except for count_cap that shall be set",IPOS_MAIN_CTRL.pdf,2026-09-07,69,p069:l18,new,,no deterministic overlap,manual_review,pending,
ipos_main_ctrl_20260907_194411:IPOS_STBIO1_MAIN_CONTROLLER_045,IPOS_STBIO1_MAIN_CONTROLLER_045,The o_adc_ready shall be set to 1 when the ADC is getting ready (o_adc_en is set to 1 but not,IPOS_MAIN_CTRL.pdf,2026-09-07,69,p069:l21,new,,no deterministic overlap,manual_review,pending,
ipos_main_ctrl_20260907_194411:IPOS_STBIO1_MAIN_CONTROLLER_047,IPOS_STBIO1_MAIN_CONTROLLER_047,"When the calibration phase is ended, the o_end_cal_phase shall be set to 1 and shall stay high",IPOS_MAIN_CTRL.pdf,2026-09-07,70,p070:l4,new,,no deterministic overlap,manual_review,pending,
ipos_main_ctrl_20260907_194411:IPOS_STBIO1_MAIN_CONTROLLER_049,IPOS_STBIO1_MAIN_CONTROLLER_049,"When ECG, BIA or GSR Is sampled, i_ADC_en is equal to 1, the o_ADC_clk_en shall be set to 1.",IPOS_MAIN_CTRL.pdf,2026-09-07,70,p070:l10,new,,no deterministic overlap,manual_review,pending,
ipos_main_ctrl_20260907_194411:IPOS_STBIO1_MAIN_CONTROLLER_051,IPOS_STBIO1_MAIN_CONTROLLER_051,[Covers: DDS_STBIO1_0121] [Covers: DDS_STBIO1_0129] The Sampling Phase shall be configurable by the user with i_N_clk values from 0 up to 63. This,IPOS_MAIN_CTRL.pdf,2026-09-07,70,p070:l13,new,,no deterministic overlap,manual_review,pending,
ipos_main_ctrl_20260907_194411:IPOS_STBIO1_MAIN_CONTROLLER_052,IPOS_STBIO1_MAIN_CONTROLLER_052,"When the i_ADC_en_mc and i_adc_en_mask is set to 0, all the output shall be set to 0, except for the o_end_cal_phases and o_ADC_clk_en. The o_end_cal_phases shall be set to 1 if i_do_calibration (bit 0 of ADC_CAL_CONFIG) is set to 0, otherwise shall be set to 0 until the end",IPOS_MAIN_CTRL.pdf,2026-09-07,70,p070:l18,new,,no deterministic overlap,manual_review,pending,
ipos_main_ctrl_20260907_194411:IPOS_STBIO1_MAIN_CONTROLLER_0152,IPOS_STBIO1_MAIN_CONTROLLER_0152,"If the calibration has been done, the ADC_error_caps values computed shall reset only if the",IPOS_MAIN_CTRL.pdf,2026-09-07,70,p070:l23,new,,no deterministic overlap,manual_review,pending,
ipos_main_ctrl_20260907_194411:IPOS_STBIO1_MAIN_CONTROLLER_053,IPOS_STBIO1_MAIN_CONTROLLER_053,"When the i_ADC_en_mc and i_adc_en_mask is set to 1, at least 160 clock cycles shall pass before",IPOS_MAIN_CTRL.pdf,2026-09-07,70,p070:l26,new,,no deterministic overlap,manual_review,pending,
ipos_main_ctrl_20260907_194411:IPOS_STBIO1_MAIN_CONTROLLER_054,IPOS_STBIO1_MAIN_CONTROLLER_054,"When the ADC_phases fsm is ready and an acquisition is required, the o_ADC_start shall stay",IPOS_MAIN_CTRL.pdf,2026-09-07,70,p070:l29,new,,no deterministic overlap,manual_review,pending,
ipos_main_ctrl_20260907_194411:IPOS_STBIO1_MAIN_CONTROLLER_055,IPOS_STBIO1_MAIN_CONTROLLER_055,"After an acquisition is started, the ADC_Phases shall wait for the i_ADC_EOC sampling the new",IPOS_MAIN_CTRL.pdf,2026-09-07,70,p070:l32,new,,no deterministic overlap,manual_review,pending,
ipos_main_ctrl_20260907_194411:IPOS_STBIO1_MAIN_CONTROLLER_058,IPOS_STBIO1_MAIN_CONTROLLER_058,"The calibration phase shall set the adc_error_cap8…0 to the correct value, following the calibration",IPOS_MAIN_CTRL.pdf,2026-09-07,71,p071:l4,new,,no deterministic overlap,manual_review,pending,
ipos_main_ctrl_20260907_194411:IPOS_STBIO1_MAIN_CONTROLLER_059,IPOS_STBIO1_MAIN_CONTROLLER_059,"If the i_noise signal is set to 1 when the DEVICE_FSM is into PPG State, the i_n_avarage shall",IPOS_MAIN_CTRL.pdf,2026-09-07,71,p071:l7,new,,no deterministic overlap,manual_review,pending,
ipos_main_ctrl_20260907_194411:IPOS_STBIO1_MAIN_CONTROLLER_060,IPOS_STBIO1_MAIN_CONTROLLER_060,"When the last acquisition is performed, after the last i_ADC_EOC arrived, the ADC_phases shall",IPOS_MAIN_CTRL.pdf,2026-09-07,71,p071:l12,new,,no deterministic overlap,manual_review,pending,
ipos_main_ctrl_20260907_194411:IPOS_STBIO1_MAIN_CONTROLLER_061,IPOS_STBIO1_MAIN_CONTROLLER_061,"When the i_data_out_adc is sampled, the 15 bit (MSB in little endian), shall be negated in order to",IPOS_MAIN_CTRL.pdf,2026-09-07,71,p071:l15,new,,no deterministic overlap,manual_review,pending,
ipos_main_ctrl_20260907_194411:IPOS_STBIO1_MAIN_CONTROLLER_062,IPOS_STBIO1_MAIN_CONTROLLER_062,"When i_debug_calibration is set (second bitfield of ADC_CAL_CONFIG ), the number of samples used by the avarage block during the calibration shall be set to 2. (The purpose of this mode is to",IPOS_MAIN_CTRL.pdf,2026-09-07,71,p071:l18,new,,no deterministic overlap,manual_review,pending,
ipos_main_ctrl_20260907_194411:IPOS_STBIO1_MAIN_CONTROLLER_063,IPOS_STBIO1_MAIN_CONTROLLER_063,"When i_debug_adc_error_cap8_0_bypass is set to 1 (set to 1 en_debug_adc_error_cap8_0_bypass of ADC_GENERAL_DEBUG_0 ), the calibration result shall be bypassed in favor of the value written inside the registers",IPOS_MAIN_CTRL.pdf,2026-09-07,71,p071:l22,new,,no deterministic overlap,manual_review,pending,
ipos_main_ctrl_20260907_194411:IPOS_STBIO1_MAIN_CONTROLLER_064,IPOS_STBIO1_MAIN_CONTROLLER_064,"When the adc_readout_bypass mode is enabled by the 2 bitfield ADC_GENERAL_DEBUG_0 , the sampling phase of the ADC Phgen shall be bypassed in favor of regmap. In particular, the Sampling phase shall be controlled by the register EN_ADC_DEBUG and EN_ADC_START in ADC_GENERAL_DEBUG_0 and the sampled data shall be written in ADC_DATA_OUT_DEBUG_LOW and ADC_DATA_OUT_DEBUG_HIGH. and In this mode, before start a new sampling operation, the RESET_DEBUG_ADC DATA in",IPOS_MAIN_CTRL.pdf,2026-09-07,71,p071:l27,new,,no deterministic overlap,manual_review,pending,
ipos_main_ctrl_20260907_194411:IPOS_STBIO1_MAIN_CONTROLLER_073,IPOS_STBIO1_MAIN_CONTROLLER_073,"When the i_hc_en is set to 0 and i_imp_en is set to 1 and i_n_ecg_channel is equal to 2, ECG1 and ECG2 shall be active so the o_pd_hc2 shall remain high, o_pd_imp_from_bia shall go low",IPOS_MAIN_CTRL.pdf,2026-09-07,74,p074:l11,new,,no deterministic overlap,manual_review,pending,
ipos_main_ctrl_20260907_194411:IPOS_STBIO1_MAIN_CONTROLLER_074,IPOS_STBIO1_MAIN_CONTROLLER_074,"When the i_hc_en is set to 1 and i_imp_en is set to 1 and i_n_ecg_channel is equal to 3, ECG0- ECG1 and ECG2 shall be active so the o_pd_hc2 shall go low, o_pd_imp shall go low and",IPOS_MAIN_CTRL.pdf,2026-09-07,74,p074:l15,new,,no deterministic overlap,manual_review,pending,
ipos_main_ctrl_20260907_194411:IPOS_STBIO1_MAIN_CONTROLLER_077,IPOS_STBIO1_MAIN_CONTROLLER_077,"20ms after that the o_rst_hc2 is gone low, if i_clk_hlt_en is equal to 1, chopper_clock shall be generated and after another 10ms, o_rsti_hc2 shall go low. Instead, if i_clk_hlt_en is equal to 0,",IPOS_MAIN_CTRL.pdf,2026-09-07,74,p074:l23,new,,no deterministic overlap,manual_review,pending,
ipos_main_ctrl_20260907_194411:IPOS_STBIO1_MAIN_CONTROLLER_078,IPOS_STBIO1_MAIN_CONTROLLER_078,"If i_su_hlt_dly is set to 0. At least after 205ms that the o_rsti_hc2 is gone low, o_su_hc2 shall go",IPOS_MAIN_CTRL.pdf,2026-09-07,74,p074:l27,new,,no deterministic overlap,manual_review,pending,
ipos_main_ctrl_20260907_194411:IPOS_STBIO1_MAIN_CONTROLLER_4079,IPOS_STBIO1_MAIN_CONTROLLER_4079,"If i_rst_async_ecg is set to 1, the start-up phase shall restart but no clock shall stop if enabled.",IPOS_MAIN_CTRL.pdf,2026-09-07,75,p075:l4,new,,no deterministic overlap,manual_review,pending,
ipos_main_ctrl_20260907_194411:IPOS_STBIO1_MAIN_CONTROLLER_4080,IPOS_STBIO1_MAIN_CONTROLLER_4080,"If i_rst_async_ecg is set to 1, it shall go to zero at least 5ms after that o_su_hc2 is set to 0.",IPOS_MAIN_CTRL.pdf,2026-09-07,75,p075:l7,new,,no deterministic overlap,manual_review,pending,
ipos_main_ctrl_20260907_194411:IPOS_STBIO1_MAIN_CONTROLLER_080,IPOS_STBIO1_MAIN_CONTROLLER_080,"When the user selects an operative mode that includes the BIA channel, a start-up shall be done.",IPOS_MAIN_CTRL.pdf,2026-09-07,78,p078:l7,new,,no deterministic overlap,manual_review,pending,
ipos_main_ctrl_20260907_194411:IPOS_STBIO1_MAIN_CONTROLLER_082,IPOS_STBIO1_MAIN_CONTROLLER_082,"When i_imp_curinj signal is equal to 1, the o_imp_curinj_pd shall go low. On the other hand, if",IPOS_MAIN_CTRL.pdf,2026-09-07,78,p078:l12,new,,no deterministic overlap,manual_review,pending,
ipos_main_ctrl_20260907_194411:IPOS_STBIO1_MAIN_CONTROLLER_083,IPOS_STBIO1_MAIN_CONTROLLER_083,"At least 5ms after the falling of o_imp_curinj_pd and o_pd_imp_from_bia, if i_imp_curinj is equal to 1, o_en_ck_m_p_q shall be high and ck_m, ck_p and ck_q shall be generated from Clock generator block. On the other hand, if i_imp_curinj is equal to 0, the ck_m_p_q shall stay low.",IPOS_MAIN_CTRL.pdf,2026-09-07,78,p078:l15,new,,no deterministic overlap,manual_review,pending,
ipos_main_ctrl_20260907_194411:IPOS_STBIO1_MAIN_CONTROLLER_085,IPOS_STBIO1_MAIN_CONTROLLER_085,"20ms after the falling of o_rst_imp, if i_clk_imp_en is set to 1, the o_en_ck_chop_imp shall be high and ck_chop_imp shall be generated from Clock generator block. On the hand, if i_clk_imp_en is",IPOS_MAIN_CTRL.pdf,2026-09-07,78,p078:l22,new,,no deterministic overlap,manual_review,pending,
ipos_main_ctrl_20260907_194411:IPOS_STBIO1_MAIN_CONTROLLER_087,IPOS_STBIO1_MAIN_CONTROLLER_087,"If i_su_hlt_dly is set to 0,at least 205 ms after the falling of o_rsti_imp, o_sug_imp shall go low. Instead, if i_su_hlt_dly is set to 1, 755ms after the falling of o_rsti_imp, o_sug_imp shall go low.",IPOS_MAIN_CTRL.pdf,2026-09-07,78,p078:l28,new,,no deterministic overlap,manual_review,pending,
ipos_main_ctrl_20260907_194411:IPOS_STBIO1_MAIN_CONTROLLER_4090,IPOS_STBIO1_MAIN_CONTROLLER_4090,"If i_rst_async_bia is set to 1, the start-up phase shall restart but no clock shall stop if",IPOS_MAIN_CTRL.pdf,2026-09-07,80,p080:l2,new,,no deterministic overlap,manual_review,pending,
ipos_main_ctrl_20260907_194411:IPOS_STBIO1_MAIN_CONTROLLER_4091,IPOS_STBIO1_MAIN_CONTROLLER_4091,"If i_rst_async_bia is set to 1, it shall go to zero at least 5ms after that the o_sug_imp is set to 0",IPOS_MAIN_CTRL.pdf,2026-09-07,80,p080:l5,new,,no deterministic overlap,manual_review,pending,
ipos_main_ctrl_20260907_194411:IPOS_STBIO1_MAIN_CONTROLLER_5092,IPOS_STBIO1_MAIN_CONTROLLER_5092,i_rst_async_bia shall be used also to reset the START-UP phase for ECG channel 1 and,IPOS_MAIN_CTRL.pdf,2026-09-07,80,p080:l10,new,,no deterministic overlap,manual_review,pending,
ipos_main_ctrl_20260907_194411:IPOS_STBIO1_MAIN_CONTROLLER_088,IPOS_STBIO1_MAIN_CONTROLLER_088,The i_m_gsr [SET_GSR_FREQ_h and SET_GSR_FREQ_l] shall define how many time slots pass between two GSR acquisitions following this formula: GSRdata = time_slot 2 ∗ m_gsr,IPOS_MAIN_CTRL.pdf,2026-09-07,81,p081:l6,new,,no deterministic overlap,manual_review,pending,
ipos_main_ctrl_20260907_194411:IPOS_STBIO1_MAIN_CONTROLLER_089,IPOS_STBIO1_MAIN_CONTROLLER_089,"If the en_gsr_cds [bit 3 of GSR_CTRL] is set High, the i_m_gsr shall define also in which time slot after the GSR_Curr_on falls from 1 to 0, an acquisition without current injection (o_gsr_curr_on set",IPOS_MAIN_CTRL.pdf,2026-09-07,81,p081:l12,new,,no deterministic overlap,manual_review,pending,
ipos_main_ctrl_20260907_194411:IPOS_STBIO1_MAIN_CONTROLLER_092,IPOS_STBIO1_MAIN_CONTROLLER_092,"If en_gsr_cds is set low [bit 3 of GSR_CTRL], the gsr_curr_on shall set high in every time slot",IPOS_MAIN_CTRL.pdf,2026-09-07,81,p081:l18,new,,no deterministic overlap,manual_review,pending,
ipos_main_ctrl_20260907_194411:IPOS_STBIO1_MAIN_CONTROLLER_093,IPOS_STBIO1_MAIN_CONTROLLER_093,"If en_gsr_cds is set high [bit 3 of GSR_CTRL] the GSR_SNS (acquisition with o_gsr_curr_on set to 1) and GSR_CDS (acquisition with o_gsr_curr_on set to 0) shall be sampled 16 times, then mediated to get one single value for each of them, and then the final result shall be the subtraction between GSR_SNS and GSR_CDS. On the other hand, If en_gsr_cds is set low, no acquisition of GSR_CDS shall be done and the result shall be the average of 16 acquisitions of",IPOS_MAIN_CTRL.pdf,2026-09-07,81,p081:l21,new,,no deterministic overlap,manual_review,pending,
ipos_main_ctrl_20260907_194411:IPOS_STBIO1_MAIN_CONTROLLER_094,IPOS_STBIO1_MAIN_CONTROLLER_094,"When only GSR is selected (NO ECG0 and PPG are selected), if i_m_gsr [SET_GSR_FREQ_h and SET_GSR_FREQ_l] is greater than 0, the Device FSM shall go in SLEEP after the IDLE State and shall go back in Operative State only when the measurement shall be run or, in case of",IPOS_MAIN_CTRL.pdf,2026-09-07,81,p081:l28,new,,no deterministic overlap,manual_review,pending,
ipos_main_ctrl_20260907_194411:IPOS_STBIO1_MAIN_CONTROLLER_7095,IPOS_STBIO1_MAIN_CONTROLLER_7095,All the PPG_FSM state shall be checked using the PPG_STATUS_REGISTER in Regmap (the,IPOS_MAIN_CTRL.pdf,2026-09-07,89,p089:l11,new,,no deterministic overlap,manual_review,pending,
ipos_main_ctrl_20260907_194411:IPOS_STBIO1_MAIN_CONTROLLER_095,IPOS_STBIO1_MAIN_CONTROLLER_095,"The o_En_TIA, o_EN_Buff, o_EN_ADC and o_EN_IDAC shall be high when the PPG_FSM is",IPOS_MAIN_CTRL.pdf,2026-09-07,89,p089:l14,new,,no deterministic overlap,manual_review,pending,
ipos_main_ctrl_20260907_194411:IPOS_STBIO1_MAIN_CONTROLLER_096,IPOS_STBIO1_MAIN_CONTROLLER_096,"When the i_m_ppg ( SET_PPG_FREQ_h and SET_PPG_FREQ_l) is different from 0 and PPG_SEL in DEVICE_CONFIG_CHANNEL register is set to 1, when the ELAB_FSM is in PPG STATE, PPG_IOFF_CALIB or PPG_ALC_STORAGE, the i_start_operation_for_ppg shall be set",IPOS_MAIN_CTRL.pdf,2026-09-07,89,p089:l19,new,,no deterministic overlap,manual_review,pending,
ipos_main_ctrl_20260907_194411:IPOS_STBIO1_MAIN_CONTROLLER_6098,IPOS_STBIO1_MAIN_CONTROLLER_6098,"When i_wave_velocity_mode is set to 1, the ALC Compensation shall be set only when the",IPOS_MAIN_CTRL.pdf,2026-09-07,89,p089:l28,new,,no deterministic overlap,manual_review,pending,
ipos_main_ctrl_20260907_194411:IPOS_STBIO1_MAIN_CONTROLLER_6070,IPOS_STBIO1_MAIN_CONTROLLER_6070,"When i_wave_velocity mode is enabled together with the DISABLE_ALC, the PPG_ALC_STORAGE shall be performed but once the Device goes into OPERATIVE State, the",IPOS_MAIN_CTRL.pdf,2026-09-07,90,p090:l2,new,,no deterministic overlap,manual_review,pending,
ipos_main_ctrl_20260907_194411:IPOS_STBIO1_MAIN_CONTROLLER_098,IPOS_STBIO1_MAIN_CONTROLLER_098,"When in ALC Compensation, the PPG FSM shall raise the o_start_alc_comp signal to the ALC",IPOS_MAIN_CTRL.pdf,2026-09-07,90,p090:l6,new,,no deterministic overlap,manual_review,pending,
ipos_main_ctrl_20260907_194411:IPOS_STBIO1_MAIN_CONTROLLER_099,IPOS_STBIO1_MAIN_CONTROLLER_099,"When in ALC Compensation, the PPG shall wait that the rise of i_end_compensation signal from the ALC Compensation block to go into the RX_Start_UP state. This shall happen in OPERATIVE.",IPOS_MAIN_CTRL.pdf,2026-09-07,90,p090:l9,new,,no deterministic overlap,manual_review,pending,
ipos_main_ctrl_20260907_194411:IPOS_STBIO1_MAIN_CONTROLLER_100,IPOS_STBIO1_MAIN_CONTROLLER_100,"When in Rx_Start_Up state, the o_tx_Preset shall be set 0, the en_tx_i shall be set to 1, the o_BIDAC shall maintain the value reached during the ALC Compensation summed up, if i_ppg_ioff_calibration is enabled, with the IOFF_OFFSET computed during the IOFF Calibration",IPOS_MAIN_CTRL.pdf,2026-09-07,90,p090:l17,new,,no deterministic overlap,manual_review,pending,
ipos_main_ctrl_20260907_194411:IPOS_STBIO1_MAIN_CONTROLLER_101,IPOS_STBIO1_MAIN_CONTROLLER_101,"When in Rx_Start_Up state, the PPG_FSM shall stay in this state for the T_rx_set time (GENERAL_PPG_PARAMETERS_3 register [3:0])) and then go into the FIRST_ALC_SAMPLES",IPOS_MAIN_CTRL.pdf,2026-09-07,90,p090:l22,new,,no deterministic overlap,manual_review,pending,
ipos_main_ctrl_20260907_194411:IPOS_STBIO1_MAIN_CONTROLLER_102,IPOS_STBIO1_MAIN_CONTROLLER_102,"When in FIRST_ALC_SAMPLES state, the o_start_ADC signal shall be set high until",IPOS_MAIN_CTRL.pdf,2026-09-07,90,p090:l26,new,,no deterministic overlap,manual_review,pending,
ipos_main_ctrl_20260907_194411:IPOS_STBIO1_MAIN_CONTROLLER_103,IPOS_STBIO1_MAIN_CONTROLLER_103,"When in FIRST_ALC_SAMPLES state, the PPG_FSM Shall stay in this state until 1 clock cycle after the rise of the i_end_average and the TX_start_up time has passed. After that, the PPG FSM",IPOS_MAIN_CTRL.pdf,2026-09-07,90,p090:l29,new,,no deterministic overlap,manual_review,pending,
ipos_main_ctrl_20260907_194411:IPOS_STBIO1_MAIN_CONTROLLER_1102,IPOS_STBIO1_MAIN_CONTROLLER_1102,Tx Preset shall be set to 1 a configurable TX_Preset_Step time before the start of the Digital,IPOS_MAIN_CTRL.pdf,2026-09-07,90,p090:l33,new,,no deterministic overlap,manual_review,pending,
ipos_main_ctrl_20260907_194411:IPOS_STBIO1_MAIN_CONTROLLER_1104,IPOS_STBIO1_MAIN_CONTROLLER_1104,Tx Preset shall be set to 0 before the rising phase(i_start_digtal_ramp) and after the falling phase,IPOS_MAIN_CTRL.pdf,2026-09-07,91,p091:l4,new,,no deterministic overlap,manual_review,pending,
ipos_main_ctrl_20260907_194411:IPOS_STBIO1_MAIN_CONTROLLER_8106,IPOS_STBIO1_MAIN_CONTROLLER_8106,"If multiple frame is selected (i_frame_repetition in ppg_fsm greater than 0), when Tx Preset falls from 1 to 0, the en_tx shall pass from 1 to 0 only during the last repetition (check that when",IPOS_MAIN_CTRL.pdf,2026-09-07,91,p091:l10,new,,no deterministic overlap,manual_review,pending,
ipos_main_ctrl_20260907_194411:IPOS_STBIO1_MAIN_CONTROLLER_104,IPOS_STBIO1_MAIN_CONTROLLER_104,"When in FIRST_ALC_SAMPLES state, when i_end_average is set to 1, the o_start_digital_ramp signal shall be set high to start the rising of the digital ramp and go into the RISING_RAMP state.",IPOS_MAIN_CTRL.pdf,2026-09-07,91,p091:l14,new,,no deterministic overlap,manual_review,pending,
ipos_main_ctrl_20260907_194411:IPOS_STBIO1_MAIN_CONTROLLER_105,IPOS_STBIO1_MAIN_CONTROLLER_105,"When in Rising_Ramp state, at the half of Rising_time, the o_idac_dc_ppg_frame shall be set to the IDAC_DC_PPG_FRAME_{n} (FRAME_n_PARAMETERS_5 register [5:0]) value related to the",IPOS_MAIN_CTRL.pdf,2026-09-07,91,p091:l18,new,,no deterministic overlap,manual_review,pending,
ipos_main_ctrl_20260907_194411:IPOS_STBIO1_MAIN_CONTROLLER_106,IPOS_STBIO1_MAIN_CONTROLLER_106,"When in Rising_Ramp State, the PPG_FSM shall stay in this state until the end of the Rising Time",IPOS_MAIN_CTRL.pdf,2026-09-07,91,p091:l22,new,,no deterministic overlap,manual_review,pending,
ipos_main_ctrl_20260907_194411:IPOS_STBIO1_MAIN_CONTROLLER_108,IPOS_STBIO1_MAIN_CONTROLLER_108,"When in Measurement state, the PPG_FSM shall stay in this state until the rising of the i_end_average signal from the ADC block. After that, the PPG_FSM shall bring itself into the Falling",IPOS_MAIN_CTRL.pdf,2026-09-07,91,p091:l28,new,,no deterministic overlap,manual_review,pending,
ipos_main_ctrl_20260907_194411:IPOS_STBIO1_MAIN_CONTROLLER_109,IPOS_STBIO1_MAIN_CONTROLLER_109,"When in MEASUREMENT State, the o_falling_digital_ramp signal shall be set to 1 to go into the",IPOS_MAIN_CTRL.pdf,2026-09-07,91,p091:l32,new,,no deterministic overlap,manual_review,pending,
ipos_main_ctrl_20260907_194411:IPOS_STBIO1_MAIN_CONTROLLER_110,IPOS_STBIO1_MAIN_CONTROLLER_110,"When in Falling_Ramp State, at the half of the Falling_Time the o_idac_dc_ppg_frame shall be",IPOS_MAIN_CTRL.pdf,2026-09-07,91,p091:l35,new,,no deterministic overlap,manual_review,pending,
ipos_main_ctrl_20260907_194411:IPOS_STBIO1_MAIN_CONTROLLER_111,IPOS_STBIO1_MAIN_CONTROLLER_111,"When in Falling_Ramp state, the PPG_FSM shall stay in this state until the end of the Falling Time (depends on the user's configuration of Digital Ramp parameters) and bring itself into the",IPOS_MAIN_CTRL.pdf,2026-09-07,92,p092:l2,new,,no deterministic overlap,manual_review,pending,
ipos_main_ctrl_20260907_194411:IPOS_STBIO1_MAIN_CONTROLLER_112,IPOS_STBIO1_MAIN_CONTROLLER_112,"When in SECOND_ALC_SAMPLES state, the o_en_Txi shall be set low after the end at least of the T_tx_ledoff time (TX_LEDOFF_FRAME_{n}) and the o_start_adc signal shall be set to 1.",IPOS_MAIN_CTRL.pdf,2026-09-07,92,p092:l6,new,,no deterministic overlap,manual_review,pending,
ipos_main_ctrl_20260907_194411:IPOS_STBIO1_MAIN_CONTROLLER_113,IPOS_STBIO1_MAIN_CONTROLLER_113,"When in SECOND_ALC_SAMPLES state, the PPG_FSM shall stay in this state until the rise of the end_of_conversion signal from the ADC block. After that, if there are no more frames to run, the PPG_FSM shall go into the Reset State, otherwise, if there are other frames to run and channel rx is not changed, the PPG_FSM shall go into the Rx_start_up phase. On the other hand, if there are other frame to run and rx_channel is changed, the PPG_FSM shall go into the RESET_PPG",IPOS_MAIN_CTRL.pdf,2026-09-07,92,p092:l10,new,,no deterministic overlap,manual_review,pending,
ipos_main_ctrl_20260907_194411:IPOS_STBIO1_MAIN_CONTROLLER_1095,IPOS_STBIO1_MAIN_CONTROLLER_1095,"The o_pd_tia, o_pd_idac and o_pd_pga shall be the negated version the o_en_tia, o_en_idac",IPOS_MAIN_CTRL.pdf,2026-09-07,92,p092:l17,new,,no deterministic overlap,manual_review,pending,
ipos_main_ctrl_20260907_194411:IPOS_STBIO1_MAIN_CONTROLLER_115,IPOS_STBIO1_MAIN_CONTROLLER_115,"At the end of each Frame, the start_avarage signal shall be rise to the Average block computation. Once the Average is computed, if no averages_between_equal_frames option is selected, the data shall be written inside the FIFO Memory using the Main Control ler AHB Master interface. If there is avareges_between_equal_frames option selected from regmap, after the computations of this average, the obtained data shall be written inside the FIFO Memory using the Main Controller AHB",IPOS_MAIN_CTRL.pdf,2026-09-07,92,p092:l20,new,,no deterministic overlap,manual_review,pending,
ipos_main_ctrl_20260907_194411:IPOS_STBIO1_MAIN_CONTROLLER_1116,IPOS_STBIO1_MAIN_CONTROLLER_1116,"When the Ioff Calibration algorithm is enabled, it shall be performed every time a new",IPOS_MAIN_CTRL.pdf,2026-09-07,93,p093:l3,new,,no deterministic overlap,manual_review,pending,
ipos_main_ctrl_20260907_194411:IPOS_STBIO1_MAIN_CONTROLLER_118,IPOS_STBIO1_MAIN_CONTROLLER_118,"When the input signal o_Tx_preset is set to 1, the o_Tx_Vref shall increment the first step at value i_N_start (DIGITAL_RAMP_CONFIG_PARAM_3 register [2:0]) at a time i_T_preset",IPOS_MAIN_CTRL.pdf,2026-09-07,96,p096:l21,new,,no deterministic overlap,manual_review,pending,
ipos_main_ctrl_20260907_194411:IPOS_STBIO1_MAIN_CONTROLLER_120,IPOS_STBIO1_MAIN_CONTROLLER_120,"When the i_falling_digital_ramp is set to 1, the o_TX_Vref shall decrement from N_MAX value (DIGITAL_RAMP_CONFIG_PARAM_1 register [3:0]) to zero with a step equal to 1 every 2-clock",IPOS_MAIN_CTRL.pdf,2026-09-07,98,p098:l4,new,,no deterministic overlap,manual_review,pending,
ipos_main_ctrl_20260907_194411:IPOS_STBIO1_MAIN_CONTROLLER_126,IPOS_STBIO1_MAIN_CONTROLLER_126,"When ALC_COMP starts, o_BTIA_gain (2:0) shall be set at i_gain_start (PPG_ALC_CONFIG_PARAM_2 register [4:2]) and o_w_BTIA_ALC (8:0) shall be set at",IPOS_MAIN_CTRL.pdf,2026-09-07,102,p102:l6,new,,no deterministic overlap,manual_review,pending,
ipos_main_ctrl_20260907_194411:IPOS_STBIO1_MAIN_CONTROLLER_728,IPOS_STBIO1_MAIN_CONTROLLER_728,"At the end of ALC compensation, if ALC is not masked, o_w_BTIA_ALC relative to the running frame, shall be set to output system (check when i_end_of_compensation rise in PPG FSM). If",IPOS_MAIN_CTRL.pdf,2026-09-07,102,p102:l12,new,,no deterministic overlap,manual_review,pending,
ipos_main_ctrl_20260907_194411:IPOS_STBIO1_MAIN_CONTROLLER_6129,IPOS_STBIO1_MAIN_CONTROLLER_6129,"When i_ALC_comp_start is set to 1, the first rise of the o_comp_rx_ck shall happen at least after",IPOS_MAIN_CTRL.pdf,2026-09-07,102,p102:l16,new,,no deterministic overlap,manual_review,pending,
ipos_main_ctrl_20260907_194411:IPOS_STBIO1_MAIN_CONTROLLER_134,IPOS_STBIO1_MAIN_CONTROLLER_134,"According to time diagram, when in RESET_PPG and ELAB_FSM is in PPG state during the first frame (i_id_frame=0) , shall be wait a configurable time PPG_START_UP_TIME (PPG_START_UP_TIME starting from when i_start_operation_ppg is set to 1 and at least 1 clock",IPOS_MAIN_CTRL.pdf,2026-09-07,103,p103:l6,new,,no deterministic overlap,manual_review,pending,
ipos_main_ctrl_20260907_194411:IPOS_STBIO1_MAIN_CONTROLLER_137,IPOS_STBIO1_MAIN_CONTROLLER_137,"The average block shall perform an average on 4 Samples for each of ECG_x_AC, BIA AC P, BIA AC Q, BIA DC P and BIA DC Q , 1 Sample ECG_x_DC (Check if the i_end_of_coversion rise the",IPOS_MAIN_CTRL.pdf,2026-09-07,107,p107:l2,new,,no deterministic overlap,manual_review,pending,
ipos_main_ctrl_20260907_194411:IPOS_STBIO1_MAIN_CONTROLLER_138,IPOS_STBIO1_MAIN_CONTROLLER_138,"The average block shall perform the average on 16 sample acquisition for GSR. When the CDS mode is enabled, the average block shall perform a n average on 16 sample acquisition on GSR ON and 16 sample acquisition on GSR OFF, then shall perform a subtraction operation between",IPOS_MAIN_CTRL.pdf,2026-09-07,107,p107:l6,new,,no deterministic overlap,manual_review,pending,
ipos_main_ctrl_20260907_194411:IPOS_STBIO1_MAIN_CONTROLLER_1139,IPOS_STBIO1_MAIN_CONTROLLER_1139,"The PPG Noise Data shall be accumulated in two phases, the first when the PPG FSM state is in FIRST_ALC_SAMPLES States and the second when the PPG FSM state is in the",IPOS_MAIN_CTRL.pdf,2026-09-07,107,p107:l11,new,,no deterministic overlap,manual_review,pending,
ipos_main_ctrl_20260907_194411:IPOS_STBIO1_MAIN_CONTROLLER_140,IPOS_STBIO1_MAIN_CONTROLLER_140,"Once the PPG Raw Data and PPG Noise reach the i_n_average_ppg value , depending on the ALC Mask bit value, the two accumulated shall be subtracted and final results shall be computed as follow: I_N_Average_PPG Samples Result with ALC MASK=0 Result with ALC Mask=1 0 3= (N1+P+N2) (Acc_P-(Acc_N)/2) * 8 Acc_P*16 2 4= (N1+2P+N2) (Acc_P -(Acc_N)) * 4 Acc_P *8 4 8= (2N1+4P+2N2) (Acc_P -(Acc_N)) * 2 Acc_P *4 8 16= (4N1+8P+4N2) (Acc_P -(Acc_N)) Acc_P *2 16 32= (8N1+16P+8N2) (Acc_P -(Acc_N))/2 Acc_P 32 64= (16N1+32P+16N2) (Acc_P -(Acc_N))/4 Acc_P /2 64 128= (32N1+64P+32N2) (Acc_P -(Acc_N))/8 Acc_P /4 128 256= (64N1+128P+64N2) (Acc_P -(Acc_N))/16 Acc_P /8 Table 18: PPG Result Table Where PPG Raw Data is indicated as P and PPG Noise is indicated as N1 and N2, while Acc_P",IPOS_MAIN_CTRL.pdf,2026-09-07,107,p107:l19,new,,no deterministic overlap,manual_review,pending,
ipos_main_ctrl_20260907_194411:IPOS_STBIO1_MAIN_CONTROLLER_1143,IPOS_STBIO1_MAIN_CONTROLLER_1143,"For GSR Operation, if i_en_cds is set 0, the behavior shall as described in Requirement 143, otherwise the o_write_enabled shall be asserted when i_end_of_coversion is set to 1 and i_n_average_ecg_bia_gsr is equal to their limit values when the measurement is done with",IPOS_MAIN_CTRL.pdf,2026-09-07,108,p108:l9,new,,no deterministic overlap,manual_review,pending,
ipos_main_ctrl_20260907_194411:IPOS_STBIO1_MAIN_CONTROLLER_2143,IPOS_STBIO1_MAIN_CONTROLLER_2143,"When i_frame_ppg_debug is set to a value greater than 0 and i_n_average_ppg is set to a value between 1 and 16, all the ADC output (i_data_in) for ALC (i_data_valid_noise_ppg_adc set to 1) and PPG data (i_data_valid_ppg_adc) shall be stored in o_adc_data_debug_alc_2,",IPOS_MAIN_CTRL.pdf,2026-09-07,108,p108:l14,new,,no deterministic overlap,manual_review,pending,
ipos_main_ctrl_20260907_194411:IPOS_STBIO1_MAIN_CONTROLLER_2144,IPOS_STBIO1_MAIN_CONTROLLER_2144,[Covers: DDS_STBIO1_0124] [Covers: DDS_STBIO1_0142] The data written in FIFO shall have the following tag: DATA TYPE BIT: 23 - 20 BIT: 19 - 16 BIT: 15 - 0 PPG FRAME 0 0000 DATA 20 BIT DATA 20 BIT DATA 20 BIT DATA 20 BIT DATA 20 BIT DATA 20 BIT DATA 20 BIT DATA 20 BIT DATA 20 BIT DATA 20 BIT DATA 20 BIT DATA 20 BIT PPG FRAME 1 0001 PPG FRAME 2 0010 PPG FRAME 3 0011 PPG FRAME 4 0100 PPG FRAME 5 0101 PPG FRAME 6 0110 PPG FRAME 7 0111 PPG FRAME 8 1000 PPG FRAME 9 1001 PPG FRAME 10 1010 PPG FRAME 11 1011 TIME SLOT DATA 1111 0000 DATA 16 BIT ECG0_AC 1100 0000 DATA 16 BIT ECG0_DC 1101 0000 DATA 16 BIT ECG1_AC 1100 0001 DATA 16 BIT ECG1_DC 1101 0001 DATA 16 BIT ECG2_AC 1100 0010 DATA 16 BIT ECG2_DC 1101 0010 DATA 16 BIT,IPOS_MAIN_CTRL.pdf,2026-09-07,108,p108:l19,new,,no deterministic overlap,manual_review,pending,
ipos_main_ctrl_20260907_194411:IPOS_STBIO1_MAIN_CONTROLLER_2146,IPOS_STBIO1_MAIN_CONTROLLER_2146,"In case the ppg sample data are equal (once converted in two’s complement) at 0x8000 or 0x7FFF for at least half of the selected average (example, if 128 acquisitions are selected, the threshold shall be greater or equal to 64), o_saturation_flag shall be set to 1 and shall go to 0 at the start of the next frame or frame repetition.",IPOS_MAIN_CTRL.pdf,2026-09-07,109,p109:l6,new,,no deterministic overlap,manual_review,pending,
ipos_main_ctrl_20260907_194411:IPOS_STBIO1_MAIN_CONTROLLER_2145,IPOS_STBIO1_MAIN_CONTROLLER_2145,"The Frame shall work as follows: 1. Select how many times a particular frame shall be repeated 2. The result of each repetition shall be obtained as explained in [IPOS_STBIO1_MAIN_CONTROLLER_1 40] REQUIREMENT 3. After the last repetition has been accumulated, the data output shall be obtained dividing by the number of repeated frames the accumulated data to obtain a 20 bit data. The final result shall be computed as follows: Number of times the Frame has been repeated Result 2 (Res_F_R1 + Res_F_R2)/2 4 (Res_F_R1 + Res_F_R2+Res_F_R3+Res_F_R4)/4 8 (Res_F_R1 + Res_F_R2+Res_F_R3+…..+Res_F_R8)/8 Table 20: Frame Repetitions Result Computation table Where Res_F_Rx stands for Result_frame_Repeated_times (Example: RES_F_R2 refers to the result of the second repetition of the frame.",IPOS_MAIN_CTRL.pdf,2026-09-07,109,p109:l17,new,,no deterministic overlap,manual_review,pending,
