Block,Entity kind,Function,Inputs,Outputs,Linked requirements
Sensor-Hub,concrete_block,"Operate the Sensor Hub I2C master for external targets, including trigger/control, pad enable, data collection, and FIFO multi-mode coordination.",Primary sensing input,Analog input signal,DDS_STBIO1_0204; DDS_STBIO1_0208; DDS_STBIO1_0211; DDS_STBIO1_0213; DDS_STBIO1_0217; DDS_STBIO1_9004; DDS_STBIO1_9011; DDS_STBIO1_9012; DDS_STBIO1_9013; DDS_STBIO1_9014; DDS_STBIO1_9017; DDS_STBIO1_9018; DDS_STBIO1_9024; DDS_STBIO1_9027; DDS_STBIO1_9029; DDS_STBIO1_9030; DDS_STBIO1_9031; DDS_STBIO1_9032; DDS_STBIO1_9033; DDS_STBIO1_9034; DDS_STBIO1_9035; DDS_STBIO1_9260; DDS_STBIO1_9261; DDS_STBIO1_9262; DDS_STBIO1_9263; DDS_STBIO1_9300; DDS_STBIO1_9317; DDS_STBIO1_9500
ADSP,concrete_block,"Execute ADSP firmware for OTP boot/write/test and signal elaboration, using mapped program/data/register memory and soft-reset handling.",Acquired samples and configuration data,Elaborated signal data and metadata,DDS_STBIO1_0013; DDS_STBIO1_0014; DDS_STBIO1_0015; DDS_STBIO1_0016; DDS_STBIO1_0017; DDS_STBIO1_0018; DDS_STBIO1_0019; DDS_STBIO1_0020; DDS_STBIO1_0021; DDS_STBIO1_0022; DDS_STBIO1_0023; DDS_STBIO1_0024; DDS_STBIO1_0025; DDS_STBIO1_0026; DDS_STBIO1_0027; DDS_STBIO1_0028; DDS_STBIO1_0032; DDS_STBIO1_0033; DDS_STBIO1_0034; DDS_STBIO1_0035; DDS_STBIO1_0203; DDS_STBIO1_0204; DDS_STBIO1_0206; DDS_STBIO1_0219; DDS_STBIO1_0221; DDS_STBIO1_0222; DDS_STBIO1_0223
Main Controller,concrete_block,"Generate and receive Analog Domain control signals, perform DSP elaboration on ADC outputs, and write elaborated results to the defined addresses.","Configuration register settings, sampled data",Control state and data routing,DDS_STBIO1_0117; DDS_STBIO1_0118; DDS_STBIO1_0119; DDS_STBIO1_0120; DDS_STBIO1_0121; DDS_STBIO1_0122; DDS_STBIO1_0123; DDS_STBIO1_0124; DDS_STBIO1_0125; DDS_STBIO1_0126; DDS_STBIO1_0127; DDS_STBIO1_0128; DDS_STBIO1_0129; DDS_STBIO1_0130; DDS_STBIO1_0140; DDS_STBIO1_0141; DDS_STBIO1_0142; DDS_STBIO1_0201; DDS_STBIO1_0202; DDS_STBIO1_0219; DDS_STBIO1_1114; IPOS_STBIO1_MAIN_CONTROLLER_002; IPOS_STBIO1_MAIN_CONTROLLER_004; IPOS_STBIO1_MAIN_CONTROLLER_008; IPOS_STBIO1_MAIN_CONTROLLER_009; IPOS_STBIO1_MAIN_CONTROLLER_010; IPOS_STBIO1_MAIN_CONTROLLER_011; IPOS_STBIO1_MAIN_CONTROLLER_0152; IPOS_STBIO1_MAIN_CONTROLLER_016; IPOS_STBIO1_MAIN_CONTROLLER_017; IPOS_STBIO1_MAIN_CONTROLLER_018; IPOS_STBIO1_MAIN_CONTROLLER_019; IPOS_STBIO1_MAIN_CONTROLLER_021; IPOS_STBIO1_MAIN_CONTROLLER_023; IPOS_STBIO1_MAIN_CONTROLLER_024; IPOS_STBIO1_MAIN_CONTROLLER_026; IPOS_STBIO1_MAIN_CONTROLLER_028; IPOS_STBIO1_MAIN_CONTROLLER_029; IPOS_STBIO1_MAIN_CONTROLLER_030; IPOS_STBIO1_MAIN_CONTROLLER_031; IPOS_STBIO1_MAIN_CONTROLLER_032; IPOS_STBIO1_MAIN_CONTROLLER_033; IPOS_STBIO1_MAIN_CONTROLLER_034; IPOS_STBIO1_MAIN_CONTROLLER_035; IPOS_STBIO1_MAIN_CONTROLLER_036; IPOS_STBIO1_MAIN_CONTROLLER_037; IPOS_STBIO1_MAIN_CONTROLLER_038; IPOS_STBIO1_MAIN_CONTROLLER_039; IPOS_STBIO1_MAIN_CONTROLLER_044; IPOS_STBIO1_MAIN_CONTROLLER_045; IPOS_STBIO1_MAIN_CONTROLLER_047; IPOS_STBIO1_MAIN_CONTROLLER_049; IPOS_STBIO1_MAIN_CONTROLLER_051; IPOS_STBIO1_MAIN_CONTROLLER_052; IPOS_STBIO1_MAIN_CONTROLLER_053; IPOS_STBIO1_MAIN_CONTROLLER_054; IPOS_STBIO1_MAIN_CONTROLLER_055; IPOS_STBIO1_MAIN_CONTROLLER_058; IPOS_STBIO1_MAIN_CONTROLLER_059; IPOS_STBIO1_MAIN_CONTROLLER_060; IPOS_STBIO1_MAIN_CONTROLLER_061; IPOS_STBIO1_MAIN_CONTROLLER_062; IPOS_STBIO1_MAIN_CONTROLLER_063; IPOS_STBIO1_MAIN_CONTROLLER_064; IPOS_STBIO1_MAIN_CONTROLLER_073; IPOS_STBIO1_MAIN_CONTROLLER_074; IPOS_STBIO1_MAIN_CONTROLLER_077; IPOS_STBIO1_MAIN_CONTROLLER_078; IPOS_STBIO1_MAIN_CONTROLLER_080; IPOS_STBIO1_MAIN_CONTROLLER_082; IPOS_STBIO1_MAIN_CONTROLLER_083; IPOS_STBIO1_MAIN_CONTROLLER_085; IPOS_STBIO1_MAIN_CONTROLLER_087; IPOS_STBIO1_MAIN_CONTROLLER_088; IPOS_STBIO1_MAIN_CONTROLLER_089; IPOS_STBIO1_MAIN_CONTROLLER_092; IPOS_STBIO1_MAIN_CONTROLLER_093; IPOS_STBIO1_MAIN_CONTROLLER_094; IPOS_STBIO1_MAIN_CONTROLLER_095; IPOS_STBIO1_MAIN_CONTROLLER_096; IPOS_STBIO1_MAIN_CONTROLLER_098; IPOS_STBIO1_MAIN_CONTROLLER_099; IPOS_STBIO1_MAIN_CONTROLLER_100; IPOS_STBIO1_MAIN_CONTROLLER_1004; IPOS_STBIO1_MAIN_CONTROLLER_1005; IPOS_STBIO1_MAIN_CONTROLLER_1007; IPOS_STBIO1_MAIN_CONTROLLER_1008; IPOS_STBIO1_MAIN_CONTROLLER_1009; IPOS_STBIO1_MAIN_CONTROLLER_101; IPOS_STBIO1_MAIN_CONTROLLER_1010; IPOS_STBIO1_MAIN_CONTROLLER_1011; IPOS_STBIO1_MAIN_CONTROLLER_102; IPOS_STBIO1_MAIN_CONTROLLER_103; IPOS_STBIO1_MAIN_CONTROLLER_1034; IPOS_STBIO1_MAIN_CONTROLLER_104; IPOS_STBIO1_MAIN_CONTROLLER_105; IPOS_STBIO1_MAIN_CONTROLLER_106; IPOS_STBIO1_MAIN_CONTROLLER_108; IPOS_STBIO1_MAIN_CONTROLLER_109; IPOS_STBIO1_MAIN_CONTROLLER_1095; IPOS_STBIO1_MAIN_CONTROLLER_110; IPOS_STBIO1_MAIN_CONTROLLER_1102; IPOS_STBIO1_MAIN_CONTROLLER_1104; IPOS_STBIO1_MAIN_CONTROLLER_111; IPOS_STBIO1_MAIN_CONTROLLER_1116; IPOS_STBIO1_MAIN_CONTROLLER_112; IPOS_STBIO1_MAIN_CONTROLLER_113; IPOS_STBIO1_MAIN_CONTROLLER_1139; IPOS_STBIO1_MAIN_CONTROLLER_1143; IPOS_STBIO1_MAIN_CONTROLLER_115; IPOS_STBIO1_MAIN_CONTROLLER_118; IPOS_STBIO1_MAIN_CONTROLLER_120; IPOS_STBIO1_MAIN_CONTROLLER_126; IPOS_STBIO1_MAIN_CONTROLLER_128; IPOS_STBIO1_MAIN_CONTROLLER_134; IPOS_STBIO1_MAIN_CONTROLLER_137; IPOS_STBIO1_MAIN_CONTROLLER_138; IPOS_STBIO1_MAIN_CONTROLLER_140; IPOS_STBIO1_MAIN_CONTROLLER_2143; IPOS_STBIO1_MAIN_CONTROLLER_2144; IPOS_STBIO1_MAIN_CONTROLLER_2145; IPOS_STBIO1_MAIN_CONTROLLER_2146; IPOS_STBIO1_MAIN_CONTROLLER_3124; IPOS_STBIO1_MAIN_CONTROLLER_3125; IPOS_STBIO1_MAIN_CONTROLLER_3126; IPOS_STBIO1_MAIN_CONTROLLER_3127; IPOS_STBIO1_MAIN_CONTROLLER_3128; IPOS_STBIO1_MAIN_CONTROLLER_3129; IPOS_STBIO1_MAIN_CONTROLLER_4079; IPOS_STBIO1_MAIN_CONTROLLER_4080; IPOS_STBIO1_MAIN_CONTROLLER_4090; IPOS_STBIO1_MAIN_CONTROLLER_4091; IPOS_STBIO1_MAIN_CONTROLLER_436; IPOS_STBIO1_MAIN_CONTROLLER_5004; IPOS_STBIO1_MAIN_CONTROLLER_5005; IPOS_STBIO1_MAIN_CONTROLLER_5015; IPOS_STBIO1_MAIN_CONTROLLER_5016; IPOS_STBIO1_MAIN_CONTROLLER_5092; IPOS_STBIO1_MAIN_CONTROLLER_6070; IPOS_STBIO1_MAIN_CONTROLLER_6098; IPOS_STBIO1_MAIN_CONTROLLER_6129; IPOS_STBIO1_MAIN_CONTROLLER_7095; IPOS_STBIO1_MAIN_CONTROLLER_728; IPOS_STBIO1_MAIN_CONTROLLER_8106
Smart FIFO,concrete_block,"Provide FIFO storage and AHB/memory access in mutually exclusive Unique or Multiple modes, including sub-FIFO depth/addressing and tagged Sensor Hub data formatting.","Digital samples, FIFO mode configuration",Buffered samples and FIFO status flags,DDS_STBIO1_00000008; DDS_STBIO1_00000102; DDS_STBIO1_00000199; DDS_STBIO1_00000202; DDS_STBIO1_00001199; DDS_STBIO1_0202; DDS_STBIO1_0206; DDS_STBIO1_0210; DDS_STBIO1_0211; DDS_STBIO1_0215; DDS_STBIO1_0220; DDS_STBIO1_89455232; DDS_STBIO1_89455261; DDS_STBIO1_89455449; DDS_STBIO1_89456557; DDS_STBIO1_89456975; DDS_STBIO1_89457435; DDS_STBIO1_89457790; DDS_STBIO1_89459082
Regmap,concrete_block,"Implement the mapped AFE, system, and OTP registers, exposing configuration/status while enforcing reset and OTP write-protection rules.",Host read/write transactions,Register data and status fields,DDS_STBIO1_0201; DDS_STBIO1_0203; DDS_STBIO1_0207; DDS_STBIO1_0212; DDS_STBIO1_0216; DDS_STBIO1_0507; DDS_STBIO1_0508; DDS_STBIO1_3000; DDS_STBIO1_3001; DDS_STBIO1_3002; DDS_STBIO1_3003; DDS_STBIO1_3004; DDS_STBIO1_3005; DDS_STBIO1_3006; DDS_STBIO1_4000
IRQ logic,concrete_block,"Aggregate and route FIFO, Sensor Hub, ISPU sample-ready, software, and timer interrupt status to configured GPIO/interrupt outputs.","FIFO status, DRDY events, threshold/events","INT1, INT2",
PMU,concrete_block,"Sequence POR-driven LDO1V8 enable, 64/32 kHz and 16 MHz clocks, clock-ready signaling, and digital-reset release for boot and power modes.","VDD/VDD_IO, power-on reset, clock references, clock-start requests, power-mode configuration","LDO and power-domain controls, clock enable/gating and ready status, reset-release signals, power-state status",DDS_STBIO1_0104; DDS_STBIO1_0105; DDS_STBIO1_0106; DDS_STBIO1_0107; DDS_STBIO1_0108; DDS_STBIO1_0109; DDS_STBIO1_0110; DDS_STBIO1_0111; DDS_STBIO1_0112; DDS_STBIO1_0113; DDS_STBIO1_0114; DDS_STBIO1_0115; DDS_STBIO1_1020; DDS_STBIO1_1021; DDS_STBIO1_1022; DDS_STBIO1_1023; DDS_STBIO1_1024; DDS_STBIO1_1025; DDS_STBIO1_1026; DDS_STBIO1_1027; DDS_STBIO1_1050; DDS_STBIO1_1051; DDS_STBIO1_1052; DDS_STBIO1_1053; DDS_STBIO1_1054; DDS_STBIO1_2024; DDS_STBIO1_2025; DDS_STBIO1_2026; DDS_STBIO1_2052; DDS_STBIO1_2053; DDS_STBIO1_2054
BIST Controller,concrete_block,Control BIST operating modes and coordinate ADC/OTP test operations and their register-visible results.,Self-test commands and calibration settings,Calibration/self-test status,
I2C_SPI_AHB,concrete_block,"Accept I2C/SPI accesses and translate them as needed into AHB transactions for device configuration and readback, including ISPU access.",Host bus transactions,Protocol-compliant responses,DDS_STBIO1_0207; DDS_STBIO1_0208; DDS_STBIO1_0209; DDS_STBIO1_0210; DDS_STBIO1_0221; DDS_STBIO1_8000; DDS_STBIO1_8001; DDS_STBIO1_8002; DDS_STBIO1_8003; DDS_STBIO1_8004; DDS_STBIO1_8005; DDS_STBIO1_8006; DDS_STBIO1_8007; DDS_STBIO1_8100; DDS_STBIO1_8101; DDS_STBIO1_8102; DDS_STBIO1_8103; DDS_STBIO1_8104; DDS_STBIO1_8105; DDS_STBIO1_8106
OTP,concrete_block,"Provide the source-specified one-time-programmable memory interface used by ADSP boot, programming, and test routines.","OTP control, address, bank selection, programming, trim, voltage, and current-reference signals",OTP read data and status,DDS_STBIO1_0036; DDS_STBIO1_0116
PAD MUX,concrete_block,"Route source-specified functional, scan, BIST, debug, and ISPU-debug signals to and from device pads.","Mode selection, register-map controls, test controls, and internal block outputs","Pad controls, test observations, and routed internal signals",DDS_STBIO1_302; DDS_STBIO1_303; DDS_STBIO1_304; DDS_STBIO1_305; DDS_STBIO1_306; DDS_STBIO1_307; DDS_STBIO1_308; DDS_STBIO1_309; DDS_STBIO1_310; DDS_STBIO1_311; DDS_STBIO1_312; DDS_STBIO1_313; DDS_STBIO1_314; DDS_STBIO1_392; DDS_STBIO1_393; DDS_STBIO1_394; DDS_STBIO1_395
ISPU,concrete_block,Represent the ISPU digital architecture block and its source/destination responsibilities described by Stage 2 interaction evidence.,Defined by interaction matrix ingress and upstream requirement evidence,Defined by interaction matrix egress and upstream requirement evidence,DDS_STBIO1_0209; DDS_STBIO1_0212; DDS_STBIO1_0213; DDS_STBIO1_0215; DDS_STBIO1_0218; DDS_STBIO1_0222
