Requirement ID,Source Paragraph,Requirement Statement,Identified Block Mapping,Non-Block Function Context,Routing Status
DDS_STBIO1_0201,"Section 11.1 XBAR Connection Matrix (under Section 11 Interconnect), paragraph 017 (page 34)",11.1. XBAR Connection Matrix Destination Source Regmap SENSOR HUB ISPU FIFO ADSP Main Controller,Unassigned,"Section 11.1 XBAR Connection Matrix (under Section 11 Interconnect), paragraph 017 (page 34)",retained_as_non_block_function_context
DDS_STBIO1_0202,"Section 11.1 XBAR Connection Matrix (under Section 11 Interconnect), paragraph 017 (page 34)",11.1. XBAR Connection Matrix Destination Source Regmap SENSOR HUB ISPU FIFO ADSP Main Controller,Unassigned,"Section 11.1 XBAR Connection Matrix (under Section 11 Interconnect), paragraph 017 (page 34)",retained_as_non_block_function_context
DDS_STBIO1_0219,"Section 11.1 XBAR Connection Matrix (under Section 11 Interconnect), paragraph 017 (page 34)",11.1. XBAR Connection Matrix Destination Source Regmap SENSOR HUB ISPU FIFO ADSP Main Controller,Unassigned,"Section 11.1 XBAR Connection Matrix (under Section 11 Interconnect), paragraph 017 (page 34)",retained_as_non_block_function_context
DDS_STBIO1_0203,"Section 11.1 XBAR Connection Matrix (under Section 11 Interconnect), paragraph 018 (page 34)",ADSP,Unassigned,"Section 11.1 XBAR Connection Matrix (under Section 11 Interconnect), paragraph 018 (page 34)",retained_as_non_block_function_context
DDS_STBIO1_0204,"Section 11.1 XBAR Connection Matrix (under Section 11 Interconnect), paragraph 018 (page 34)",ADSP,Unassigned,"Section 11.1 XBAR Connection Matrix (under Section 11 Interconnect), paragraph 018 (page 34)",retained_as_non_block_function_context
DDS_STBIO1_0206,"Section 11.1 XBAR Connection Matrix (under Section 11 Interconnect), paragraph 018 (page 34)",ADSP,Unassigned,"Section 11.1 XBAR Connection Matrix (under Section 11 Interconnect), paragraph 018 (page 34)",retained_as_non_block_function_context
DDS_STBIO1_0207,"Section 11.1 XBAR Connection Matrix (under Section 11 Interconnect), paragraph 019 (page 34)",I2C_SPI_AHB,Unassigned,"Section 11.1 XBAR Connection Matrix (under Section 11 Interconnect), paragraph 019 (page 34)",retained_as_non_block_function_context
DDS_STBIO1_0208,"Section 11.1 XBAR Connection Matrix (under Section 11 Interconnect), paragraph 019 (page 34)",I2C_SPI_AHB,Unassigned,"Section 11.1 XBAR Connection Matrix (under Section 11 Interconnect), paragraph 019 (page 34)",retained_as_non_block_function_context
DDS_STBIO1_0209,"Section 11.1 XBAR Connection Matrix (under Section 11 Interconnect), paragraph 019 (page 34)",I2C_SPI_AHB,Unassigned,"Section 11.1 XBAR Connection Matrix (under Section 11 Interconnect), paragraph 019 (page 34)",retained_as_non_block_function_context
DDS_STBIO1_0210,"Section 11.1 XBAR Connection Matrix (under Section 11 Interconnect), paragraph 019 (page 34)",I2C_SPI_AHB,Unassigned,"Section 11.1 XBAR Connection Matrix (under Section 11 Interconnect), paragraph 019 (page 34)",retained_as_non_block_function_context
DDS_STBIO1_0221,"Section 11.1 XBAR Connection Matrix (under Section 11 Interconnect), paragraph 019 (page 34)",I2C_SPI_AHB,Unassigned,"Section 11.1 XBAR Connection Matrix (under Section 11 Interconnect), paragraph 019 (page 34)",retained_as_non_block_function_context
DDS_STBIO1_0211,"Section 11.1 XBAR Connection Matrix (under Section 11 Interconnect), paragraph 020 (page 34)",SENSOR HUB,Unassigned,"Section 11.1 XBAR Connection Matrix (under Section 11 Interconnect), paragraph 020 (page 34)",retained_as_non_block_function_context
DDS_STBIO1_0212,"Section 11.1 XBAR Connection Matrix (under Section 11 Interconnect), paragraph 021 (page 34)",ISPU,Unassigned,"Section 11.1 XBAR Connection Matrix (under Section 11 Interconnect), paragraph 021 (page 34)",retained_as_non_block_function_context
DDS_STBIO1_0213,"Section 11.1 XBAR Connection Matrix (under Section 11 Interconnect), paragraph 021 (page 34)",ISPU,Unassigned,"Section 11.1 XBAR Connection Matrix (under Section 11 Interconnect), paragraph 021 (page 34)",retained_as_non_block_function_context
DDS_STBIO1_0215,"Section 11.1 XBAR Connection Matrix (under Section 11 Interconnect), paragraph 021 (page 34)",ISPU,Unassigned,"Section 11.1 XBAR Connection Matrix (under Section 11 Interconnect), paragraph 021 (page 34)",retained_as_non_block_function_context
DDS_STBIO1_0222,"Section 11.1 XBAR Connection Matrix (under Section 11 Interconnect), paragraph 021 (page 34)",ISPU,Unassigned,"Section 11.1 XBAR Connection Matrix (under Section 11 Interconnect), paragraph 021 (page 34)",retained_as_non_block_function_context
DDS_STBIO1_0216,"Section 11.1 XBAR Connection Matrix (under Section 11 Interconnect), paragraph 022 (page 34)",ISPU debug,Unassigned,"Section 11.1 XBAR Connection Matrix (under Section 11 Interconnect), paragraph 022 (page 34)",retained_as_non_block_function_context
DDS_STBIO1_0217,"Section 11.1 XBAR Connection Matrix (under Section 11 Interconnect), paragraph 022 (page 34)",ISPU debug,Unassigned,"Section 11.1 XBAR Connection Matrix (under Section 11 Interconnect), paragraph 022 (page 34)",retained_as_non_block_function_context
DDS_STBIO1_0218,"Section 11.1 XBAR Connection Matrix (under Section 11 Interconnect), paragraph 022 (page 34)",ISPU debug,Unassigned,"Section 11.1 XBAR Connection Matrix (under Section 11 Interconnect), paragraph 022 (page 34)",retained_as_non_block_function_context
DDS_STBIO1_0220,"Section 11.1 XBAR Connection Matrix (under Section 11 Interconnect), paragraph 022 (page 34)",ISPU debug,Unassigned,"Section 11.1 XBAR Connection Matrix (under Section 11 Interconnect), paragraph 022 (page 34)",retained_as_non_block_function_context
DDS_STBIO1_0223,"Section 11.1 XBAR Connection Matrix (under Section 11 Interconnect), paragraph 022 (page 34)",ISPU debug,Unassigned,"Section 11.1 XBAR Connection Matrix (under Section 11 Interconnect), paragraph 022 (page 34)",retained_as_non_block_function_context
DDS_STBIO1_0501,"Section 13.3.1 Requirements (under Section 13.3 ISPU integration), paragraph 007 (page 130)",The irq_FIFO_U_M_IRQ_STsATUS interrupt shall be connected to FIFO status to bit 29.,Unassigned,"Section 13.3.1 Requirements (under Section 13.3 ISPU integration), paragraph 007 (page 130)",retained_as_non_block_function_context
DDS_STBIO1_0502,"Section 13.3.1 Requirements (under Section 13.3 ISPU integration), paragraph 008 (page 130)",The irq_SENSHUB_STS interrupt shall be connected to SENSOR HUB status to bit 28.,Unassigned,"Section 13.3.1 Requirements (under Section 13.3 ISPU integration), paragraph 008 (page 130)",retained_as_non_block_function_context
DDS_STBIO1_0503,"Section 13.3.1 Requirements (under Section 13.3 ISPU integration), paragraph 009 (page 130)","The irq_ISPU_MC_INTR_STS interrupt shall be connected to ECG, BIA or PPG samples ready for elaboration to bit 27.",Unassigned,"Section 13.3.1 Requirements (under Section 13.3 ISPU integration), paragraph 009 (page 130)",retained_as_non_block_function_context
DDS_STBIO1_0504,"Section 13.3.1 Requirements (under Section 13.3 ISPU integration), paragraph 011 (page 130)",The sw_interrupt interrupt shall be connected to sw interrupt used by ADSP or external user to bit 26:11 16.,Unassigned,"Section 13.3.1 Requirements (under Section 13.3 ISPU integration), paragraph 011 (page 130)",retained_as_non_block_function_context
DDS_STBIO1_0505,"Section 13.3.1 Requirements (under Section 13.3 ISPU integration), paragraph 013 (page 130)",The irq_timer interrupt shall be connected to Internal timer to bit 1.,Unassigned,"Section 13.3.1 Requirements (under Section 13.3 ISPU integration), paragraph 013 (page 130)",retained_as_non_block_function_context
DDS_STBIO1_0509,"Section 13.3.1 Requirements (under Section 13.3 ISPU integration), paragraph 023 (page 131)","[DDS_STBIO1_0509] Requirement: To put the ISPU into sleep mode, it is necessary to perform a read at address 0x80054.",Unassigned,"Section 13.3.1 Requirements (under Section 13.3 ISPU integration), paragraph 023 (page 131)",retained_as_non_block_function_context
DDS_STBIO1_05010,"Section 13.3.1 Requirements (under Section 13.3 ISPU integration), paragraph 027 (page 131)","[DDS_STBIO1_05010] Requirement: To wake up the ISPU, it is necessary to trigger an interrupt.",Unassigned,"Section 13.3.1 Requirements (under Section 13.3 ISPU integration), paragraph 027 (page 131)",retained_as_non_block_function_context
DDS_STBIO1_05011,"Section 13.3.1 Requirements (under Section 13.3 ISPU integration), paragraph 031 (page 131)","[DDS_STBIO1_05011] Requirement: When the ISPU is in sleep mode, it is possible to perform reads and writes from the data and code memory by triggering an AHB transition.",Unassigned,"Section 13.3.1 Requirements (under Section 13.3 ISPU integration), paragraph 031 (page 131)",retained_as_non_block_function_context
DDS_STBIO1_0143,"Section 1 TIME SLOT LENGTH: (under Section 15.3.3 PPG Only), paragraph 010 (page 152)",[DDS_STBIO1_0143] Requirement: • The User shall configure time slot duration in DEVICE_CONFIG_OPERATION register [4:2].,Unassigned,"Section 1 TIME SLOT LENGTH: (under Section 15.3.3 PPG Only), paragraph 010 (page 152)",retained_as_non_block_function_context
DDS_STBIO1_0145,"Section 3 SELECT DIVISION INDEX FOR CONFIGURED CHANNELS: (under Section 15.3.3 PPG Only), paragraph 018 (page 152)","[DDS_STBIO1_0145] Requirement: • The user shall configure a division index PPG, writing M_PPG_l and M_PPG_h in SET_PPG_FREQ_l register and SET_PPG_FREQ_h register.",Unassigned,"Section 3 SELECT DIVISION INDEX FOR CONFIGURED CHANNELS: (under Section 15.3.3 PPG Only), paragraph 018 (page 152)",retained_as_non_block_function_context
DDS_STBIO1_0146,"Section 4 CONFIGURE ADC SAMPLING PERIOD: (under Section 15.3.3 PPG Only), paragraph 022 (page 152)",[DDS_STBIO1_0146] Requirement: • The user shall configure the number of clocks for sampling PPG data from ADC in ADC_CONFIG_PPG register.,Unassigned,"Section 4 CONFIGURE ADC SAMPLING PERIOD: (under Section 15.3.3 PPG Only), paragraph 022 (page 152)",retained_as_non_block_function_context
DDS_STBIO1_0144,"Section 2 SELECT CHANNEL: (under Section 15.3.3 PPG Only), paragraph 014 (page 152)","• The user shall select active channel, in this case only PPG_SEL and DS_SEL (data Storage) in DEVICE_CONFIG_CHANNEL register shall be set to 0x30.",Unassigned,"Section 2 SELECT CHANNEL: (under Section 15.3.3 PPG Only), paragraph 014 (page 152)",retained_as_non_block_function_context
DDS_STBIO1_0147,"Section 5 PPG FRAMES CONFIG: (under Section 15.3.3 PPG Only), paragraph 026 (page 152)","The user shall configure each frame following these steps: 5.1 ALC PARAMETERS: • T1 in PPG_ALC_CONFIG_PARAM_1 register. • T2, GAIN_START_SET, GAIN_MAX_SET in PPG_ALC_CONFIG_PARAM_2 register. 5.2 DIGITAL RAMP PARAMETERS: • N_MAX, T_DELTA in DIGITAL_RAMP_CONFIG_PARAM_1 register. • DELTA, T_DELTA1 in DIGITAL_RAMP_CONFIG_PARAM_2 register. • DELTA1 in DIGITAL_RAMP_CONFIG_PARAM_3 register. 5.3 GENERAL PPG PARAMETERS: • N_PPG_FRAME, WAVE_VELOCITY_MODE, SEL_PPG_ELAB in GENERAL_PPG_PARAMETERS_1 register. • T_TX_STARTUP in GENERAL_PPG_PARAMETERS_2 register. • T_RX_SET, PPG_START_UP_TIME_l in GENERAL_PPG_PARAMETERS_3 register. • PPG_START_UP_TIME_h in GENERAL_PPG_PARAMETERS_4 register. 5.4 PARAMETERS FOR EACH FRAME CONFIGURED BY USER: • RX_CH_FRAME_{n}, FRAME_{n}_SAMPLES, FRAME_{n}_REPETITION in FRAME_n_PARAMETERS_1 register. • BTIA_GAIN_FRAME_{n}, TX_LEDSET_FRAME_l_{n} in FRAME_n_PARAMETERS_2 register. • TX_LEDSET_FRAME_h_{n}, TX_LEDOFF_FRAME_l_{n} in FRAME_n_PARAMETERS_3 register. • TX_LEDOFF_FRAME_h_{n} in FRAME_n_PARAMETERS_4 register. • IDAC_DC_PPG_FRAME_{n} in FRAME_n_PARAMETERS_5 register. • EN_TX_i in FRAME_n_PARAMETERS_6 register. • CURR_SEL_TX_FRAME{n} in FRAME_n_PARAMETERS_7 register. • TX1_OUTAB_SEL_FRAME_{n}, TX2_OUTAB_SEL_FRAME_{n}, TX3_OUTAB_SEL_FRAME_{n}, TX4_OUTAB_SEL_FRAME_{n} in FRAME_n_PARAMETERS_10 register.",Unassigned,"Section 5 PPG FRAMES CONFIG: (under Section 15.3.3 PPG Only), paragraph 026 (page 152)",retained_as_non_block_function_context
DDS_STBIO1_0148,"Section 6 SELECT OPERATIVE MODE: (under Section 15.3.3 PPG Only), paragraph 008 (page 153)",[DDS_STBIO1_0148] Requirement: • The user shall write DEVICE_CONFIG_OPERATION register [0] at 1.,Unassigned,"Section 6 SELECT OPERATIVE MODE: (under Section 15.3.3 PPG Only), paragraph 008 (page 153)",retained_as_non_block_function_context
DDS_STBIO1_0149,"Section 7 CHECK DATA: (under Section 15.3.3 PPG Only), paragraph 011 (page 153)","• To check data in unique FIFO (default config) the user shall check the first MSB. PPG DATA has 20 bits of data and 4 of TAG. The 4 bits, from 0 to 11, are used to identify the frame (as described in the table in DATA TAG table).",Unassigned,"Section 7 CHECK DATA: (under Section 15.3.3 PPG Only), paragraph 011 (page 153)",retained_as_non_block_function_context
DDS_STBIO1_0699,"Section 18.1 Scan mode (under Section 18 Digital DFT), paragraph 011 (page 159)","After the initial boot phase, only with SPI interface, to turn on the Scan mode shall be: • Select page 3 of the regmap (ADDRESS=0x40, DATA=0x03) • Enable LDO 1V8 by writing to regmap VIREF_LDO1V8_CLK16M register (ADDRESS=0x0F, DATA=0x02) • Enable clock by writing to regmap VIREF_LDO1V8_CLK16M register (ADDRESS=0x0F, DATA=0x12) • Enable debug mode by writing to regmap (ADDRESS=0x3E, DATA=0x01) Figure 26 scan mode activation timing",Unassigned,"Section 18.1 Scan mode (under Section 18 Digital DFT), paragraph 011 (page 159)",retained_as_non_block_function_context
DDS_STBIO1_0700,"Section 18.2 Debug mode (under Section 18 Digital DFT), paragraph 024 (page 159)","After the initial boot phase, to turn on the Debug mode shall be: • Select page 3 of the regmap (ADDRESS=0x40, DATA=0x03) • Enable LDO 1V8 by writing to regmap VIREF_LDO1V8_CLK16M register (ADDRESS=0x0F, DATA=0x02) • Enable clock by writing to regmap VIREF_LDO1V8_CLK16M register (ADDRESS=0x0F, DATA=0x12) • Enable debug mode by writing to regmap (ADDRESS=0x3E, DATA=0x08)",Unassigned,"Section 18.2 Debug mode (under Section 18 Digital DFT), paragraph 024 (page 159)",retained_as_non_block_function_context
DDS_STBIO1_0701,"Section 18.3 ADC TEST LOW NOISE (under Section 18 Digital DFT), paragraph 006 (page 160)","To turn on the ADC TEST LOW NOISE mode shall be: • Select page 3 of the regmap (ADDRESS=0x40, DATA=0x03) • Enable LDO 1V8 by writing to regmap VIREF_LDO1V8_CLK16M register (ADDRESS=0xF, DATA=0x02) • Enable clock by writing to regmap VIREF_LDO1V8_CLK16M register (ADDRESS=0x0F, DATA=0x12) • Enable ADC in debug mode (ADDRESS=0x09, DATA=0x06) • Select page 2 of the regmap (ADDRESS=0x40, DATA=0x02) • Enable ADC TEST LOW NOISE and input of ADC from GPIO (ADDRESS=0x0A, DATA=0x14) • Select page 3 of the regmap (ADDRESS=0x40, DATA=0x02) • Enable debug mode by writing to regmap (ADDRESS=0x3E, DATA=0x08)",Unassigned,"Section 18.3 ADC TEST LOW NOISE (under Section 18 Digital DFT), paragraph 006 (page 160)",retained_as_non_block_function_context
DDS_STBIO1_0702,"Section 18.3 ADC TEST LOW NOISE (under Section 18 Digital DFT), paragraph 023 (page 160)","To turn on the ADC TEST LOW NOISE mode shall be: • Select page 3 of the regmap (ADDRESS=0x40, DATA=0x03) • Enable LDO 1V8 by writing to regmap VIREF_LDO1V8_CLK16M register (ADDRESS=0xF, DATA=0x02) • Enable clock by writing to regmap VIREF_LDO1V8_CLK16M register (ADDRESS=0x0F, DATA=0x12) • Enable ADC in debug mode (ADDRESS=0x09, DATA=0x06) • Select page 2 of the regmap (ADDRESS=0x40, DATA=0x02) • Enable ADC TEST LOW NOISE and input of ADC from GPIO (ADDRESS=0x0A, DATA=0x14) • Select page 3 of the regmap (ADDRESS=0x40, DATA=0x02) • Enable debug mode by writing to regmap (ADDRESS=0x3E, DATA=0x08)",Unassigned,"Section 18.3 ADC TEST LOW NOISE (under Section 18 Digital DFT), paragraph 023 (page 160)",retained_as_non_block_function_context
DDS_STBIO1_1507,"Section 18.4 ADC TEST FAST (under Section 18 Digital DFT), paragraph 010 (page 161)","To turn on the ADC TEST LOW NOISE mode shall be: • Select page 3 of the regmap (ADDRESS=0x40, DATA=0x03) • Enable LDO 1V8 by writing to regmap VIREF_LDO1V8_CLK16M register (ADDRESS=0xF, DATA=0x02) • Enable clock by writing to regmap VIREF_LDO1V8_CLK16M register (ADDRESS=0x0F, DATA=0x12) • Enable ADC in debug mode (ADDRESS=0x09, DATA=0x06) • Select page 2 of the regmap (ADDRESS=0x40, DATA=0x02) • Enable ADC TEST LOW NOISE and input of ADC from GPIO (ADDRESS=0x0A, DATA=0x0C) • Select page 3 of the regmap (ADDRESS=0x40, DATA=0x02) • Enable debug mode by writing to regmap (ADDRESS=0x3E, DATA=0x08)",Unassigned,"Section 18.4 ADC TEST FAST (under Section 18 Digital DFT), paragraph 010 (page 161)",retained_as_non_block_function_context
DDS_STBIO1_2507,"Section 18.5 BIST MODE (under Section 18 Digital DFT), paragraph 030 (page 161)","After the initial boot phase, to turn on the Debug mode shall be: • Select page 3 of the regmap (ADDRESS=0x40, DATA=0x03) • Enable LDO 1V8 by writing to regmap VIREF_LDO1V8_CLK16M register (ADDRESS=0x0F, DATA=0x02) • Enable clock by writing to regmap VIREF_LDO1V8_CLK16M register (ADDRESS=0x0F, DATA=0x12) • Enable the power island [DDS_STBIO1_0507] • Enable bist mode by writing to regmap (ADDRESS=0x3E, DATA=0x04)",Unassigned,"Section 18.5 BIST MODE (under Section 18 Digital DFT), paragraph 030 (page 161)",retained_as_non_block_function_context
