source_file,page,text_file,status
C:\Users\iannuzza\LOCAL_PROJ\Github_copilot_proj\STBIO_AI\specs\IPOS_MAIN_CTRL.pdf,1,C:\Users\iannuzza\LOCAL_PROJ\Github_copilot_proj\STBIO_AI\artifacts\source_ingestion\ipos_main_ctrl_20260907_191849\ocr_extracts\IPOS_MAIN_CTRL_p001.txt,text-extracted
C:\Users\iannuzza\LOCAL_PROJ\Github_copilot_proj\STBIO_AI\specs\IPOS_MAIN_CTRL.pdf,2,C:\Users\iannuzza\LOCAL_PROJ\Github_copilot_proj\STBIO_AI\artifacts\source_ingestion\ipos_main_ctrl_20260907_191849\ocr_extracts\IPOS_MAIN_CTRL_p002.txt,text-extracted
C:\Users\iannuzza\LOCAL_PROJ\Github_copilot_proj\STBIO_AI\specs\IPOS_MAIN_CTRL.pdf,3,C:\Users\iannuzza\LOCAL_PROJ\Github_copilot_proj\STBIO_AI\artifacts\source_ingestion\ipos_main_ctrl_20260907_191849\ocr_extracts\IPOS_MAIN_CTRL_p003.txt,text-extracted
C:\Users\iannuzza\LOCAL_PROJ\Github_copilot_proj\STBIO_AI\specs\IPOS_MAIN_CTRL.pdf,4,C:\Users\iannuzza\LOCAL_PROJ\Github_copilot_proj\STBIO_AI\artifacts\source_ingestion\ipos_main_ctrl_20260907_191849\ocr_extracts\IPOS_MAIN_CTRL_p004.txt,text-extracted
C:\Users\iannuzza\LOCAL_PROJ\Github_copilot_proj\STBIO_AI\specs\IPOS_MAIN_CTRL.pdf,5,C:\Users\iannuzza\LOCAL_PROJ\Github_copilot_proj\STBIO_AI\artifacts\source_ingestion\ipos_main_ctrl_20260907_191849\ocr_extracts\IPOS_MAIN_CTRL_p005.txt,text-extracted
C:\Users\iannuzza\LOCAL_PROJ\Github_copilot_proj\STBIO_AI\specs\IPOS_MAIN_CTRL.pdf,6,C:\Users\iannuzza\LOCAL_PROJ\Github_copilot_proj\STBIO_AI\artifacts\source_ingestion\ipos_main_ctrl_20260907_191849\ocr_extracts\IPOS_MAIN_CTRL_p006.txt,text-extracted
C:\Users\iannuzza\LOCAL_PROJ\Github_copilot_proj\STBIO_AI\specs\IPOS_MAIN_CTRL.pdf,7,C:\Users\iannuzza\LOCAL_PROJ\Github_copilot_proj\STBIO_AI\artifacts\source_ingestion\ipos_main_ctrl_20260907_191849\ocr_extracts\IPOS_MAIN_CTRL_p007.txt,text-extracted
C:\Users\iannuzza\LOCAL_PROJ\Github_copilot_proj\STBIO_AI\specs\IPOS_MAIN_CTRL.pdf,8,C:\Users\iannuzza\LOCAL_PROJ\Github_copilot_proj\STBIO_AI\artifacts\source_ingestion\ipos_main_ctrl_20260907_191849\ocr_extracts\IPOS_MAIN_CTRL_p008.txt,text-extracted
C:\Users\iannuzza\LOCAL_PROJ\Github_copilot_proj\STBIO_AI\specs\IPOS_MAIN_CTRL.pdf,9,C:\Users\iannuzza\LOCAL_PROJ\Github_copilot_proj\STBIO_AI\artifacts\source_ingestion\ipos_main_ctrl_20260907_191849\ocr_extracts\IPOS_MAIN_CTRL_p009.txt,text-extracted
C:\Users\iannuzza\LOCAL_PROJ\Github_copilot_proj\STBIO_AI\specs\IPOS_MAIN_CTRL.pdf,10,C:\Users\iannuzza\LOCAL_PROJ\Github_copilot_proj\STBIO_AI\artifacts\source_ingestion\ipos_main_ctrl_20260907_191849\ocr_extracts\IPOS_MAIN_CTRL_p010.txt,text-extracted
C:\Users\iannuzza\LOCAL_PROJ\Github_copilot_proj\STBIO_AI\specs\IPOS_MAIN_CTRL.pdf,11,C:\Users\iannuzza\LOCAL_PROJ\Github_copilot_proj\STBIO_AI\artifacts\source_ingestion\ipos_main_ctrl_20260907_191849\ocr_extracts\IPOS_MAIN_CTRL_p011.txt,text-extracted
C:\Users\iannuzza\LOCAL_PROJ\Github_copilot_proj\STBIO_AI\specs\IPOS_MAIN_CTRL.pdf,12,C:\Users\iannuzza\LOCAL_PROJ\Github_copilot_proj\STBIO_AI\artifacts\source_ingestion\ipos_main_ctrl_20260907_191849\ocr_extracts\IPOS_MAIN_CTRL_p012.txt,text-extracted
C:\Users\iannuzza\LOCAL_PROJ\Github_copilot_proj\STBIO_AI\specs\IPOS_MAIN_CTRL.pdf,13,C:\Users\iannuzza\LOCAL_PROJ\Github_copilot_proj\STBIO_AI\artifacts\source_ingestion\ipos_main_ctrl_20260907_191849\ocr_extracts\IPOS_MAIN_CTRL_p013.txt,text-extracted
C:\Users\iannuzza\LOCAL_PROJ\Github_copilot_proj\STBIO_AI\specs\IPOS_MAIN_CTRL.pdf,14,C:\Users\iannuzza\LOCAL_PROJ\Github_copilot_proj\STBIO_AI\artifacts\source_ingestion\ipos_main_ctrl_20260907_191849\ocr_extracts\IPOS_MAIN_CTRL_p014.txt,text-extracted
C:\Users\iannuzza\LOCAL_PROJ\Github_copilot_proj\STBIO_AI\specs\IPOS_MAIN_CTRL.pdf,15,C:\Users\iannuzza\LOCAL_PROJ\Github_copilot_proj\STBIO_AI\artifacts\source_ingestion\ipos_main_ctrl_20260907_191849\ocr_extracts\IPOS_MAIN_CTRL_p015.txt,text-extracted
C:\Users\iannuzza\LOCAL_PROJ\Github_copilot_proj\STBIO_AI\specs\IPOS_MAIN_CTRL.pdf,16,C:\Users\iannuzza\LOCAL_PROJ\Github_copilot_proj\STBIO_AI\artifacts\source_ingestion\ipos_main_ctrl_20260907_191849\ocr_extracts\IPOS_MAIN_CTRL_p016.txt,text-extracted
C:\Users\iannuzza\LOCAL_PROJ\Github_copilot_proj\STBIO_AI\specs\IPOS_MAIN_CTRL.pdf,17,C:\Users\iannuzza\LOCAL_PROJ\Github_copilot_proj\STBIO_AI\artifacts\source_ingestion\ipos_main_ctrl_20260907_191849\ocr_extracts\IPOS_MAIN_CTRL_p017.txt,text-extracted
C:\Users\iannuzza\LOCAL_PROJ\Github_copilot_proj\STBIO_AI\specs\IPOS_MAIN_CTRL.pdf,18,C:\Users\iannuzza\LOCAL_PROJ\Github_copilot_proj\STBIO_AI\artifacts\source_ingestion\ipos_main_ctrl_20260907_191849\ocr_extracts\IPOS_MAIN_CTRL_p018.txt,text-extracted
C:\Users\iannuzza\LOCAL_PROJ\Github_copilot_proj\STBIO_AI\specs\IPOS_MAIN_CTRL.pdf,19,C:\Users\iannuzza\LOCAL_PROJ\Github_copilot_proj\STBIO_AI\artifacts\source_ingestion\ipos_main_ctrl_20260907_191849\ocr_extracts\IPOS_MAIN_CTRL_p019.txt,text-extracted
C:\Users\iannuzza\LOCAL_PROJ\Github_copilot_proj\STBIO_AI\specs\IPOS_MAIN_CTRL.pdf,20,C:\Users\iannuzza\LOCAL_PROJ\Github_copilot_proj\STBIO_AI\artifacts\source_ingestion\ipos_main_ctrl_20260907_191849\ocr_extracts\IPOS_MAIN_CTRL_p020.txt,text-extracted
C:\Users\iannuzza\LOCAL_PROJ\Github_copilot_proj\STBIO_AI\specs\IPOS_MAIN_CTRL.pdf,21,C:\Users\iannuzza\LOCAL_PROJ\Github_copilot_proj\STBIO_AI\artifacts\source_ingestion\ipos_main_ctrl_20260907_191849\ocr_extracts\IPOS_MAIN_CTRL_p021.txt,text-extracted
C:\Users\iannuzza\LOCAL_PROJ\Github_copilot_proj\STBIO_AI\specs\IPOS_MAIN_CTRL.pdf,22,C:\Users\iannuzza\LOCAL_PROJ\Github_copilot_proj\STBIO_AI\artifacts\source_ingestion\ipos_main_ctrl_20260907_191849\ocr_extracts\IPOS_MAIN_CTRL_p022.txt,text-extracted
C:\Users\iannuzza\LOCAL_PROJ\Github_copilot_proj\STBIO_AI\specs\IPOS_MAIN_CTRL.pdf,23,C:\Users\iannuzza\LOCAL_PROJ\Github_copilot_proj\STBIO_AI\artifacts\source_ingestion\ipos_main_ctrl_20260907_191849\ocr_extracts\IPOS_MAIN_CTRL_p023.txt,text-extracted
C:\Users\iannuzza\LOCAL_PROJ\Github_copilot_proj\STBIO_AI\specs\IPOS_MAIN_CTRL.pdf,24,C:\Users\iannuzza\LOCAL_PROJ\Github_copilot_proj\STBIO_AI\artifacts\source_ingestion\ipos_main_ctrl_20260907_191849\ocr_extracts\IPOS_MAIN_CTRL_p024.txt,text-extracted
C:\Users\iannuzza\LOCAL_PROJ\Github_copilot_proj\STBIO_AI\specs\IPOS_MAIN_CTRL.pdf,25,C:\Users\iannuzza\LOCAL_PROJ\Github_copilot_proj\STBIO_AI\artifacts\source_ingestion\ipos_main_ctrl_20260907_191849\ocr_extracts\IPOS_MAIN_CTRL_p025.txt,text-extracted
C:\Users\iannuzza\LOCAL_PROJ\Github_copilot_proj\STBIO_AI\specs\IPOS_MAIN_CTRL.pdf,26,C:\Users\iannuzza\LOCAL_PROJ\Github_copilot_proj\STBIO_AI\artifacts\source_ingestion\ipos_main_ctrl_20260907_191849\ocr_extracts\IPOS_MAIN_CTRL_p026.txt,text-extracted
C:\Users\iannuzza\LOCAL_PROJ\Github_copilot_proj\STBIO_AI\specs\IPOS_MAIN_CTRL.pdf,27,C:\Users\iannuzza\LOCAL_PROJ\Github_copilot_proj\STBIO_AI\artifacts\source_ingestion\ipos_main_ctrl_20260907_191849\ocr_extracts\IPOS_MAIN_CTRL_p027.txt,text-extracted
C:\Users\iannuzza\LOCAL_PROJ\Github_copilot_proj\STBIO_AI\specs\IPOS_MAIN_CTRL.pdf,28,C:\Users\iannuzza\LOCAL_PROJ\Github_copilot_proj\STBIO_AI\artifacts\source_ingestion\ipos_main_ctrl_20260907_191849\ocr_extracts\IPOS_MAIN_CTRL_p028.txt,text-extracted
C:\Users\iannuzza\LOCAL_PROJ\Github_copilot_proj\STBIO_AI\specs\IPOS_MAIN_CTRL.pdf,29,C:\Users\iannuzza\LOCAL_PROJ\Github_copilot_proj\STBIO_AI\artifacts\source_ingestion\ipos_main_ctrl_20260907_191849\ocr_extracts\IPOS_MAIN_CTRL_p029.txt,text-extracted
C:\Users\iannuzza\LOCAL_PROJ\Github_copilot_proj\STBIO_AI\specs\IPOS_MAIN_CTRL.pdf,30,C:\Users\iannuzza\LOCAL_PROJ\Github_copilot_proj\STBIO_AI\artifacts\source_ingestion\ipos_main_ctrl_20260907_191849\ocr_extracts\IPOS_MAIN_CTRL_p030.txt,text-extracted
C:\Users\iannuzza\LOCAL_PROJ\Github_copilot_proj\STBIO_AI\specs\IPOS_MAIN_CTRL.pdf,31,C:\Users\iannuzza\LOCAL_PROJ\Github_copilot_proj\STBIO_AI\artifacts\source_ingestion\ipos_main_ctrl_20260907_191849\ocr_extracts\IPOS_MAIN_CTRL_p031.txt,text-extracted
C:\Users\iannuzza\LOCAL_PROJ\Github_copilot_proj\STBIO_AI\specs\IPOS_MAIN_CTRL.pdf,32,C:\Users\iannuzza\LOCAL_PROJ\Github_copilot_proj\STBIO_AI\artifacts\source_ingestion\ipos_main_ctrl_20260907_191849\ocr_extracts\IPOS_MAIN_CTRL_p032.txt,text-extracted
C:\Users\iannuzza\LOCAL_PROJ\Github_copilot_proj\STBIO_AI\specs\IPOS_MAIN_CTRL.pdf,33,C:\Users\iannuzza\LOCAL_PROJ\Github_copilot_proj\STBIO_AI\artifacts\source_ingestion\ipos_main_ctrl_20260907_191849\ocr_extracts\IPOS_MAIN_CTRL_p033.txt,text-extracted
C:\Users\iannuzza\LOCAL_PROJ\Github_copilot_proj\STBIO_AI\specs\IPOS_MAIN_CTRL.pdf,34,C:\Users\iannuzza\LOCAL_PROJ\Github_copilot_proj\STBIO_AI\artifacts\source_ingestion\ipos_main_ctrl_20260907_191849\ocr_extracts\IPOS_MAIN_CTRL_p034.txt,text-extracted
C:\Users\iannuzza\LOCAL_PROJ\Github_copilot_proj\STBIO_AI\specs\IPOS_MAIN_CTRL.pdf,35,C:\Users\iannuzza\LOCAL_PROJ\Github_copilot_proj\STBIO_AI\artifacts\source_ingestion\ipos_main_ctrl_20260907_191849\ocr_extracts\IPOS_MAIN_CTRL_p035.txt,text-extracted
C:\Users\iannuzza\LOCAL_PROJ\Github_copilot_proj\STBIO_AI\specs\IPOS_MAIN_CTRL.pdf,36,C:\Users\iannuzza\LOCAL_PROJ\Github_copilot_proj\STBIO_AI\artifacts\source_ingestion\ipos_main_ctrl_20260907_191849\ocr_extracts\IPOS_MAIN_CTRL_p036.txt,text-extracted
C:\Users\iannuzza\LOCAL_PROJ\Github_copilot_proj\STBIO_AI\specs\IPOS_MAIN_CTRL.pdf,37,C:\Users\iannuzza\LOCAL_PROJ\Github_copilot_proj\STBIO_AI\artifacts\source_ingestion\ipos_main_ctrl_20260907_191849\ocr_extracts\IPOS_MAIN_CTRL_p037.txt,text-extracted
C:\Users\iannuzza\LOCAL_PROJ\Github_copilot_proj\STBIO_AI\specs\IPOS_MAIN_CTRL.pdf,38,C:\Users\iannuzza\LOCAL_PROJ\Github_copilot_proj\STBIO_AI\artifacts\source_ingestion\ipos_main_ctrl_20260907_191849\ocr_extracts\IPOS_MAIN_CTRL_p038.txt,text-extracted
C:\Users\iannuzza\LOCAL_PROJ\Github_copilot_proj\STBIO_AI\specs\IPOS_MAIN_CTRL.pdf,39,C:\Users\iannuzza\LOCAL_PROJ\Github_copilot_proj\STBIO_AI\artifacts\source_ingestion\ipos_main_ctrl_20260907_191849\ocr_extracts\IPOS_MAIN_CTRL_p039.txt,text-extracted
C:\Users\iannuzza\LOCAL_PROJ\Github_copilot_proj\STBIO_AI\specs\IPOS_MAIN_CTRL.pdf,40,C:\Users\iannuzza\LOCAL_PROJ\Github_copilot_proj\STBIO_AI\artifacts\source_ingestion\ipos_main_ctrl_20260907_191849\ocr_extracts\IPOS_MAIN_CTRL_p040.txt,text-extracted
C:\Users\iannuzza\LOCAL_PROJ\Github_copilot_proj\STBIO_AI\specs\IPOS_MAIN_CTRL.pdf,41,C:\Users\iannuzza\LOCAL_PROJ\Github_copilot_proj\STBIO_AI\artifacts\source_ingestion\ipos_main_ctrl_20260907_191849\ocr_extracts\IPOS_MAIN_CTRL_p041.txt,text-extracted
C:\Users\iannuzza\LOCAL_PROJ\Github_copilot_proj\STBIO_AI\specs\IPOS_MAIN_CTRL.pdf,42,C:\Users\iannuzza\LOCAL_PROJ\Github_copilot_proj\STBIO_AI\artifacts\source_ingestion\ipos_main_ctrl_20260907_191849\ocr_extracts\IPOS_MAIN_CTRL_p042.txt,text-extracted
C:\Users\iannuzza\LOCAL_PROJ\Github_copilot_proj\STBIO_AI\specs\IPOS_MAIN_CTRL.pdf,43,C:\Users\iannuzza\LOCAL_PROJ\Github_copilot_proj\STBIO_AI\artifacts\source_ingestion\ipos_main_ctrl_20260907_191849\ocr_extracts\IPOS_MAIN_CTRL_p043.txt,text-extracted
C:\Users\iannuzza\LOCAL_PROJ\Github_copilot_proj\STBIO_AI\specs\IPOS_MAIN_CTRL.pdf,44,C:\Users\iannuzza\LOCAL_PROJ\Github_copilot_proj\STBIO_AI\artifacts\source_ingestion\ipos_main_ctrl_20260907_191849\ocr_extracts\IPOS_MAIN_CTRL_p044.txt,text-extracted
C:\Users\iannuzza\LOCAL_PROJ\Github_copilot_proj\STBIO_AI\specs\IPOS_MAIN_CTRL.pdf,45,C:\Users\iannuzza\LOCAL_PROJ\Github_copilot_proj\STBIO_AI\artifacts\source_ingestion\ipos_main_ctrl_20260907_191849\ocr_extracts\IPOS_MAIN_CTRL_p045.txt,text-extracted
C:\Users\iannuzza\LOCAL_PROJ\Github_copilot_proj\STBIO_AI\specs\IPOS_MAIN_CTRL.pdf,46,C:\Users\iannuzza\LOCAL_PROJ\Github_copilot_proj\STBIO_AI\artifacts\source_ingestion\ipos_main_ctrl_20260907_191849\ocr_extracts\IPOS_MAIN_CTRL_p046.txt,text-extracted
C:\Users\iannuzza\LOCAL_PROJ\Github_copilot_proj\STBIO_AI\specs\IPOS_MAIN_CTRL.pdf,47,C:\Users\iannuzza\LOCAL_PROJ\Github_copilot_proj\STBIO_AI\artifacts\source_ingestion\ipos_main_ctrl_20260907_191849\ocr_extracts\IPOS_MAIN_CTRL_p047.txt,text-extracted
C:\Users\iannuzza\LOCAL_PROJ\Github_copilot_proj\STBIO_AI\specs\IPOS_MAIN_CTRL.pdf,48,C:\Users\iannuzza\LOCAL_PROJ\Github_copilot_proj\STBIO_AI\artifacts\source_ingestion\ipos_main_ctrl_20260907_191849\ocr_extracts\IPOS_MAIN_CTRL_p048.txt,text-extracted
C:\Users\iannuzza\LOCAL_PROJ\Github_copilot_proj\STBIO_AI\specs\IPOS_MAIN_CTRL.pdf,49,C:\Users\iannuzza\LOCAL_PROJ\Github_copilot_proj\STBIO_AI\artifacts\source_ingestion\ipos_main_ctrl_20260907_191849\ocr_extracts\IPOS_MAIN_CTRL_p049.txt,text-extracted
C:\Users\iannuzza\LOCAL_PROJ\Github_copilot_proj\STBIO_AI\specs\IPOS_MAIN_CTRL.pdf,50,C:\Users\iannuzza\LOCAL_PROJ\Github_copilot_proj\STBIO_AI\artifacts\source_ingestion\ipos_main_ctrl_20260907_191849\ocr_extracts\IPOS_MAIN_CTRL_p050.txt,text-extracted
C:\Users\iannuzza\LOCAL_PROJ\Github_copilot_proj\STBIO_AI\specs\IPOS_MAIN_CTRL.pdf,51,C:\Users\iannuzza\LOCAL_PROJ\Github_copilot_proj\STBIO_AI\artifacts\source_ingestion\ipos_main_ctrl_20260907_191849\ocr_extracts\IPOS_MAIN_CTRL_p051.txt,text-extracted
C:\Users\iannuzza\LOCAL_PROJ\Github_copilot_proj\STBIO_AI\specs\IPOS_MAIN_CTRL.pdf,52,C:\Users\iannuzza\LOCAL_PROJ\Github_copilot_proj\STBIO_AI\artifacts\source_ingestion\ipos_main_ctrl_20260907_191849\ocr_extracts\IPOS_MAIN_CTRL_p052.txt,text-extracted
C:\Users\iannuzza\LOCAL_PROJ\Github_copilot_proj\STBIO_AI\specs\IPOS_MAIN_CTRL.pdf,53,C:\Users\iannuzza\LOCAL_PROJ\Github_copilot_proj\STBIO_AI\artifacts\source_ingestion\ipos_main_ctrl_20260907_191849\ocr_extracts\IPOS_MAIN_CTRL_p053.txt,text-extracted
C:\Users\iannuzza\LOCAL_PROJ\Github_copilot_proj\STBIO_AI\specs\IPOS_MAIN_CTRL.pdf,54,C:\Users\iannuzza\LOCAL_PROJ\Github_copilot_proj\STBIO_AI\artifacts\source_ingestion\ipos_main_ctrl_20260907_191849\ocr_extracts\IPOS_MAIN_CTRL_p054.txt,text-extracted
C:\Users\iannuzza\LOCAL_PROJ\Github_copilot_proj\STBIO_AI\specs\IPOS_MAIN_CTRL.pdf,55,C:\Users\iannuzza\LOCAL_PROJ\Github_copilot_proj\STBIO_AI\artifacts\source_ingestion\ipos_main_ctrl_20260907_191849\ocr_extracts\IPOS_MAIN_CTRL_p055.txt,text-extracted
C:\Users\iannuzza\LOCAL_PROJ\Github_copilot_proj\STBIO_AI\specs\IPOS_MAIN_CTRL.pdf,56,C:\Users\iannuzza\LOCAL_PROJ\Github_copilot_proj\STBIO_AI\artifacts\source_ingestion\ipos_main_ctrl_20260907_191849\ocr_extracts\IPOS_MAIN_CTRL_p056.txt,text-extracted
C:\Users\iannuzza\LOCAL_PROJ\Github_copilot_proj\STBIO_AI\specs\IPOS_MAIN_CTRL.pdf,57,C:\Users\iannuzza\LOCAL_PROJ\Github_copilot_proj\STBIO_AI\artifacts\source_ingestion\ipos_main_ctrl_20260907_191849\ocr_extracts\IPOS_MAIN_CTRL_p057.txt,text-extracted
C:\Users\iannuzza\LOCAL_PROJ\Github_copilot_proj\STBIO_AI\specs\IPOS_MAIN_CTRL.pdf,58,C:\Users\iannuzza\LOCAL_PROJ\Github_copilot_proj\STBIO_AI\artifacts\source_ingestion\ipos_main_ctrl_20260907_191849\ocr_extracts\IPOS_MAIN_CTRL_p058.txt,text-extracted
C:\Users\iannuzza\LOCAL_PROJ\Github_copilot_proj\STBIO_AI\specs\IPOS_MAIN_CTRL.pdf,59,C:\Users\iannuzza\LOCAL_PROJ\Github_copilot_proj\STBIO_AI\artifacts\source_ingestion\ipos_main_ctrl_20260907_191849\ocr_extracts\IPOS_MAIN_CTRL_p059.txt,text-extracted
C:\Users\iannuzza\LOCAL_PROJ\Github_copilot_proj\STBIO_AI\specs\IPOS_MAIN_CTRL.pdf,60,C:\Users\iannuzza\LOCAL_PROJ\Github_copilot_proj\STBIO_AI\artifacts\source_ingestion\ipos_main_ctrl_20260907_191849\ocr_extracts\IPOS_MAIN_CTRL_p060.txt,text-extracted
C:\Users\iannuzza\LOCAL_PROJ\Github_copilot_proj\STBIO_AI\specs\IPOS_MAIN_CTRL.pdf,61,C:\Users\iannuzza\LOCAL_PROJ\Github_copilot_proj\STBIO_AI\artifacts\source_ingestion\ipos_main_ctrl_20260907_191849\ocr_extracts\IPOS_MAIN_CTRL_p061.txt,text-extracted
C:\Users\iannuzza\LOCAL_PROJ\Github_copilot_proj\STBIO_AI\specs\IPOS_MAIN_CTRL.pdf,62,C:\Users\iannuzza\LOCAL_PROJ\Github_copilot_proj\STBIO_AI\artifacts\source_ingestion\ipos_main_ctrl_20260907_191849\ocr_extracts\IPOS_MAIN_CTRL_p062.txt,text-extracted
C:\Users\iannuzza\LOCAL_PROJ\Github_copilot_proj\STBIO_AI\specs\IPOS_MAIN_CTRL.pdf,63,C:\Users\iannuzza\LOCAL_PROJ\Github_copilot_proj\STBIO_AI\artifacts\source_ingestion\ipos_main_ctrl_20260907_191849\ocr_extracts\IPOS_MAIN_CTRL_p063.txt,text-extracted
C:\Users\iannuzza\LOCAL_PROJ\Github_copilot_proj\STBIO_AI\specs\IPOS_MAIN_CTRL.pdf,64,C:\Users\iannuzza\LOCAL_PROJ\Github_copilot_proj\STBIO_AI\artifacts\source_ingestion\ipos_main_ctrl_20260907_191849\ocr_extracts\IPOS_MAIN_CTRL_p064.txt,text-extracted
C:\Users\iannuzza\LOCAL_PROJ\Github_copilot_proj\STBIO_AI\specs\IPOS_MAIN_CTRL.pdf,65,C:\Users\iannuzza\LOCAL_PROJ\Github_copilot_proj\STBIO_AI\artifacts\source_ingestion\ipos_main_ctrl_20260907_191849\ocr_extracts\IPOS_MAIN_CTRL_p065.txt,text-extracted
C:\Users\iannuzza\LOCAL_PROJ\Github_copilot_proj\STBIO_AI\specs\IPOS_MAIN_CTRL.pdf,66,C:\Users\iannuzza\LOCAL_PROJ\Github_copilot_proj\STBIO_AI\artifacts\source_ingestion\ipos_main_ctrl_20260907_191849\ocr_extracts\IPOS_MAIN_CTRL_p066.txt,text-extracted
C:\Users\iannuzza\LOCAL_PROJ\Github_copilot_proj\STBIO_AI\specs\IPOS_MAIN_CTRL.pdf,67,C:\Users\iannuzza\LOCAL_PROJ\Github_copilot_proj\STBIO_AI\artifacts\source_ingestion\ipos_main_ctrl_20260907_191849\ocr_extracts\IPOS_MAIN_CTRL_p067.txt,text-extracted
C:\Users\iannuzza\LOCAL_PROJ\Github_copilot_proj\STBIO_AI\specs\IPOS_MAIN_CTRL.pdf,68,C:\Users\iannuzza\LOCAL_PROJ\Github_copilot_proj\STBIO_AI\artifacts\source_ingestion\ipos_main_ctrl_20260907_191849\ocr_extracts\IPOS_MAIN_CTRL_p068.txt,text-extracted
C:\Users\iannuzza\LOCAL_PROJ\Github_copilot_proj\STBIO_AI\specs\IPOS_MAIN_CTRL.pdf,69,C:\Users\iannuzza\LOCAL_PROJ\Github_copilot_proj\STBIO_AI\artifacts\source_ingestion\ipos_main_ctrl_20260907_191849\ocr_extracts\IPOS_MAIN_CTRL_p069.txt,text-extracted
C:\Users\iannuzza\LOCAL_PROJ\Github_copilot_proj\STBIO_AI\specs\IPOS_MAIN_CTRL.pdf,70,C:\Users\iannuzza\LOCAL_PROJ\Github_copilot_proj\STBIO_AI\artifacts\source_ingestion\ipos_main_ctrl_20260907_191849\ocr_extracts\IPOS_MAIN_CTRL_p070.txt,text-extracted
C:\Users\iannuzza\LOCAL_PROJ\Github_copilot_proj\STBIO_AI\specs\IPOS_MAIN_CTRL.pdf,71,C:\Users\iannuzza\LOCAL_PROJ\Github_copilot_proj\STBIO_AI\artifacts\source_ingestion\ipos_main_ctrl_20260907_191849\ocr_extracts\IPOS_MAIN_CTRL_p071.txt,text-extracted
C:\Users\iannuzza\LOCAL_PROJ\Github_copilot_proj\STBIO_AI\specs\IPOS_MAIN_CTRL.pdf,72,C:\Users\iannuzza\LOCAL_PROJ\Github_copilot_proj\STBIO_AI\artifacts\source_ingestion\ipos_main_ctrl_20260907_191849\ocr_extracts\IPOS_MAIN_CTRL_p072.txt,text-extracted
C:\Users\iannuzza\LOCAL_PROJ\Github_copilot_proj\STBIO_AI\specs\IPOS_MAIN_CTRL.pdf,73,C:\Users\iannuzza\LOCAL_PROJ\Github_copilot_proj\STBIO_AI\artifacts\source_ingestion\ipos_main_ctrl_20260907_191849\ocr_extracts\IPOS_MAIN_CTRL_p073.txt,text-extracted
C:\Users\iannuzza\LOCAL_PROJ\Github_copilot_proj\STBIO_AI\specs\IPOS_MAIN_CTRL.pdf,74,C:\Users\iannuzza\LOCAL_PROJ\Github_copilot_proj\STBIO_AI\artifacts\source_ingestion\ipos_main_ctrl_20260907_191849\ocr_extracts\IPOS_MAIN_CTRL_p074.txt,text-extracted
C:\Users\iannuzza\LOCAL_PROJ\Github_copilot_proj\STBIO_AI\specs\IPOS_MAIN_CTRL.pdf,75,C:\Users\iannuzza\LOCAL_PROJ\Github_copilot_proj\STBIO_AI\artifacts\source_ingestion\ipos_main_ctrl_20260907_191849\ocr_extracts\IPOS_MAIN_CTRL_p075.txt,text-extracted
C:\Users\iannuzza\LOCAL_PROJ\Github_copilot_proj\STBIO_AI\specs\IPOS_MAIN_CTRL.pdf,76,C:\Users\iannuzza\LOCAL_PROJ\Github_copilot_proj\STBIO_AI\artifacts\source_ingestion\ipos_main_ctrl_20260907_191849\ocr_extracts\IPOS_MAIN_CTRL_p076.txt,text-extracted
C:\Users\iannuzza\LOCAL_PROJ\Github_copilot_proj\STBIO_AI\specs\IPOS_MAIN_CTRL.pdf,77,C:\Users\iannuzza\LOCAL_PROJ\Github_copilot_proj\STBIO_AI\artifacts\source_ingestion\ipos_main_ctrl_20260907_191849\ocr_extracts\IPOS_MAIN_CTRL_p077.txt,text-extracted
C:\Users\iannuzza\LOCAL_PROJ\Github_copilot_proj\STBIO_AI\specs\IPOS_MAIN_CTRL.pdf,78,C:\Users\iannuzza\LOCAL_PROJ\Github_copilot_proj\STBIO_AI\artifacts\source_ingestion\ipos_main_ctrl_20260907_191849\ocr_extracts\IPOS_MAIN_CTRL_p078.txt,text-extracted
C:\Users\iannuzza\LOCAL_PROJ\Github_copilot_proj\STBIO_AI\specs\IPOS_MAIN_CTRL.pdf,79,C:\Users\iannuzza\LOCAL_PROJ\Github_copilot_proj\STBIO_AI\artifacts\source_ingestion\ipos_main_ctrl_20260907_191849\ocr_extracts\IPOS_MAIN_CTRL_p079.txt,text-extracted
C:\Users\iannuzza\LOCAL_PROJ\Github_copilot_proj\STBIO_AI\specs\IPOS_MAIN_CTRL.pdf,80,C:\Users\iannuzza\LOCAL_PROJ\Github_copilot_proj\STBIO_AI\artifacts\source_ingestion\ipos_main_ctrl_20260907_191849\ocr_extracts\IPOS_MAIN_CTRL_p080.txt,text-extracted
C:\Users\iannuzza\LOCAL_PROJ\Github_copilot_proj\STBIO_AI\specs\IPOS_MAIN_CTRL.pdf,81,C:\Users\iannuzza\LOCAL_PROJ\Github_copilot_proj\STBIO_AI\artifacts\source_ingestion\ipos_main_ctrl_20260907_191849\ocr_extracts\IPOS_MAIN_CTRL_p081.txt,text-extracted
C:\Users\iannuzza\LOCAL_PROJ\Github_copilot_proj\STBIO_AI\specs\IPOS_MAIN_CTRL.pdf,82,C:\Users\iannuzza\LOCAL_PROJ\Github_copilot_proj\STBIO_AI\artifacts\source_ingestion\ipos_main_ctrl_20260907_191849\ocr_extracts\IPOS_MAIN_CTRL_p082.txt,text-extracted
C:\Users\iannuzza\LOCAL_PROJ\Github_copilot_proj\STBIO_AI\specs\IPOS_MAIN_CTRL.pdf,83,C:\Users\iannuzza\LOCAL_PROJ\Github_copilot_proj\STBIO_AI\artifacts\source_ingestion\ipos_main_ctrl_20260907_191849\ocr_extracts\IPOS_MAIN_CTRL_p083.txt,text-extracted
C:\Users\iannuzza\LOCAL_PROJ\Github_copilot_proj\STBIO_AI\specs\IPOS_MAIN_CTRL.pdf,84,C:\Users\iannuzza\LOCAL_PROJ\Github_copilot_proj\STBIO_AI\artifacts\source_ingestion\ipos_main_ctrl_20260907_191849\ocr_extracts\IPOS_MAIN_CTRL_p084.txt,text-extracted
C:\Users\iannuzza\LOCAL_PROJ\Github_copilot_proj\STBIO_AI\specs\IPOS_MAIN_CTRL.pdf,85,C:\Users\iannuzza\LOCAL_PROJ\Github_copilot_proj\STBIO_AI\artifacts\source_ingestion\ipos_main_ctrl_20260907_191849\ocr_extracts\IPOS_MAIN_CTRL_p085.txt,text-extracted
C:\Users\iannuzza\LOCAL_PROJ\Github_copilot_proj\STBIO_AI\specs\IPOS_MAIN_CTRL.pdf,86,C:\Users\iannuzza\LOCAL_PROJ\Github_copilot_proj\STBIO_AI\artifacts\source_ingestion\ipos_main_ctrl_20260907_191849\ocr_extracts\IPOS_MAIN_CTRL_p086.txt,text-extracted
C:\Users\iannuzza\LOCAL_PROJ\Github_copilot_proj\STBIO_AI\specs\IPOS_MAIN_CTRL.pdf,87,C:\Users\iannuzza\LOCAL_PROJ\Github_copilot_proj\STBIO_AI\artifacts\source_ingestion\ipos_main_ctrl_20260907_191849\ocr_extracts\IPOS_MAIN_CTRL_p087.txt,text-extracted
C:\Users\iannuzza\LOCAL_PROJ\Github_copilot_proj\STBIO_AI\specs\IPOS_MAIN_CTRL.pdf,88,C:\Users\iannuzza\LOCAL_PROJ\Github_copilot_proj\STBIO_AI\artifacts\source_ingestion\ipos_main_ctrl_20260907_191849\ocr_extracts\IPOS_MAIN_CTRL_p088.txt,text-extracted
C:\Users\iannuzza\LOCAL_PROJ\Github_copilot_proj\STBIO_AI\specs\IPOS_MAIN_CTRL.pdf,89,C:\Users\iannuzza\LOCAL_PROJ\Github_copilot_proj\STBIO_AI\artifacts\source_ingestion\ipos_main_ctrl_20260907_191849\ocr_extracts\IPOS_MAIN_CTRL_p089.txt,text-extracted
C:\Users\iannuzza\LOCAL_PROJ\Github_copilot_proj\STBIO_AI\specs\IPOS_MAIN_CTRL.pdf,90,C:\Users\iannuzza\LOCAL_PROJ\Github_copilot_proj\STBIO_AI\artifacts\source_ingestion\ipos_main_ctrl_20260907_191849\ocr_extracts\IPOS_MAIN_CTRL_p090.txt,text-extracted
C:\Users\iannuzza\LOCAL_PROJ\Github_copilot_proj\STBIO_AI\specs\IPOS_MAIN_CTRL.pdf,91,C:\Users\iannuzza\LOCAL_PROJ\Github_copilot_proj\STBIO_AI\artifacts\source_ingestion\ipos_main_ctrl_20260907_191849\ocr_extracts\IPOS_MAIN_CTRL_p091.txt,text-extracted
C:\Users\iannuzza\LOCAL_PROJ\Github_copilot_proj\STBIO_AI\specs\IPOS_MAIN_CTRL.pdf,92,C:\Users\iannuzza\LOCAL_PROJ\Github_copilot_proj\STBIO_AI\artifacts\source_ingestion\ipos_main_ctrl_20260907_191849\ocr_extracts\IPOS_MAIN_CTRL_p092.txt,text-extracted
C:\Users\iannuzza\LOCAL_PROJ\Github_copilot_proj\STBIO_AI\specs\IPOS_MAIN_CTRL.pdf,93,C:\Users\iannuzza\LOCAL_PROJ\Github_copilot_proj\STBIO_AI\artifacts\source_ingestion\ipos_main_ctrl_20260907_191849\ocr_extracts\IPOS_MAIN_CTRL_p093.txt,text-extracted
C:\Users\iannuzza\LOCAL_PROJ\Github_copilot_proj\STBIO_AI\specs\IPOS_MAIN_CTRL.pdf,94,C:\Users\iannuzza\LOCAL_PROJ\Github_copilot_proj\STBIO_AI\artifacts\source_ingestion\ipos_main_ctrl_20260907_191849\ocr_extracts\IPOS_MAIN_CTRL_p094.txt,text-extracted
C:\Users\iannuzza\LOCAL_PROJ\Github_copilot_proj\STBIO_AI\specs\IPOS_MAIN_CTRL.pdf,95,C:\Users\iannuzza\LOCAL_PROJ\Github_copilot_proj\STBIO_AI\artifacts\source_ingestion\ipos_main_ctrl_20260907_191849\ocr_extracts\IPOS_MAIN_CTRL_p095.txt,text-extracted
C:\Users\iannuzza\LOCAL_PROJ\Github_copilot_proj\STBIO_AI\specs\IPOS_MAIN_CTRL.pdf,96,C:\Users\iannuzza\LOCAL_PROJ\Github_copilot_proj\STBIO_AI\artifacts\source_ingestion\ipos_main_ctrl_20260907_191849\ocr_extracts\IPOS_MAIN_CTRL_p096.txt,text-extracted
C:\Users\iannuzza\LOCAL_PROJ\Github_copilot_proj\STBIO_AI\specs\IPOS_MAIN_CTRL.pdf,97,C:\Users\iannuzza\LOCAL_PROJ\Github_copilot_proj\STBIO_AI\artifacts\source_ingestion\ipos_main_ctrl_20260907_191849\ocr_extracts\IPOS_MAIN_CTRL_p097.txt,text-extracted
C:\Users\iannuzza\LOCAL_PROJ\Github_copilot_proj\STBIO_AI\specs\IPOS_MAIN_CTRL.pdf,98,C:\Users\iannuzza\LOCAL_PROJ\Github_copilot_proj\STBIO_AI\artifacts\source_ingestion\ipos_main_ctrl_20260907_191849\ocr_extracts\IPOS_MAIN_CTRL_p098.txt,text-extracted
C:\Users\iannuzza\LOCAL_PROJ\Github_copilot_proj\STBIO_AI\specs\IPOS_MAIN_CTRL.pdf,99,C:\Users\iannuzza\LOCAL_PROJ\Github_copilot_proj\STBIO_AI\artifacts\source_ingestion\ipos_main_ctrl_20260907_191849\ocr_extracts\IPOS_MAIN_CTRL_p099.txt,text-extracted
C:\Users\iannuzza\LOCAL_PROJ\Github_copilot_proj\STBIO_AI\specs\IPOS_MAIN_CTRL.pdf,100,C:\Users\iannuzza\LOCAL_PROJ\Github_copilot_proj\STBIO_AI\artifacts\source_ingestion\ipos_main_ctrl_20260907_191849\ocr_extracts\IPOS_MAIN_CTRL_p100.txt,text-extracted
C:\Users\iannuzza\LOCAL_PROJ\Github_copilot_proj\STBIO_AI\specs\IPOS_MAIN_CTRL.pdf,101,C:\Users\iannuzza\LOCAL_PROJ\Github_copilot_proj\STBIO_AI\artifacts\source_ingestion\ipos_main_ctrl_20260907_191849\ocr_extracts\IPOS_MAIN_CTRL_p101.txt,text-extracted
C:\Users\iannuzza\LOCAL_PROJ\Github_copilot_proj\STBIO_AI\specs\IPOS_MAIN_CTRL.pdf,102,C:\Users\iannuzza\LOCAL_PROJ\Github_copilot_proj\STBIO_AI\artifacts\source_ingestion\ipos_main_ctrl_20260907_191849\ocr_extracts\IPOS_MAIN_CTRL_p102.txt,text-extracted
C:\Users\iannuzza\LOCAL_PROJ\Github_copilot_proj\STBIO_AI\specs\IPOS_MAIN_CTRL.pdf,103,C:\Users\iannuzza\LOCAL_PROJ\Github_copilot_proj\STBIO_AI\artifacts\source_ingestion\ipos_main_ctrl_20260907_191849\ocr_extracts\IPOS_MAIN_CTRL_p103.txt,text-extracted
C:\Users\iannuzza\LOCAL_PROJ\Github_copilot_proj\STBIO_AI\specs\IPOS_MAIN_CTRL.pdf,104,C:\Users\iannuzza\LOCAL_PROJ\Github_copilot_proj\STBIO_AI\artifacts\source_ingestion\ipos_main_ctrl_20260907_191849\ocr_extracts\IPOS_MAIN_CTRL_p104.txt,text-extracted
C:\Users\iannuzza\LOCAL_PROJ\Github_copilot_proj\STBIO_AI\specs\IPOS_MAIN_CTRL.pdf,105,C:\Users\iannuzza\LOCAL_PROJ\Github_copilot_proj\STBIO_AI\artifacts\source_ingestion\ipos_main_ctrl_20260907_191849\ocr_extracts\IPOS_MAIN_CTRL_p105.txt,text-extracted
C:\Users\iannuzza\LOCAL_PROJ\Github_copilot_proj\STBIO_AI\specs\IPOS_MAIN_CTRL.pdf,106,C:\Users\iannuzza\LOCAL_PROJ\Github_copilot_proj\STBIO_AI\artifacts\source_ingestion\ipos_main_ctrl_20260907_191849\ocr_extracts\IPOS_MAIN_CTRL_p106.txt,text-extracted
C:\Users\iannuzza\LOCAL_PROJ\Github_copilot_proj\STBIO_AI\specs\IPOS_MAIN_CTRL.pdf,107,C:\Users\iannuzza\LOCAL_PROJ\Github_copilot_proj\STBIO_AI\artifacts\source_ingestion\ipos_main_ctrl_20260907_191849\ocr_extracts\IPOS_MAIN_CTRL_p107.txt,text-extracted
C:\Users\iannuzza\LOCAL_PROJ\Github_copilot_proj\STBIO_AI\specs\IPOS_MAIN_CTRL.pdf,108,C:\Users\iannuzza\LOCAL_PROJ\Github_copilot_proj\STBIO_AI\artifacts\source_ingestion\ipos_main_ctrl_20260907_191849\ocr_extracts\IPOS_MAIN_CTRL_p108.txt,text-extracted
C:\Users\iannuzza\LOCAL_PROJ\Github_copilot_proj\STBIO_AI\specs\IPOS_MAIN_CTRL.pdf,109,C:\Users\iannuzza\LOCAL_PROJ\Github_copilot_proj\STBIO_AI\artifacts\source_ingestion\ipos_main_ctrl_20260907_191849\ocr_extracts\IPOS_MAIN_CTRL_p109.txt,text-extracted
C:\Users\iannuzza\LOCAL_PROJ\Github_copilot_proj\STBIO_AI\specs\IPOS_MAIN_CTRL.pdf,110,C:\Users\iannuzza\LOCAL_PROJ\Github_copilot_proj\STBIO_AI\artifacts\source_ingestion\ipos_main_ctrl_20260907_191849\ocr_extracts\IPOS_MAIN_CTRL_p110.txt,text-extracted
C:\Users\iannuzza\LOCAL_PROJ\Github_copilot_proj\STBIO_AI\specs\IPOS_MAIN_CTRL.pdf,111,C:\Users\iannuzza\LOCAL_PROJ\Github_copilot_proj\STBIO_AI\artifacts\source_ingestion\ipos_main_ctrl_20260907_191849\ocr_extracts\IPOS_MAIN_CTRL_p111.txt,text-extracted
