Issue ID,Severity,Requirement ID,Description,Required For Approval,Disposition,Rationale
SEM-001,minor,DDS_STBIO1_0203,very short statement may be semantically incomplete,no,informational,
SEM-002,minor,DDS_STBIO1_0204,very short statement may be semantically incomplete,no,informational,
SEM-003,minor,DDS_STBIO1_0206,very short statement may be semantically incomplete,no,informational,
SEM-004,minor,DDS_STBIO1_0207,very short statement may be semantically incomplete,no,informational,
SEM-005,minor,DDS_STBIO1_0208,very short statement may be semantically incomplete,no,informational,
SEM-006,minor,DDS_STBIO1_0209,very short statement may be semantically incomplete,no,informational,
SEM-007,minor,DDS_STBIO1_0210,very short statement may be semantically incomplete,no,informational,
SEM-008,minor,DDS_STBIO1_0221,very short statement may be semantically incomplete,no,informational,
SEM-009,minor,DDS_STBIO1_0211,very short statement may be semantically incomplete,no,informational,
SEM-010,minor,DDS_STBIO1_0212,very short statement may be semantically incomplete,no,informational,
SEM-011,minor,DDS_STBIO1_0213,very short statement may be semantically incomplete,no,informational,
SEM-012,minor,DDS_STBIO1_0215,very short statement may be semantically incomplete,no,informational,
SEM-013,minor,DDS_STBIO1_0222,very short statement may be semantically incomplete,no,informational,
SEM-014,minor,DDS_STBIO1_0216,very short statement may be semantically incomplete,no,informational,
SEM-015,minor,DDS_STBIO1_0217,very short statement may be semantically incomplete,no,informational,
SEM-016,minor,DDS_STBIO1_0218,very short statement may be semantically incomplete,no,informational,
SEM-017,minor,DDS_STBIO1_0220,very short statement may be semantically incomplete,no,informational,
SEM-018,minor,DDS_STBIO1_0223,very short statement may be semantically incomplete,no,informational,
