Candidate Block,Requirement Count,Relation Evidence,Candidate Function Evidence,Requirement IDs
ADC,36,related:supports; supports,"During the Configuration Phase (IDLE STATE of the Device_FSM), the user shall be able to: • Configure Bio-Channel or Optical Channel, the ADC Calibration and then Start a measurement cycle. • Put the device in Debug-Mode. [TO: IPOS_MAIN_CTRL]; • The user shall set the number of clocks for sampling ECG data from ADC in ADC_CONFIG_ECG register. [TO: IPOS_MAIN_CTRL]",DDS_STBIO1_0117; DDS_STBIO1_0121; DDS_STBIO1_0129; DDS_STBIO1_0146; DDS_STBIO1_0701; DDS_STBIO1_0702; DDS_STBIO1_1507; IPOS_STBIO1_MAIN_CONTROLLER_009; IPOS_STBIO1_MAIN_CONTROLLER_0152; IPOS_STBIO1_MAIN_CONTROLLER_030; IPOS_STBIO1_MAIN_CONTROLLER_031; IPOS_STBIO1_MAIN_CONTROLLER_038; IPOS_STBIO1_MAIN_CONTROLLER_045; IPOS_STBIO1_MAIN_CONTROLLER_049; IPOS_STBIO1_MAIN_CONTROLLER_052; IPOS_STBIO1_MAIN_CONTROLLER_053; IPOS_STBIO1_MAIN_CONTROLLER_054; IPOS_STBIO1_MAIN_CONTROLLER_055; IPOS_STBIO1_MAIN_CONTROLLER_058; IPOS_STBIO1_MAIN_CONTROLLER_060; IPOS_STBIO1_MAIN_CONTROLLER_061; IPOS_STBIO1_MAIN_CONTROLLER_062; IPOS_STBIO1_MAIN_CONTROLLER_063; IPOS_STBIO1_MAIN_CONTROLLER_064; IPOS_STBIO1_MAIN_CONTROLLER_095; IPOS_STBIO1_MAIN_CONTROLLER_102; IPOS_STBIO1_MAIN_CONTROLLER_108; IPOS_STBIO1_MAIN_CONTROLLER_112; IPOS_STBIO1_MAIN_CONTROLLER_113; IPOS_STBIO1_MAIN_CONTROLLER_128; IPOS_STBIO1_MAIN_CONTROLLER_2143; IPOS_STBIO1_MAIN_CONTROLLER_3124; IPOS_STBIO1_MAIN_CONTROLLER_3125; IPOS_STBIO1_MAIN_CONTROLLER_3126; IPOS_STBIO1_MAIN_CONTROLLER_3127; IPOS_STBIO1_MAIN_CONTROLLER_3129
ADSP,20,,"The BOOT routine shall starts when the OTP_BOOT bit rises and shall completes when quokka_boot_end rises. [Vpriority High]; During OTP boot operation, the ADSP shall copy the content of the OTP memory into the OTP registers, following the procedure to access OTP memory [Vpriority High]",DDS_STBIO1_0013; DDS_STBIO1_0014; DDS_STBIO1_0015; DDS_STBIO1_0016; DDS_STBIO1_0017; DDS_STBIO1_0018; DDS_STBIO1_0019; DDS_STBIO1_0020; DDS_STBIO1_0021; DDS_STBIO1_0022; DDS_STBIO1_0023; DDS_STBIO1_0024; DDS_STBIO1_0025; DDS_STBIO1_0026; DDS_STBIO1_0027; DDS_STBIO1_0028; DDS_STBIO1_0032; DDS_STBIO1_0033; DDS_STBIO1_0034; DDS_STBIO1_0035
Block,12,related:connected-to; connected-to; related:supports; supports; related:drives; drives,"132 **Update-IR** Run-Test/Idle Select-DR-Scan 13.4. STBIO1 Register Map 13.4.1. STBIO1 Register Map Here is described the list of registers in the register map. The AFE_BLOCK registers are accessible by I2C/SPI direct access and AHB interface, while the others are only by AHB. The I2C/SPI direct access mode is done by the HOST INTF port (I2C/SPI AHB) and the address of the AFE_BLOCK registers are arranged in 4 pages of 64 registers. BASE START ADDRESS ADDRESS BLOCK REGISTER WIDTH BASE END ADDRE VREF_TRIM SS RESET REQ_ID 0xC8000 AFE_BLOCK 8 0xC80EB tst_main_reset_n, regmap_sw_resetn; When DEVICE is in WAIT_SU, if IMP_EN (IMP_CTRL register [0]) signal is equal to 1 and BIA_SEL (DEVICE_CONFIG_CHANNEL register [2]) is equal to 1, 5ms after the falling of imp_curinj_pd and O_PD_IMP, if IMP_CURRINJ_EN (CURR_INJ register [3]) is equal to 1, O_CK_M, O_CK_P and O_CK_Q shall be generated from Clock generator block so they run at FREQ_BIA_CLK_m_p_q (EN_CHOP_FREQ_MOD_DEMOD register [4:3] ) and its values shall be chosen from 20kHz, 50kHz, 100kHz, 200kHz . On the other hand, if IMP_CURRINJ_EN (CURR_INJ register [3]) is equal to 0, ck_m, ck_p and",DDS_STBIO1_3000; IPOS_STBIO1_MAIN_CONTROLLER_018; IPOS_STBIO1_MAIN_CONTROLLER_021; IPOS_STBIO1_MAIN_CONTROLLER_062; IPOS_STBIO1_MAIN_CONTROLLER_083; IPOS_STBIO1_MAIN_CONTROLLER_085; IPOS_STBIO1_MAIN_CONTROLLER_099; IPOS_STBIO1_MAIN_CONTROLLER_108; IPOS_STBIO1_MAIN_CONTROLLER_113; IPOS_STBIO1_MAIN_CONTROLLER_115; IPOS_STBIO1_MAIN_CONTROLLER_137; IPOS_STBIO1_MAIN_CONTROLLER_138
Buffer,6,related:connected-to; connected-to; related:supports; supports,Output scl_master_out of sensor hub shall be connected to enable of output buffer of sensor hub's SCL PAD in case it is a bi-directional PAD). [Vpriority High] [TO: IPOS_Senshub_MB_i2c],DDS_STBIO1_9011; DDS_STBIO1_9012; DDS_STBIO1_9013; DDS_STBIO1_9014; IPOS_STBIO1_MAIN_CONTROLLER_039; IPOS_STBIO1_MAIN_CONTROLLER_3128
Bus,4,related:connected-to; connected-to; related:constrains; constrains; related:supports; supports,The IP has a serial interface (I2C or SPI) and a parallel bus interface AHB. [TO: IPOS_I2C_SPI_AHB_0007]; [DDS_STBIO1_9300] Requirement The AHB Write to registers has no effect if the IP masterblaze processor is busy (I2C operation on-going); the registers value shall not be updated.,DDS_STBIO1_8002; DDS_STBIO1_89455261; DDS_STBIO1_9300; IPOS_STBIO1_MAIN_CONTROLLER_035
Channel,40,connected-to; related:connected-to; related:supports; supports,"The u_stbio1_top.dig_wrapper_LV.u_p signal shall be connected to the mu.resetn_fifou_stbio1_top.dig_wrapper_LV.u_multi_channel_fifo_top.HRESETn signal.; During the Configuration Phase (IDLE STATE of the Device_FSM), the user shall be able to: • Configure Bio-Channel or Optical Channel, the ADC Calibration and then Start a measurement cycle. • Put the device in Debug-Mode. [TO: IPOS_MAIN_CTRL]",DDS_STBIO1_0117; DDS_STBIO1_0119; DDS_STBIO1_0120; DDS_STBIO1_0126; DDS_STBIO1_0127; DDS_STBIO1_0128; DDS_STBIO1_0144; DDS_STBIO1_0145; DDS_STBIO1_1053; IPOS_STBIO1_MAIN_CONTROLLER_009; IPOS_STBIO1_MAIN_CONTROLLER_010; IPOS_STBIO1_MAIN_CONTROLLER_011; IPOS_STBIO1_MAIN_CONTROLLER_016; IPOS_STBIO1_MAIN_CONTROLLER_017; IPOS_STBIO1_MAIN_CONTROLLER_018; IPOS_STBIO1_MAIN_CONTROLLER_021; IPOS_STBIO1_MAIN_CONTROLLER_023; IPOS_STBIO1_MAIN_CONTROLLER_024; IPOS_STBIO1_MAIN_CONTROLLER_026; IPOS_STBIO1_MAIN_CONTROLLER_028; IPOS_STBIO1_MAIN_CONTROLLER_029; IPOS_STBIO1_MAIN_CONTROLLER_036; IPOS_STBIO1_MAIN_CONTROLLER_037; IPOS_STBIO1_MAIN_CONTROLLER_038; IPOS_STBIO1_MAIN_CONTROLLER_073; IPOS_STBIO1_MAIN_CONTROLLER_074; IPOS_STBIO1_MAIN_CONTROLLER_080; IPOS_STBIO1_MAIN_CONTROLLER_096; IPOS_STBIO1_MAIN_CONTROLLER_1005; IPOS_STBIO1_MAIN_CONTROLLER_1007; IPOS_STBIO1_MAIN_CONTROLLER_1008; IPOS_STBIO1_MAIN_CONTROLLER_1009; IPOS_STBIO1_MAIN_CONTROLLER_1010; IPOS_STBIO1_MAIN_CONTROLLER_1011; IPOS_STBIO1_MAIN_CONTROLLER_113; IPOS_STBIO1_MAIN_CONTROLLER_436; IPOS_STBIO1_MAIN_CONTROLLER_5004; IPOS_STBIO1_MAIN_CONTROLLER_5005; IPOS_STBIO1_MAIN_CONTROLLER_5016; IPOS_STBIO1_MAIN_CONTROLLER_5092
Chopper,1,supports,"20ms after that the o_rst_hc2 is gone low, if i_clk_hlt_en is equal to 1, chopper_clock shall be generated and after another 10ms, o_rsti_hc2 shall go low. Instead, if i_clk_hlt_en is equal to 0,",IPOS_STBIO1_MAIN_CONTROLLER_077
Clamp,1,related:supports; supports,"If the user set a value greater than 1024 into ones of the m_channel (see req 5004), the value shall clamp at 1024 (check the input i_m_ecg, i_m_bia, i_m_gsr or i_m_ppg into the main",IPOS_STBIO1_MAIN_CONTROLLER_5005
Configuration,4,related:connected-to; connected-to; supports; related:supports; depends-on; related:depends-on,"To turn off the ISPU shall be: • Disable the power island by writing to regmap POWER CONFIGURATION REGISTER via AHB interface (ADDRESS=0xCA000, DATA=0x00); After the initial boot phase, to turn on the ISPU shall be: • Select page 3 of the regmap (ADDRESS=0x04, DATA=0x03) • Enable LDO 1V8 by writing to regmap VIREF_LDO1V8_CLK16M register (ADDRESS=0x0F, DATA=0x02) • Enable clock by writing to regmap VIREF_LDO1V8_CLK16M register (ADDRESS=0x0F, DATA=0x12) • Enable user mode by writing to regmap (ADDRESS=0x5E, DATA=0x01) • Enable the power island by writing to regmap POWER CONFIGURATION REGISTER via AHB interface (ADDRESS=0xCA000, DATA=0x01)",DDS_STBIO1_0117; DDS_STBIO1_0507; DDS_STBIO1_0508; IPOS_STBIO1_MAIN_CONTROLLER_111
Configuration Register,2,connected-to; related:connected-to,"To turn off the ISPU shall be: • Disable the power island by writing to regmap POWER CONFIGURATION REGISTER via AHB interface (ADDRESS=0xCA000, DATA=0x00); After the initial boot phase, to turn on the ISPU shall be: • Select page 3 of the regmap (ADDRESS=0x04, DATA=0x03) • Enable LDO 1V8 by writing to regmap VIREF_LDO1V8_CLK16M register (ADDRESS=0x0F, DATA=0x02) • Enable clock by writing to regmap VIREF_LDO1V8_CLK16M register (ADDRESS=0x0F, DATA=0x12) • Enable user mode by writing to regmap (ADDRESS=0x5E, DATA=0x01) • Enable the power island by writing to regmap POWER CONFIGURATION REGISTER via AHB interface (ADDRESS=0xCA000, DATA=0x01)",DDS_STBIO1_0507; DDS_STBIO1_0508
Controller,32,related:supports; supports; connected-to; related:connected-to; constrains; related:constrains; drives; related:drives,11.1. XBAR Connection Matrix Destination Source Regmap SENSOR HUB ISPU FIFO ADSP Main Controller,DDS_STBIO1_00000008; DDS_STBIO1_00000199; DDS_STBIO1_0116; DDS_STBIO1_0201; DDS_STBIO1_0202; DDS_STBIO1_0219; DDS_STBIO1_1026; DDS_STBIO1_1027; DDS_STBIO1_1054; DDS_STBIO1_1114; DDS_STBIO1_2054; DDS_STBIO1_89455261; DDS_STBIO1_89455449; DDS_STBIO1_89456557; DDS_STBIO1_89457435; DDS_STBIO1_89459082; IPOS_STBIO1_MAIN_CONTROLLER_004; IPOS_STBIO1_MAIN_CONTROLLER_008; IPOS_STBIO1_MAIN_CONTROLLER_010; IPOS_STBIO1_MAIN_CONTROLLER_011; IPOS_STBIO1_MAIN_CONTROLLER_024; IPOS_STBIO1_MAIN_CONTROLLER_026; IPOS_STBIO1_MAIN_CONTROLLER_028; IPOS_STBIO1_MAIN_CONTROLLER_029; IPOS_STBIO1_MAIN_CONTROLLER_030; IPOS_STBIO1_MAIN_CONTROLLER_031; IPOS_STBIO1_MAIN_CONTROLLER_032; IPOS_STBIO1_MAIN_CONTROLLER_033; IPOS_STBIO1_MAIN_CONTROLLER_034; IPOS_STBIO1_MAIN_CONTROLLER_039; IPOS_STBIO1_MAIN_CONTROLLER_115; IPOS_STBIO1_MAIN_CONTROLLER_2145
DAC,7,related:supports; supports,"The user shall configure each frame following these steps: 5.1 ALC PARAMETERS: • T1 in PPG_ALC_CONFIG_PARAM_1 register. • T2, GAIN_START_SET, GAIN_MAX_SET in PPG_ALC_CONFIG_PARAM_2 register. 5.2 DIGITAL RAMP PARAMETERS: • N_MAX, T_DELTA in DIGITAL_RAMP_CONFIG_PARAM_1 register. • DELTA, T_DELTA1 in DIGITAL_RAMP_CONFIG_PARAM_2 register. • DELTA1 in DIGITAL_RAMP_CONFIG_PARAM_3 register. 5.3 GENERAL PPG PARAMETERS: • N_PPG_FRAME, WAVE_VELOCITY_MODE, SEL_PPG_ELAB in GENERAL_PPG_PARAMETERS_1 register. • T_TX_STARTUP in GENERAL_PPG_PARAMETERS_2 register. • T_RX_SET, PPG_START_UP_TIME_l in GENERAL_PPG_PARAMETERS_3 register. • PPG_START_UP_TIME_h in GENERAL_PPG_PARAMETERS_4 register. 5.4 PARAMETERS FOR EACH FRAME CONFIGURED BY USER: • RX_CH_FRAME_{n}, FRAME_{n}_SAMPLES, FRAME_{n}_REPETITION in FRAME_n_PARAMETERS_1 register. • BTIA_GAIN_FRAME_{n}, TX_LEDSET_FRAME_l_{n} in FRAME_n_PARAMETERS_2 register. • TX_LEDSET_FRAME_h_{n}, TX_LEDOFF_FRAME_l_{n} in FRAME_n_PARAMETERS_3 register. • TX_LEDOFF_FRAME_h_{n} in FRAME_n_PARAMETERS_4 register. • IDAC_DC_PPG_FRAME_{n} in FRAME_n_PARAMETERS_5 register. • EN_TX_i in FRAME_n_PARAMETERS_6 register. • CURR_SEL_TX_FRAME{n} in FRAME_n_PARAMETERS_7 register. • TX1_OUTAB_SEL_FRAME_{n}, TX2_OUTAB_SEL_FRAME_{n}, TX3_OUTAB_SEL_FRAME_{n}, TX4_OUTAB_SEL_FRAME_{n} in FRAME_n_PARAMETERS_10 register.; When DEVICE_FSM FSM is in PPG state (main_controller_status_register in ELAB_STATUS_REG register [3:0] shall be equal to 0x05) during each frame o_Txi_idac_VREF shall go from 0 to N_MAX (DIGITAL_RAMP_CONFIG_PARAM_1 register [3:0]). At first, o_Txi_idac_VREF shall be increase its value of N_START for next step o_Txi_idac_VREF shall",DDS_STBIO1_0147; IPOS_STBIO1_MAIN_CONTROLLER_032; IPOS_STBIO1_MAIN_CONTROLLER_095; IPOS_STBIO1_MAIN_CONTROLLER_100; IPOS_STBIO1_MAIN_CONTROLLER_105; IPOS_STBIO1_MAIN_CONTROLLER_1095; IPOS_STBIO1_MAIN_CONTROLLER_110
Destination,4,supports; related:supports,11.1. XBAR Connection Matrix Destination Source Regmap SENSOR HUB ISPU FIFO ADSP Main Controller,DDS_STBIO1_0201; DDS_STBIO1_0202; DDS_STBIO1_0219; DDS_STBIO1_9024
Domain,3,related:supports; supports; drives; related:drives,"Clock frequency ratio between system (AHB) and I2C/SPI interfaces domains shall be at least 2 times. [TO: IPOS_I2C_SPI_AHB_0006] [Vpriority High]; At the release of the POR signal from the analog domain, the PMU shall manage the turn-on of the LDO1V8 and starts clocks Start-Up Sequence (reported in PMU IPOS) [TO: IPOS_PMU]",DDS_STBIO1_0114; DDS_STBIO1_0115; DDS_STBIO1_8001
DSP,30,related:supports; supports; related:connected-to; connected-to; related:constrains; constrains,11.1. XBAR Connection Matrix Destination Source Regmap SENSOR HUB ISPU FIFO ADSP Main Controller,DDS_STBIO1_0013; DDS_STBIO1_0014; DDS_STBIO1_0015; DDS_STBIO1_0016; DDS_STBIO1_0017; DDS_STBIO1_0018; DDS_STBIO1_0019; DDS_STBIO1_0020; DDS_STBIO1_0021; DDS_STBIO1_0022; DDS_STBIO1_0023; DDS_STBIO1_0024; DDS_STBIO1_0025; DDS_STBIO1_0026; DDS_STBIO1_0027; DDS_STBIO1_0028; DDS_STBIO1_0032; DDS_STBIO1_0033; DDS_STBIO1_0034; DDS_STBIO1_0035; DDS_STBIO1_0201; DDS_STBIO1_0202; DDS_STBIO1_0203; DDS_STBIO1_0204; DDS_STBIO1_0206; DDS_STBIO1_0219; DDS_STBIO1_0504; DDS_STBIO1_1022; DDS_STBIO1_1050; IPOS_STBIO1_MAIN_CONTROLLER_004
FIFO,33,related:supports; supports; related:connected-to; connected-to; related:drives; drives,11.1. XBAR Connection Matrix Destination Source Regmap SENSOR HUB ISPU FIFO ADSP Main Controller,DDS_STBIO1_00000008; DDS_STBIO1_00000102; DDS_STBIO1_00000199; DDS_STBIO1_00000202; DDS_STBIO1_00001199; DDS_STBIO1_0124; DDS_STBIO1_0142; DDS_STBIO1_0149; DDS_STBIO1_0201; DDS_STBIO1_0202; DDS_STBIO1_0219; DDS_STBIO1_0501; DDS_STBIO1_1053; DDS_STBIO1_2024; DDS_STBIO1_309; DDS_STBIO1_8004; DDS_STBIO1_8100; DDS_STBIO1_89455232; DDS_STBIO1_89455261; DDS_STBIO1_89455449; DDS_STBIO1_89456557; DDS_STBIO1_89456975; DDS_STBIO1_89457435; DDS_STBIO1_89457790; DDS_STBIO1_89459082; DDS_STBIO1_9260; DDS_STBIO1_9261; DDS_STBIO1_9262; DDS_STBIO1_9263; DDS_STBIO1_9500; IPOS_STBIO1_MAIN_CONTROLLER_008; IPOS_STBIO1_MAIN_CONTROLLER_115; IPOS_STBIO1_MAIN_CONTROLLER_2144
Function,8,related:supports; supports,"[DDS_STBIO1_4000] Requirement: Write enable for each OTP REGISTER shall be 0, in functional mode, if bit 31 of OTP_PRG10 is set 1.; If MODE_CONFIG register is 0x00 the operative mode shall be functional. [Vpriority High]",DDS_STBIO1_302; DDS_STBIO1_309; DDS_STBIO1_310; DDS_STBIO1_311; DDS_STBIO1_312; DDS_STBIO1_313; DDS_STBIO1_314; DDS_STBIO1_4000
I2C_SPI_AHB,15,,CONNECTION fifo_dpt 8 FIFO depth. Suggested val 8; rd_to_max_val 6000 Time available between double byte write to communicate the number of bytes to be read and the following read. If timer expires the operation is aborted and proper flag is activated. Suggested val. 1200,DDS_STBIO1_8000; DDS_STBIO1_8001; DDS_STBIO1_8002; DDS_STBIO1_8003; DDS_STBIO1_8004; DDS_STBIO1_8005; DDS_STBIO1_8006; DDS_STBIO1_8007; DDS_STBIO1_8100; DDS_STBIO1_8101; DDS_STBIO1_8102; DDS_STBIO1_8103; DDS_STBIO1_8104; DDS_STBIO1_8105; DDS_STBIO1_8106
Interface,12,connected-to; related:connected-to; related:supports; supports; related:constrains; constrains; related:drives; drives,"ser_mode ""i2c_spi"" To choose if the interface is SPI only, I2C only or both. Suggested : i2c_spi; [DDS_STBIO1_8000] Requirement: I2C interface shall support all the specified modalities (Standard, FM, FM+) and, if configured, HS is also supported.",DDS_STBIO1_0507; DDS_STBIO1_0508; DDS_STBIO1_0699; DDS_STBIO1_3000; DDS_STBIO1_8000; DDS_STBIO1_8001; DDS_STBIO1_8002; DDS_STBIO1_8006; DDS_STBIO1_8007; DDS_STBIO1_8104; DDS_STBIO1_89455261; IPOS_STBIO1_MAIN_CONTROLLER_115
ISPU,25,related:supports; supports; connected-to; related:connected-to,11.1. XBAR Connection Matrix Destination Source Regmap SENSOR HUB ISPU FIFO ADSP Main Controller,DDS_STBIO1_0201; DDS_STBIO1_0202; DDS_STBIO1_0212; DDS_STBIO1_0213; DDS_STBIO1_0215; DDS_STBIO1_0216; DDS_STBIO1_0217; DDS_STBIO1_0218; DDS_STBIO1_0219; DDS_STBIO1_0220; DDS_STBIO1_0222; DDS_STBIO1_0223; DDS_STBIO1_0501; DDS_STBIO1_05010; DDS_STBIO1_05011; DDS_STBIO1_0502; DDS_STBIO1_0503; DDS_STBIO1_0504; DDS_STBIO1_0505; DDS_STBIO1_0507; DDS_STBIO1_0508; DDS_STBIO1_0509; DDS_STBIO1_2025; DDS_STBIO1_2053; DDS_STBIO1_306
Main Controller,124,,"To perform a SOFT Reset procedure, the user shall perform the following steps: 1. If Mode Operation has been set to 1, shall be reset to 0 2. Set the Soft Reset Main Controller Bit (SW_RESETN_REG[0]) to 0 for at least 1 ms 3. Set the Soft Reset Main Controller Bit (SW_RESETN_REG[0]) to 1 4. Wait for the DEVICE_STATUS_REGISTER to reach the IDLE Value; The only registers that the user shall change after setting the mode_operation to 1 are the ones described in requirement 7096. All the Other signals shall change only with mode_operation set",DDS_STBIO1_1114; IPOS_STBIO1_MAIN_CONTROLLER_002; IPOS_STBIO1_MAIN_CONTROLLER_004; IPOS_STBIO1_MAIN_CONTROLLER_008; IPOS_STBIO1_MAIN_CONTROLLER_009; IPOS_STBIO1_MAIN_CONTROLLER_010; IPOS_STBIO1_MAIN_CONTROLLER_011; IPOS_STBIO1_MAIN_CONTROLLER_0152; IPOS_STBIO1_MAIN_CONTROLLER_016; IPOS_STBIO1_MAIN_CONTROLLER_017; IPOS_STBIO1_MAIN_CONTROLLER_018; IPOS_STBIO1_MAIN_CONTROLLER_019; IPOS_STBIO1_MAIN_CONTROLLER_021; IPOS_STBIO1_MAIN_CONTROLLER_023; IPOS_STBIO1_MAIN_CONTROLLER_024; IPOS_STBIO1_MAIN_CONTROLLER_026; IPOS_STBIO1_MAIN_CONTROLLER_028; IPOS_STBIO1_MAIN_CONTROLLER_029; IPOS_STBIO1_MAIN_CONTROLLER_030; IPOS_STBIO1_MAIN_CONTROLLER_031; IPOS_STBIO1_MAIN_CONTROLLER_032; IPOS_STBIO1_MAIN_CONTROLLER_033; IPOS_STBIO1_MAIN_CONTROLLER_034; IPOS_STBIO1_MAIN_CONTROLLER_035; IPOS_STBIO1_MAIN_CONTROLLER_036; IPOS_STBIO1_MAIN_CONTROLLER_037; IPOS_STBIO1_MAIN_CONTROLLER_038; IPOS_STBIO1_MAIN_CONTROLLER_039; IPOS_STBIO1_MAIN_CONTROLLER_044; IPOS_STBIO1_MAIN_CONTROLLER_045; IPOS_STBIO1_MAIN_CONTROLLER_047; IPOS_STBIO1_MAIN_CONTROLLER_049; IPOS_STBIO1_MAIN_CONTROLLER_051; IPOS_STBIO1_MAIN_CONTROLLER_052; IPOS_STBIO1_MAIN_CONTROLLER_053; IPOS_STBIO1_MAIN_CONTROLLER_054; IPOS_STBIO1_MAIN_CONTROLLER_055; IPOS_STBIO1_MAIN_CONTROLLER_058; IPOS_STBIO1_MAIN_CONTROLLER_059; IPOS_STBIO1_MAIN_CONTROLLER_060; IPOS_STBIO1_MAIN_CONTROLLER_061; IPOS_STBIO1_MAIN_CONTROLLER_062; IPOS_STBIO1_MAIN_CONTROLLER_063; IPOS_STBIO1_MAIN_CONTROLLER_064; IPOS_STBIO1_MAIN_CONTROLLER_073; IPOS_STBIO1_MAIN_CONTROLLER_074; IPOS_STBIO1_MAIN_CONTROLLER_077; IPOS_STBIO1_MAIN_CONTROLLER_078; IPOS_STBIO1_MAIN_CONTROLLER_080; IPOS_STBIO1_MAIN_CONTROLLER_082; IPOS_STBIO1_MAIN_CONTROLLER_083; IPOS_STBIO1_MAIN_CONTROLLER_085; IPOS_STBIO1_MAIN_CONTROLLER_087; IPOS_STBIO1_MAIN_CONTROLLER_088; IPOS_STBIO1_MAIN_CONTROLLER_089; IPOS_STBIO1_MAIN_CONTROLLER_092; IPOS_STBIO1_MAIN_CONTROLLER_093; IPOS_STBIO1_MAIN_CONTROLLER_094; IPOS_STBIO1_MAIN_CONTROLLER_095; IPOS_STBIO1_MAIN_CONTROLLER_096; IPOS_STBIO1_MAIN_CONTROLLER_098; IPOS_STBIO1_MAIN_CONTROLLER_099; IPOS_STBIO1_MAIN_CONTROLLER_100; IPOS_STBIO1_MAIN_CONTROLLER_1004; IPOS_STBIO1_MAIN_CONTROLLER_1005; IPOS_STBIO1_MAIN_CONTROLLER_1007; IPOS_STBIO1_MAIN_CONTROLLER_1008; IPOS_STBIO1_MAIN_CONTROLLER_1009; IPOS_STBIO1_MAIN_CONTROLLER_101; IPOS_STBIO1_MAIN_CONTROLLER_1010; IPOS_STBIO1_MAIN_CONTROLLER_1011; IPOS_STBIO1_MAIN_CONTROLLER_102; IPOS_STBIO1_MAIN_CONTROLLER_103; IPOS_STBIO1_MAIN_CONTROLLER_1034; IPOS_STBIO1_MAIN_CONTROLLER_104; IPOS_STBIO1_MAIN_CONTROLLER_105; IPOS_STBIO1_MAIN_CONTROLLER_106; IPOS_STBIO1_MAIN_CONTROLLER_108; IPOS_STBIO1_MAIN_CONTROLLER_109; IPOS_STBIO1_MAIN_CONTROLLER_1095; IPOS_STBIO1_MAIN_CONTROLLER_110; IPOS_STBIO1_MAIN_CONTROLLER_1102; IPOS_STBIO1_MAIN_CONTROLLER_1104; IPOS_STBIO1_MAIN_CONTROLLER_111; IPOS_STBIO1_MAIN_CONTROLLER_1116; IPOS_STBIO1_MAIN_CONTROLLER_112; IPOS_STBIO1_MAIN_CONTROLLER_113; IPOS_STBIO1_MAIN_CONTROLLER_1139; IPOS_STBIO1_MAIN_CONTROLLER_1143; IPOS_STBIO1_MAIN_CONTROLLER_115; IPOS_STBIO1_MAIN_CONTROLLER_118; IPOS_STBIO1_MAIN_CONTROLLER_120; IPOS_STBIO1_MAIN_CONTROLLER_126; IPOS_STBIO1_MAIN_CONTROLLER_128; IPOS_STBIO1_MAIN_CONTROLLER_134; IPOS_STBIO1_MAIN_CONTROLLER_137; IPOS_STBIO1_MAIN_CONTROLLER_138; IPOS_STBIO1_MAIN_CONTROLLER_140; IPOS_STBIO1_MAIN_CONTROLLER_2143; IPOS_STBIO1_MAIN_CONTROLLER_2144; IPOS_STBIO1_MAIN_CONTROLLER_2145; IPOS_STBIO1_MAIN_CONTROLLER_2146; IPOS_STBIO1_MAIN_CONTROLLER_3124; IPOS_STBIO1_MAIN_CONTROLLER_3125; IPOS_STBIO1_MAIN_CONTROLLER_3126; IPOS_STBIO1_MAIN_CONTROLLER_3127; IPOS_STBIO1_MAIN_CONTROLLER_3128; IPOS_STBIO1_MAIN_CONTROLLER_3129; IPOS_STBIO1_MAIN_CONTROLLER_4079; IPOS_STBIO1_MAIN_CONTROLLER_4080; IPOS_STBIO1_MAIN_CONTROLLER_4090; IPOS_STBIO1_MAIN_CONTROLLER_4091; IPOS_STBIO1_MAIN_CONTROLLER_436; IPOS_STBIO1_MAIN_CONTROLLER_5004; IPOS_STBIO1_MAIN_CONTROLLER_5005; IPOS_STBIO1_MAIN_CONTROLLER_5015; IPOS_STBIO1_MAIN_CONTROLLER_5016; IPOS_STBIO1_MAIN_CONTROLLER_5092; IPOS_STBIO1_MAIN_CONTROLLER_6070; IPOS_STBIO1_MAIN_CONTROLLER_6098; IPOS_STBIO1_MAIN_CONTROLLER_6129; IPOS_STBIO1_MAIN_CONTROLLER_7095; IPOS_STBIO1_MAIN_CONTROLLER_728; IPOS_STBIO1_MAIN_CONTROLLER_8106
Memory,13,related:supports; supports; related:constrains; constrains; related:connected-to; connected-to; related:drives; drives,"During OTP boot operation, the ADSP shall copy the content of the OTP memory into the OTP registers, following the procedure to access OTP memory [Vpriority High]; During BOOT routine, ADSP shall first read the last location of the OTP memory, at address 0x7F. If the content is 0xFF, called “lifecycle” byte, then the READ operation proceeds from address 0 to address 0x2F; otherwise, ADSP shall not perform any further reads.",DDS_STBIO1_00000008; DDS_STBIO1_00000102; DDS_STBIO1_00000199; DDS_STBIO1_00000202; DDS_STBIO1_0015; DDS_STBIO1_0016; DDS_STBIO1_0019; DDS_STBIO1_0020; DDS_STBIO1_0021; DDS_STBIO1_05011; DDS_STBIO1_89455261; DDS_STBIO1_89457790; IPOS_STBIO1_MAIN_CONTROLLER_115
Mode,67,related:supports; supports; connected-to; related:connected-to,"[DDS_STBIO1_4000] Requirement: Write enable for each OTP REGISTER shall be 0, in functional mode, if bit 31 of OTP_PRG10 is set 1.; The stbio1_top.dig_wrapper_LV.u_pmu.clk_16m_dft signal shall be connected to the stbio1_top.dig_wrapper_LV.u_ADSP.stmc_clk signal, with frequency 16 MHz and with clock gating stbio1_top.dig_wrapper_LV.u_pm u.adsp_run | stbio1_top.dig_wrapper_LV.u_pm u.all_test_mode | ~stbio1_top.dig_wrapper_LV.u_p ad_mux.scan_enable.",DDS_STBIO1_00000008; DDS_STBIO1_00000199; DDS_STBIO1_0036; DDS_STBIO1_0117; DDS_STBIO1_0119; DDS_STBIO1_0123; DDS_STBIO1_0126; DDS_STBIO1_0141; DDS_STBIO1_0147; DDS_STBIO1_0148; DDS_STBIO1_05011; DDS_STBIO1_0507; DDS_STBIO1_0509; DDS_STBIO1_0699; DDS_STBIO1_0700; DDS_STBIO1_0701; DDS_STBIO1_0702; DDS_STBIO1_1022; DDS_STBIO1_1023; DDS_STBIO1_1024; DDS_STBIO1_1026; DDS_STBIO1_1114; DDS_STBIO1_1507; DDS_STBIO1_2024; DDS_STBIO1_2026; DDS_STBIO1_2507; DDS_STBIO1_3000; DDS_STBIO1_302; DDS_STBIO1_303; DDS_STBIO1_304; DDS_STBIO1_305; DDS_STBIO1_306; DDS_STBIO1_307; DDS_STBIO1_308; DDS_STBIO1_309; DDS_STBIO1_310; DDS_STBIO1_311; DDS_STBIO1_312; DDS_STBIO1_313; DDS_STBIO1_314; DDS_STBIO1_4000; DDS_STBIO1_8102; DDS_STBIO1_8104; DDS_STBIO1_89455232; DDS_STBIO1_89455449; DDS_STBIO1_89456975; DDS_STBIO1_89457435; DDS_STBIO1_89457790; DDS_STBIO1_9500; IPOS_STBIO1_MAIN_CONTROLLER_002; IPOS_STBIO1_MAIN_CONTROLLER_008; IPOS_STBIO1_MAIN_CONTROLLER_009; IPOS_STBIO1_MAIN_CONTROLLER_010; IPOS_STBIO1_MAIN_CONTROLLER_011; IPOS_STBIO1_MAIN_CONTROLLER_024; IPOS_STBIO1_MAIN_CONTROLLER_029; IPOS_STBIO1_MAIN_CONTROLLER_036; IPOS_STBIO1_MAIN_CONTROLLER_062; IPOS_STBIO1_MAIN_CONTROLLER_064; IPOS_STBIO1_MAIN_CONTROLLER_080; IPOS_STBIO1_MAIN_CONTROLLER_1005; IPOS_STBIO1_MAIN_CONTROLLER_1034; IPOS_STBIO1_MAIN_CONTROLLER_138; IPOS_STBIO1_MAIN_CONTROLLER_3128; IPOS_STBIO1_MAIN_CONTROLLER_436; IPOS_STBIO1_MAIN_CONTROLLER_6070; IPOS_STBIO1_MAIN_CONTROLLER_6098
OTP,4,,"[DDS_STBIO1_0036] Requirement: If bit OTP_PRG10[31] in OTP Registers, called write_protection_en, is set to 1, and STBIO1 is not in debug_mode, register map shall refuse any incoming write request if the transaction address is within the OTP Registers space (from 0xCD000 to 0xCD02F).; At the release of the POR signal from the analog domain, the PMU shall manage the turn-on of the LDO1V8 and starts clocks Start-Up Sequence (reported in PMU IPOS) [TO: IPOS_PMU]",DDS_STBIO1_0036; DDS_STBIO1_0114; DDS_STBIO1_0115; DDS_STBIO1_0116
PAD MUX,17,,If MODE_CONFIG register is 0x00 the operative mode shall be functional. [Vpriority High]; If MODE_CONFIG register is 0x01 the operative mode shall be SCAN.,DDS_STBIO1_302; DDS_STBIO1_303; DDS_STBIO1_304; DDS_STBIO1_305; DDS_STBIO1_306; DDS_STBIO1_307; DDS_STBIO1_308; DDS_STBIO1_309; DDS_STBIO1_310; DDS_STBIO1_311; DDS_STBIO1_312; DDS_STBIO1_313; DDS_STBIO1_314; DDS_STBIO1_392; DDS_STBIO1_393; DDS_STBIO1_394; DDS_STBIO1_395
PGA,1,supports; related:supports,"The o_pd_tia, o_pd_idac and o_pd_pga shall be the negated version the o_en_tia, o_en_idac",IPOS_STBIO1_MAIN_CONTROLLER_1095
PMU,12,,"When the device is turned on, i_POR1V2_1V2 shall be high. [TO: IPOS_PMU]; When i_POR1V2_1V2 is low, o_ EN_LDO1V8 shall be low. [TO: IPOS_PMU]",DDS_STBIO1_0104; DDS_STBIO1_0105; DDS_STBIO1_0106; DDS_STBIO1_0107; DDS_STBIO1_0108; DDS_STBIO1_0109; DDS_STBIO1_0110; DDS_STBIO1_0111; DDS_STBIO1_0112; DDS_STBIO1_0113; DDS_STBIO1_1020; DDS_STBIO1_1021
Port,6,related:connected-to; connected-to; related:constrains; constrains; related:supports; supports; related:drives; drives,"[DDS_STBIO1_8000] Requirement: I2C interface shall support all the specified modalities (Standard, FM, FM+) and, if configured, HS is also supported.; On AHB interface, BURST shall not be supported as well as LOCKED transfers. [TO: IPOS_I2C_SPI_AHB_0362]",DDS_STBIO1_0114; DDS_STBIO1_3000; DDS_STBIO1_8000; DDS_STBIO1_8007; DDS_STBIO1_9017; DDS_STBIO1_9029
Processor,1,related:constrains; constrains,[DDS_STBIO1_9300] Requirement The AHB Write to registers has no effect if the IP masterblaze processor is busy (I2C operation on-going); the registers value shall not be updated.,DDS_STBIO1_9300
Regmap,29,related:supports; supports; connected-to; related:connected-to; related:drives; drives,11.1. XBAR Connection Matrix Destination Source Regmap SENSOR HUB ISPU FIFO ADSP Main Controller,DDS_STBIO1_0019; DDS_STBIO1_0201; DDS_STBIO1_0202; DDS_STBIO1_0219; DDS_STBIO1_0507; DDS_STBIO1_0508; DDS_STBIO1_0699; DDS_STBIO1_0700; DDS_STBIO1_0701; DDS_STBIO1_0702; DDS_STBIO1_1052; DDS_STBIO1_1507; DDS_STBIO1_2026; DDS_STBIO1_2053; DDS_STBIO1_2507; DDS_STBIO1_3000; DDS_STBIO1_3001; DDS_STBIO1_3003; DDS_STBIO1_3004; DDS_STBIO1_3005; DDS_STBIO1_3006; DDS_STBIO1_392; DDS_STBIO1_393; DDS_STBIO1_394; IPOS_STBIO1_MAIN_CONTROLLER_031; IPOS_STBIO1_MAIN_CONTROLLER_064; IPOS_STBIO1_MAIN_CONTROLLER_115; IPOS_STBIO1_MAIN_CONTROLLER_5016; IPOS_STBIO1_MAIN_CONTROLLER_7095
Sensor,28,related:supports; supports; related:constrains; constrains; related:connected-to; connected-to,11.1. XBAR Connection Matrix Destination Source Regmap SENSOR HUB ISPU FIFO ADSP Main Controller,DDS_STBIO1_0201; DDS_STBIO1_0202; DDS_STBIO1_0211; DDS_STBIO1_0219; DDS_STBIO1_0502; DDS_STBIO1_9004; DDS_STBIO1_9011; DDS_STBIO1_9012; DDS_STBIO1_9013; DDS_STBIO1_9014; DDS_STBIO1_9017; DDS_STBIO1_9018; DDS_STBIO1_9024; DDS_STBIO1_9027; DDS_STBIO1_9029; DDS_STBIO1_9030; DDS_STBIO1_9031; DDS_STBIO1_9032; DDS_STBIO1_9033; DDS_STBIO1_9034; DDS_STBIO1_9035; DDS_STBIO1_9260; DDS_STBIO1_9261; DDS_STBIO1_9262; DDS_STBIO1_9263; DDS_STBIO1_9300; DDS_STBIO1_9317; DDS_STBIO1_9500
Sensor-Hub,23,,"If the sensor hub IP is not enabled, the SCL and SDA pad shall not toggle. [Vpriority High] [TO: IPOS_Senshub_MB_i2c]; Output scl_master_out of sensor hub shall be connected to enable of output buffer of sensor hub's SCL PAD in case it is a bi-directional PAD). [Vpriority High] [TO: IPOS_Senshub_MB_i2c]",DDS_STBIO1_9004; DDS_STBIO1_9011; DDS_STBIO1_9012; DDS_STBIO1_9013; DDS_STBIO1_9014; DDS_STBIO1_9017; DDS_STBIO1_9018; DDS_STBIO1_9024; DDS_STBIO1_9027; DDS_STBIO1_9029; DDS_STBIO1_9030; DDS_STBIO1_9031; DDS_STBIO1_9032; DDS_STBIO1_9033; DDS_STBIO1_9034; DDS_STBIO1_9035; DDS_STBIO1_9260; DDS_STBIO1_9261; DDS_STBIO1_9262; DDS_STBIO1_9263; DDS_STBIO1_9300; DDS_STBIO1_9317; DDS_STBIO1_9500
Serial Interface,1,connected-to; related:connected-to,The IP has a serial interface (I2C or SPI) and a parallel bus interface AHB. [TO: IPOS_I2C_SPI_AHB_0007],DDS_STBIO1_8002
Smart FIFO,13,,The parameter MEM_LOC shall define the first Memory Location of the FIFO RAM: 0xC4000. [TO: IPOS_FIFO_CTRL_00000102]; The FIFO register map first memory location shall be defined as MEM_LOC + 0x1000: 0xC5000. [TO: IPOS_FIFO_CTRL_00000202],DDS_STBIO1_00000008; DDS_STBIO1_00000102; DDS_STBIO1_00000199; DDS_STBIO1_00000202; DDS_STBIO1_00001199; DDS_STBIO1_89455232; DDS_STBIO1_89455261; DDS_STBIO1_89455449; DDS_STBIO1_89456557; DDS_STBIO1_89456975; DDS_STBIO1_89457435; DDS_STBIO1_89457790; DDS_STBIO1_89459082
Source,4,related:supports; supports,11.1. XBAR Connection Matrix Destination Source Regmap SENSOR HUB ISPU FIFO ADSP Main Controller,DDS_STBIO1_0201; DDS_STBIO1_0202; DDS_STBIO1_0219; DDS_STBIO1_9500
State,48,related:supports; supports; constrains; related:constrains; related:depends-on; depends-on,"During the Configuration Phase (IDLE STATE of the Device_FSM), the user shall be able to: • Configure Bio-Channel or Optical Channel, the ADC Calibration and then Start a measurement cycle. • Put the device in Debug-Mode. [TO: IPOS_MAIN_CTRL]; [Covers: DDS_STBIO1_1114] The State WAIT_SU shall not be considered interruptible. If the user wants to interrupt the WAIT_SU state, it shall perform the Soft Reset procedure described in the DDS",DDS_STBIO1_0117; IPOS_STBIO1_MAIN_CONTROLLER_004; IPOS_STBIO1_MAIN_CONTROLLER_009; IPOS_STBIO1_MAIN_CONTROLLER_010; IPOS_STBIO1_MAIN_CONTROLLER_011; IPOS_STBIO1_MAIN_CONTROLLER_021; IPOS_STBIO1_MAIN_CONTROLLER_023; IPOS_STBIO1_MAIN_CONTROLLER_024; IPOS_STBIO1_MAIN_CONTROLLER_026; IPOS_STBIO1_MAIN_CONTROLLER_028; IPOS_STBIO1_MAIN_CONTROLLER_029; IPOS_STBIO1_MAIN_CONTROLLER_030; IPOS_STBIO1_MAIN_CONTROLLER_031; IPOS_STBIO1_MAIN_CONTROLLER_032; IPOS_STBIO1_MAIN_CONTROLLER_033; IPOS_STBIO1_MAIN_CONTROLLER_034; IPOS_STBIO1_MAIN_CONTROLLER_035; IPOS_STBIO1_MAIN_CONTROLLER_036; IPOS_STBIO1_MAIN_CONTROLLER_038; IPOS_STBIO1_MAIN_CONTROLLER_039; IPOS_STBIO1_MAIN_CONTROLLER_059; IPOS_STBIO1_MAIN_CONTROLLER_094; IPOS_STBIO1_MAIN_CONTROLLER_096; IPOS_STBIO1_MAIN_CONTROLLER_099; IPOS_STBIO1_MAIN_CONTROLLER_100; IPOS_STBIO1_MAIN_CONTROLLER_101; IPOS_STBIO1_MAIN_CONTROLLER_102; IPOS_STBIO1_MAIN_CONTROLLER_103; IPOS_STBIO1_MAIN_CONTROLLER_1034; IPOS_STBIO1_MAIN_CONTROLLER_104; IPOS_STBIO1_MAIN_CONTROLLER_105; IPOS_STBIO1_MAIN_CONTROLLER_106; IPOS_STBIO1_MAIN_CONTROLLER_108; IPOS_STBIO1_MAIN_CONTROLLER_109; IPOS_STBIO1_MAIN_CONTROLLER_110; IPOS_STBIO1_MAIN_CONTROLLER_111; IPOS_STBIO1_MAIN_CONTROLLER_112; IPOS_STBIO1_MAIN_CONTROLLER_113; IPOS_STBIO1_MAIN_CONTROLLER_1139; IPOS_STBIO1_MAIN_CONTROLLER_134; IPOS_STBIO1_MAIN_CONTROLLER_3124; IPOS_STBIO1_MAIN_CONTROLLER_3125; IPOS_STBIO1_MAIN_CONTROLLER_3126; IPOS_STBIO1_MAIN_CONTROLLER_3127; IPOS_STBIO1_MAIN_CONTROLLER_3128; IPOS_STBIO1_MAIN_CONTROLLER_5015; IPOS_STBIO1_MAIN_CONTROLLER_6070; IPOS_STBIO1_MAIN_CONTROLLER_7095
System,3,related:supports; supports,"Clock frequency ratio between system (AHB) and I2C/SPI interfaces domains shall be at least 2 times. [TO: IPOS_I2C_SPI_AHB_0006] [Vpriority High]; 0xCA000 SYSTEM_REGISTER 32 0xCA140 tst_main_reset_n, regmap_sw_resetn",DDS_STBIO1_3004; DDS_STBIO1_8001; IPOS_STBIO1_MAIN_CONTROLLER_728
