Requirement ID,Source Section Owner,Candidate Blocks,Ontology Roles,Relation Types,Function/Property Evidence,Review Status
DDS_STBIO1_4000,,Function; Mode,Requirement; Function; Mode,supports,"[DDS_STBIO1_4000] Requirement: Write enable for each OTP REGISTER shall be 0, in functional mode, if bit 31 of OTP_PRG10 is set 1.",review_required
DDS_STBIO1_0201,,Controller; DSP; Destination; FIFO; ISPU; Regmap; Sensor; Source,Destination; Controller; Source; Sensor; Regmap; FIFO; ISPU; DSP,supports,11.1. XBAR Connection Matrix Destination Source Regmap SENSOR HUB ISPU FIFO ADSP Main Controller,review_required
DDS_STBIO1_0202,,Controller; DSP; Destination; FIFO; ISPU; Regmap; Sensor; Source,Destination; Controller; Source; Sensor; Regmap; FIFO; ISPU; DSP,supports,11.1. XBAR Connection Matrix Destination Source Regmap SENSOR HUB ISPU FIFO ADSP Main Controller,review_required
DDS_STBIO1_0219,,Controller; DSP; Destination; FIFO; ISPU; Regmap; Sensor; Source,Destination; Controller; Source; Sensor; Regmap; FIFO; ISPU; DSP,supports,11.1. XBAR Connection Matrix Destination Source Regmap SENSOR HUB ISPU FIFO ADSP Main Controller,review_required
DDS_STBIO1_0203,,DSP,DSP,supports,ADSP,review_required
DDS_STBIO1_0204,,DSP,DSP,supports,ADSP,review_required
DDS_STBIO1_0206,,DSP,DSP,supports,ADSP,review_required
DDS_STBIO1_0207,,,,,,needs_manual_block_assignment
DDS_STBIO1_0208,,,,,,needs_manual_block_assignment
DDS_STBIO1_0209,,,,,,needs_manual_block_assignment
DDS_STBIO1_0210,,,,,,needs_manual_block_assignment
DDS_STBIO1_0221,,,,,,needs_manual_block_assignment
DDS_STBIO1_0211,,Sensor,Sensor,supports,SENSOR HUB,review_required
DDS_STBIO1_0212,,ISPU,ISPU,supports,ISPU,review_required
DDS_STBIO1_0213,,ISPU,ISPU,supports,ISPU,review_required
DDS_STBIO1_0215,,ISPU,ISPU,supports,ISPU,review_required
DDS_STBIO1_0222,,ISPU,ISPU,supports,ISPU,review_required
DDS_STBIO1_0216,,ISPU,ISPU,supports,ISPU debug,review_required
DDS_STBIO1_0217,,ISPU,ISPU,supports,ISPU debug,review_required
DDS_STBIO1_0218,,ISPU,ISPU,supports,ISPU debug,review_required
DDS_STBIO1_0220,,ISPU,ISPU,supports,ISPU debug,review_required
DDS_STBIO1_0223,,ISPU,ISPU,supports,ISPU debug,review_required
DDS_STBIO1_0104,PMU,PMU,Requirement,supports,"When the device is turned on, i_POR1V2_1V2 shall be high. [TO: IPOS_PMU]",review_required
DDS_STBIO1_0105,PMU,PMU,Requirement,supports,"When i_POR1V2_1V2 is low, o_ EN_LDO1V8 shall be low. [TO: IPOS_PMU]",review_required
DDS_STBIO1_0106,PMU,PMU,Requirement,supports,"When i_POR1V2_1V2 is low, o_PD_CLKF shall be high. [TO: IPOS_PMU]",review_required
DDS_STBIO1_0107,PMU,PMU,Requirement,supports,"When i_POR1V2_1V2 is low, o_CLK_16M_READY shall be low. [TO: IPOS_PMU]",review_required
DDS_STBIO1_0108,PMU,PMU,Requirement,supports,"When i_POR1V2_1V2 is low, o_DIS_RC_VIREF shall be high. [TO: IPOS_PMU]",review_required
DDS_STBIO1_0109,PMU,PMU,Requirement,supports,"When i_POR1V2_1V2 rises, after at least 10 cycles of i_clk_64k (64kHz), o_ EN_LDO1V8 shall be high and the clk_64k_divided is considered stable. [TO: IPOS_PMU]",review_required
DDS_STBIO1_0110,PMU,PMU,Requirement,supports,"When clk_64k_divided is stable, after at least 352 cycles of clk_64k_divided (32kHz), o_DIS_RC_VIREF shall be low. [TO: IPOS_PMU]",review_required
DDS_STBIO1_0111,PMU,PMU,Requirement,supports,"When i_mask_en_ldo_pdclkf_reg and o_EN_LDO1V8 are set to 1, o_PD_CLKF shall be low after at least 40 cycles of the clk_64k_divided. [TO: IPOS_PMU]",review_required
DDS_STBIO1_0112,PMU,PMU,Requirement,supports,"When i_START_CLK_16M is high, after at least 20 cycles of i_clk_16M (16MHz), o_CLK_16M_READY shall be high. [TO: IPOS_PMU]",review_required
DDS_STBIO1_0113,PMU,PMU,Requirement,supports,"When i_START_CLK_16M is high for the first time, after at least 20 cycles of i_clk_16M (16MHz), o_main_resetn shall be high. [TO: IPOS_PMU]",review_required
DDS_STBIO1_1020,PMU,PMU,,,,review_required
DDS_STBIO1_1021,PMU,PMU,,,,review_required
DDS_STBIO1_1027,,Controller,Controller,connected-to,"The stbio1_top.dig_wrapper_LV.u_pmu.tst_clk_32k signal shall be connected to the stbio1_top.dig_wrapper_LV.u_main_controller_top.i_clk_32kHz signal, with frequency 32 kHz and without clock gating.",review_required
DDS_STBIO1_1022,,DSP; Mode,Mode; DSP,connected-to,"The stbio1_top.dig_wrapper_LV.u_pmu.clk_16m_dft signal shall be connected to the stbio1_top.dig_wrapper_LV.u_ADSP.stmc_clk signal, with frequency 16 MHz and with clock gating stbio1_top.dig_wrapper_LV.u_pm u.adsp_run | stbio1_top.dig_wrapper_LV.u_pm u.all_test_mode | ~stbio1_top.dig_wrapper_LV.u_p ad_mux.scan_enable.",review_required
DDS_STBIO1_1023,,Mode,Mode,connected-to,"The stbio1_top.dig_wrapper_LV.u_pmu.w_sh_clk signal shall be connected to the stbio1_top.dig_wrapper_LV.u_masterblaze_ahb.sys_clk signal, with frequency 16 MHz and with clock gating stbio1_top.dig_wrapper_LV.u_pm u.i_en_sh_clk | stbio1_top.dig_wrapper_LV.u_pm u.all_test_mode | ~stbio1_top.dig_wrapper_LV.u_p ad_mux.scan_enable.",review_required
DDS_STBIO1_1024,,Mode,Mode,connected-to,"The stbio1_top.dig_wrapper_LV.u_pmu.clk_16m_dft signal shall be connected to the stbio1_top.dig_wrapper_LV.u_xbar_afe.hclk signal, with frequency 16 MHz and with clock gating stbio1_top.dig_wrapper_LV.u_pm u.clk_xbar_en | stbio1_top.dig_wrapper_LV.u_pm u.all_test_mode | ~stbio1_top.dig_wrapper_LV.u_p ad_mux.scan_enable.",review_required
DDS_STBIO1_2024,,FIFO; Mode,Mode; FIFO,connected-to,"The stbio1_top.dig_wrapper_LV.u_pmuclk_xbar signal shall be connected to the stbio1_top.dig_wrapper_LV.u.fifo.HCLK signal, with frequency 16 MHz and with clock gating stbio1_top.dig_wrapper_LV.u_pm u.clk_en_m2 | stbio1_top.dig_wrapper_LV.u_pm u.all_test_mode | stbio1_top.dig_wrapper_LV.u_pm u.clk_en_m2_reg | ~stbio1_top.dig_wrapper_LV.u_p ad_mux.scan_enable.",review_required
DDS_STBIO1_2025,,ISPU,ISPU,connected-to,"The stbio1_top.dig_wrapper_LV.u_pmu.clk_stredl signal shall be connected to the stbio1_top.dig_wrapper_LV.u_ispu.clk signal, with frequency 16 MHz and without clock gating.",review_required
DDS_STBIO1_2026,,Mode; Regmap,Regmap; Mode,connected-to,"The stbio1_top.dig_wrapper_LV.u_pmu.clk_xbar signal shall be connected to the stbio1_top.dig_wrapper_LV.u_regmap_otp.hclk signal, with frequency 16 MHz and with clock gating stbio1_top.dig_wrapper_LV.u_pm u.clk_en_m3 | stbio1_top.dig_wrapper_LV.u_pm u.all_test_mode | stbio1_top.dig_wrapper_LV.u_pm u.clk_en_m3_reg | stbio1_top.dig_wrapper_LV.u_pm u.clk_en_s3 | ~stbio1_top.dig_wrapper_LV.u_p ad_mux.scan_enable.",review_required
DDS_STBIO1_1025,,,,,,needs_manual_block_assignment
DDS_STBIO1_1026,,Controller; Mode,Controller; Mode,connected-to,"The stbio1_top.dig_wrapper_LV.u_pmu.tst_clk_16m signal shall be connected to the stbio1_top.dig_wrapper_LV.u_main_controller_top.i_clk_16MHz signal, with frequency 16 MHz and with clock gating stbio1_top.dig_wrapper_LV.u_pm u.i_en_clk_16MHz_sleep | stbio1_top.dig_wrapper_LV.u_pm u.scan_mode | ~stbio1_top.dig_wrapper_LV.u_p ad_mux.scan_enable.",review_required
DDS_STBIO1_1050,,DSP,DSP,connected-to,The u_stbio1_top.dig_wrapper_LV.u_p signal shall be connected to the mu.resetn_stmcu_stbio1_top.dig_wrapper_LV.u_ADSP.HRESETn signal.,review_required
DDS_STBIO1_1051,,,,,,needs_manual_block_assignment
DDS_STBIO1_1052,,Regmap,Regmap,connected-to,The u_stbio1_top.dig_wrapper_LV.u_p signal shall be connected to the mu.resetn_regmapu_stbio1_top.dig_wrapper_LV.u_regmap_otp.hresetn signal.,review_required
DDS_STBIO1_2052,,,,,,needs_manual_block_assignment
DDS_STBIO1_2053,,ISPU; Regmap,Regmap; ISPU,connected-to,The u_stbio1_top.dig_wrapper_LV.u_p signal shall be connected to the mu.resetn_regmapu_stbio1_top.dig_wrapper_LV.u_ispu.main_rst_n signal.,review_required
DDS_STBIO1_1053,,Channel; FIFO,Channel; FIFO,connected-to,The u_stbio1_top.dig_wrapper_LV.u_p signal shall be connected to the mu.resetn_fifou_stbio1_top.dig_wrapper_LV.u_multi_channel_fifo_top.HRESETn signal.,review_required
DDS_STBIO1_1054,,Controller,Controller,connected-to,The u_stbio1_top.dig_wrapper_LV.u_p signal shall be connected to the mu.resetn_main_ctrlu_stbio1_top.dig_wrapper_LV.u_main_controller_top.i_rstn signal.,review_required
DDS_STBIO1_2054,,Controller,Controller,connected-to,The u_stbio1_top.dig_wrapper_LV.u_p signal shall be connected to the mu.resetn_32k_main_ctrlu_stbio1_top.dig_wrapper_LV.u_main_controller_top.i_rstn_sync_32 signal.,review_required
DDS_STBIO1_302,PAD MUX,Function; Mode; PAD MUX,Requirement; Function; Mode,supports,If MODE_CONFIG register is 0x00 the operative mode shall be functional. [Vpriority High],review_required
DDS_STBIO1_303,PAD MUX,Mode; PAD MUX,Requirement; Mode,supports,If MODE_CONFIG register is 0x01 the operative mode shall be SCAN.,review_required
DDS_STBIO1_304,PAD MUX,Mode; PAD MUX,Requirement; Mode,supports,If MODE_CONFIG register is 0x04 the operative mode shall be BIST.,review_required
DDS_STBIO1_305,PAD MUX,Mode; PAD MUX,Requirement; Mode,supports,If MODE_CONFIG register is 0x08 the operative mode shall be DEBUG.,review_required
DDS_STBIO1_306,PAD MUX,ISPU; Mode; PAD MUX,Requirement; Mode; ISPU,supports,If MODE_CONFIG register is 0x10 the operative mode shall be ISPU_DEBUG. [Vpriority High],review_required
DDS_STBIO1_307,PAD MUX,Mode; PAD MUX,Requirement; Mode,supports,If MODE_CONFIG register is 0x20 the operative mode shall be Bist MEMSAFE mode. [Vpriority High],review_required
DDS_STBIO1_308,PAD MUX,Mode; PAD MUX,Requirement; Mode,supports,If MODE_CONFIG register is 0x40 the operative mode shall be Bist Bypass mode. [Vpriority High],review_required
DDS_STBIO1_314,PAD MUX,Function; Mode; PAD MUX,Requirement; Function; Mode,supports,"In function mode, the GPIO1,2,3,4_out shall be General-Purpose if sel irq gpi1,2,3,4 is 0x00 and ext_cap_en is “0” [Vpriority High]",review_required
DDS_STBIO1_309,PAD MUX,FIFO; Function; Mode; PAD MUX,Requirement; Function; Mode; FIFO,supports,"In function mode, the GPIO1,2,3,4_out shall be irq_fifo if sel irq gpio1,2,3,4 is 0x01 and ext_cap_en is “0” [Vpriority High]",review_required
DDS_STBIO1_310,PAD MUX,Function; Mode; PAD MUX,Requirement; Function; Mode,supports,"In function mode, the GPIO1,2,3,4_out shall be i_LED_Pilot if sel irq gpi1,2,3,4 is 0x02 and ext_cap_en is “0” [Vpriority High]",review_required
DDS_STBIO1_311,PAD MUX,Function; Mode; PAD MUX,Requirement; Function; Mode,supports,"In function mode, the GPIO1,2,3,4_out shall be i_DCCK_irq if sel irq gpi1,2,3,4 is 0x03 and ext_cap_en is “0” [Vpriority High]",review_required
DDS_STBIO1_312,PAD MUX,Function; Mode; PAD MUX,Requirement; Function; Mode,supports,"In function mode, the GPIO1,2,3,4 output shall be i_error_time_slot if sel irq gpi1,2,3,4 is 0x04 and ext_cap_en is “0” [Vpriority High]",review_required
DDS_STBIO1_313,PAD MUX,Function; Mode; PAD MUX,Requirement; Function; Mode,supports,"In function mode, the GPIO1,2,3,4 output shall be i_time_slot_irq if sel irq gpi1,2,3,4 is 0x05 and ext_cap_en is “0” [Vpriority High]",review_required
DDS_STBIO1_392,PAD MUX,PAD MUX; Regmap,Requirement; Regmap,supports,"If O_DCCK_P_i changes its value from '0' to '1' and DCCK_IRQ_MASK is set to '1', then irq_DCCK_IRQ_ST, output of u_regmap_otp, shall be set to '1'",review_required
DDS_STBIO1_393,PAD MUX,PAD MUX; Regmap,Requirement; Regmap,supports,"If O_DCCK_N_i changes its value from '0' to '1' and DCCK_IRQ_MASK is set to '1', then irq_DCCK_IRQ_ST, output of u_regmap_otp, shall be set to '1'",review_required
DDS_STBIO1_394,PAD MUX,PAD MUX; Regmap,Requirement; Regmap,supports,"If O_DCCK_P_i changes its value from '1' to '0' and DCCK_IRQ_MASK is set to '1', then irq_DCCK_IRQ_ST, output of u_regmap_otp, shall be set to '1'",review_required
DDS_STBIO1_0014,ADSP,ADSP; DSP,Requirement; DSP,supports,The BOOT routine shall starts when the OTP_BOOT bit rises and shall completes when quokka_boot_end rises. [Vpriority High],review_required
DDS_STBIO1_0015,ADSP,ADSP; DSP; Memory,Requirement; Memory; DSP,supports,"During OTP boot operation, the ADSP shall copy the content of the OTP memory into the OTP registers, following the procedure to access OTP memory [Vpriority High]",review_required
DDS_STBIO1_0016,ADSP,ADSP; DSP; Memory,Requirement; Memory; DSP,constrains,"During BOOT routine, ADSP shall first read the last location of the OTP memory, at address 0x7F. If the content is 0xFF, called “lifecycle” byte, then the READ operation proceeds from address 0 to address 0x2F; otherwise, ADSP shall not perform any further reads.",review_required
DDS_STBIO1_0017,ADSP,ADSP; DSP,Requirement; DSP,supports,"To perform a BOOT routine, OTP_BOOT bit shall be written when quokka_run is low. [Vpriority High]",review_required
DDS_STBIO1_0018,ADSP,ADSP; DSP,Requirement; DSP,supports,The WRITE routine shall start when OTP Write Bit rises and completes when quokka_run falls. [Vpriority High],review_required
DDS_STBIO1_0019,ADSP,ADSP; DSP; Memory; Regmap,Requirement; Memory; Regmap; DSP,supports,"During WRITE routine ADSP shall copy the content of the OTP regmap into the OTP memory, following the procedure to burn the fuses as expressed in the OTP datasheet [Vpriority High]",review_required
DDS_STBIO1_0020,ADSP,ADSP; DSP; Memory,Requirement; Memory; DSP,supports,"During WRITE routine, ADSP shall allow copying all OTP Registers into the OTP Memory only if the location 0x24 of OTP Memory (OTP[24] in the following diagram) is not set to 0xFF.",review_required
DDS_STBIO1_0021,ADSP,ADSP; DSP; Memory,Requirement; Memory; DSP,supports,"During the WRITE routine and after copying all OTP Registers into the OTP Memory, ADSP shall compare each value inside the OTP memory with the corresponding value in OTP Registers to check if the WRITE routine has been succesfull. In that case ADSP shall write 0xFF into the last location of the OTP memory.",review_required
DDS_STBIO1_0022,ADSP,ADSP; DSP,Requirement; DSP,supports,"OTP_WRITE, OTP_BOOT and OTP_TEST bits shall be cleared by ADSP at the end of their respective operation [Vpriority High]",review_required
DDS_STBIO1_0023,ADSP,ADSP; DSP,Requirement; DSP,supports,"A new operation shall start only when quokka_run is low, and one between OTP_TEST bit, OTP_WRITE bit or OTP_BOOT bit is written to 1 [Vpriority High]",review_required
DDS_STBIO1_0028,ADSP,ADSP; DSP,Requirement; DSP,supports,"[DDS_STBIO1_0028] Requirement: The TEST routines shall allow reading an 8-bit word on OTP of a specific address written in OTP_A register, and write this value in OTP_D_TEST register.",review_required
DDS_STBIO1_0024,ADSP,ADSP; DSP,Requirement; DSP,supports,OTP_IREF_WAKEUP shall be set to one by an external I2C/SPI to AHB write before initiating a new OTP_TEST or OTP_WRITE operation [Vpriority High],review_required
DDS_STBIO1_0025,ADSP,ADSP; DSP,Requirement; DSP,supports,OTP_IREF_WAKEUP shall be setted to zero by an external I2C/SPI to AHB write at the end of OTP_TEST or OTP_WRITE operation [Vpriority High],review_required
DDS_STBIO1_0026,ADSP,ADSP; DSP,Requirement; DSP,supports,"After startup phase, once started with an operation, the IP shall ignore any further start incoming transactions. [Vpriority High]",review_required
DDS_STBIO1_0027,ADSP,ADSP; DSP,Requirement; DSP,supports,The TEST routine shall start when OTP Test Bit rises and completes when quokka_run falls. [Vpriority High],review_required
DDS_STBIO1_0034,ADSP,ADSP; DSP,Requirement; DSP,supports,"During the Soft Reset routine, ADSP shall write the ADSP RAM with the value 0. Only the first 3.5Kbyte of ADSP RAM shall be cleared, from address 0x000 to address 0xDFF [Vpriority High]",review_required
DDS_STBIO1_0036,OTP,Mode; OTP,Requirement; Mode,supports,"[DDS_STBIO1_0036] Requirement: If bit OTP_PRG10[31] in OTP Registers, called write_protection_en, is set to 1, and STBIO1 is not in debug_mode, register map shall refuse any incoming write request if the transaction address is within the OTP Registers space (from 0xCD000 to 0xCD02F).",review_required
DDS_STBIO1_0032,ADSP,ADSP; DSP,Requirement; DSP,supports,"After each Boot routine performed by the ADSP, a value of 0x04 shall be written once to address 0x0CA00C to ensure correct operation of the AHB transactions. [Vpriority High]",review_required
DDS_STBIO1_0033,ADSP,ADSP; DSP,Requirement; DSP,supports,The Soft Reset routine shall start when SOFT_RESET Bit (in CONTROL_A register) rises and completes when quokka_run falls. [Vpriority High],review_required
DDS_STBIO1_0035,ADSP,ADSP; DSP,Requirement; DSP,supports,"If during the start of a new operation, more than one bit is written into CONTROL_A reg in the same write operation, ADSP shall execute only the routine at higher priority and discard the others. Priority is listed below, with first routine at higher priority: 1. SOFT RESET routine 2. OTP WRITE routine 3. OTP TEST routine 4. OTP BOOT routine [Vpriority High]",review_required
DDS_STBIO1_8100,I2C_SPI_AHB,FIFO; I2C_SPI_AHB,FIFO,supports,CONNECTION fifo_dpt 8 FIFO depth. Suggested val 8,review_required
DDS_STBIO1_8101,I2C_SPI_AHB,I2C_SPI_AHB,,,,review_required
DDS_STBIO1_8102,I2C_SPI_AHB,I2C_SPI_AHB; Mode,Mode,supports,i2c_hs_mode 1'b0 To activate HS I2C,review_required
DDS_STBIO1_8103,I2C_SPI_AHB,I2C_SPI_AHB,,,,review_required
DDS_STBIO1_8104,I2C_SPI_AHB,I2C_SPI_AHB; Interface; Mode,Interface; Mode,connected-to,"ser_mode ""i2c_spi"" To choose if the interface is SPI only, I2C only or both. Suggested : i2c_spi",review_required
DDS_STBIO1_8105,I2C_SPI_AHB,I2C_SPI_AHB,,,,review_required
DDS_STBIO1_8106,I2C_SPI_AHB,I2C_SPI_AHB,,,,review_required
DDS_STBIO1_8000,I2C_SPI_AHB,I2C_SPI_AHB; Interface; Port,Requirement; Interface; Port,connected-to,"[DDS_STBIO1_8000] Requirement: I2C interface shall support all the specified modalities (Standard, FM, FM+) and, if configured, HS is also supported.",review_required
DDS_STBIO1_8001,I2C_SPI_AHB,Domain; I2C_SPI_AHB; Interface; System,Requirement; Interface; System; Domain,supports,Clock frequency ratio between system (AHB) and I2C/SPI interfaces domains shall be at least 2 times. [TO: IPOS_I2C_SPI_AHB_0006] [Vpriority High],review_required
DDS_STBIO1_8003,I2C_SPI_AHB,I2C_SPI_AHB,Requirement,supports,"An I2C/SPI write access to the address 0x60-0x67 shall be translated in an AHB write access to the configured AHB address (contained in registers SAM_ADDR_BYTE0/1/2/3, address 0x50/0x51/0x52/0x53). [TO: IPOS_I2C_SPI_AHB_0009] [Vpriority High]",review_required
DDS_STBIO1_8004,I2C_SPI_AHB,FIFO; I2C_SPI_AHB,Requirement; FIFO,supports,A double byte write access to the address 0x68-0x6f (with data that is the number of bytes that the master wants to read) shall start the data preload from AHB in order to have the internal fifo not empty when the read request will be done by the master. [TO: IPOS_I2C_SPI_AHB_0010] [Vpriority High],review_required
DDS_STBIO1_8005,I2C_SPI_AHB,I2C_SPI_AHB,Requirement,supports,"An I2C/SPI read access to the address 0x70-0x7f shall be translated in an AHB read access to the configured AHB address (contained in registers SAM_ADDR_BYTE0/1/2/3, address 0x50/0x51/0x52/0x53). [TO: IPOS_I2C_SPI_AHB_0011] [Vpriority High]",review_required
DDS_STBIO1_8002,I2C_SPI_AHB,Bus; I2C_SPI_AHB; Interface; Serial Interface,Serial Interface; Requirement; Interface; Bus,connected-to,The IP has a serial interface (I2C or SPI) and a parallel bus interface AHB. [TO: IPOS_I2C_SPI_AHB_0007],review_required
DDS_STBIO1_8006,I2C_SPI_AHB,I2C_SPI_AHB; Interface,Requirement; Interface,connected-to,"On AHB interface, data size shall be limited to BYTE and WORD. [TO: IPOS_I2C_SPI_AHB_0361]",review_required
DDS_STBIO1_8007,I2C_SPI_AHB,I2C_SPI_AHB; Interface; Port,Requirement; Interface; Port,constrains,"On AHB interface, BURST shall not be supported as well as LOCKED transfers. [TO: IPOS_I2C_SPI_AHB_0362]",review_required
DDS_STBIO1_9317,Sensor-Hub,Sensor; Sensor-Hub,Requirement; Sensor,constrains,"If the sensor hub IP is not enabled, the SCL and SDA pad shall not toggle. [Vpriority High] [TO: IPOS_Senshub_MB_i2c]",review_required
DDS_STBIO1_9013,Sensor-Hub,Buffer; Sensor; Sensor-Hub,Requirement; Buffer; Sensor,connected-to,Output scl_master_out of sensor hub shall be connected to enable of output buffer of sensor hub's SCL PAD in case it is a bi-directional PAD). [Vpriority High] [TO: IPOS_Senshub_MB_i2c],review_required
DDS_STBIO1_9014,Sensor-Hub,Buffer; Sensor; Sensor-Hub,Requirement; Buffer; Sensor,connected-to,Output sda_master_out of sensor hub shall be connected to enable of output buffer of sensor hub's SDA PAD. [Vpriority High] [TO: IPOS_Senshub_MB_i2c],review_required
DDS_STBIO1_9011,Sensor-Hub,Buffer; Sensor; Sensor-Hub,Requirement; Buffer; Sensor,connected-to,Input scl_master_in of sensor hub shall be connected to input buffer from sensor hub's SCL PAD. [Vpriority High] [TO: IPOS_Senshub_MB_i2c],review_required
DDS_STBIO1_9012,Sensor-Hub,Buffer; Sensor; Sensor-Hub,Requirement; Buffer; Sensor,connected-to,Input sda_master_in of sensor hub shall be connected to input buffer from sensor hub's SDA PAD. [Vpriority High] [TO: IPOS_Senshub_MB_i2c],review_required
DDS_STBIO1_9017,Sensor-Hub,Port; Sensor; Sensor-Hub,Requirement; Sensor; Port,supports,The output port sleep_master shall be set to 1 when an I2C operation is not on-going. [Vpriority High] [TO: IPOS_Senshub_MB_i2c],review_required
DDS_STBIO1_9004,Sensor-Hub,Sensor; Sensor-Hub,Requirement; Sensor,connected-to,Input sys_clk of sensor hub shall be connected to 8MHz clock to generate I2C communications compliant with FM+ I2C standard. [TO: IPOS_Senshub_MB_i2c],review_required
DDS_STBIO1_9018,Sensor-Hub,Sensor; Sensor-Hub,Requirement; Sensor,supports,"[DDS_STBIO1_9018] Requirement The trigger of sensor hub shall be possible in both ways, HW via dvalid_masterblaze_ext signal or SW using DVALID_REGISTER.",review_required
DDS_STBIO1_9024,Sensor-Hub,Destination; Sensor; Sensor-Hub,Requirement; Destination; Sensor,supports,[DDS_STBIO1_9024] Requirement Only I2C target addressed through SLAVE0_DEV_ADD register shall be the destination of an I2C Write Operation.,review_required
DDS_STBIO1_9027,Sensor-Hub,Sensor; Sensor-Hub,Requirement; Sensor,supports,"[DDS_STBIO1_9027] Requirement The bit 0 of SLAVE1_DEV_ADD, SLAVE2_DEV_ADD, SLAVE3_DEV_ADD registers shall be ignored: ONLY read operations towards I2C target 1, 2 and 3 shall be performed.",review_required
DDS_STBIO1_9030,Sensor-Hub,Sensor; Sensor-Hub,Requirement; Sensor,supports,[DDS_STBIO1_9030] Requirement SLAVEx_NUMOP bit-fields of SLAVEx_CONFIG registers shall define how many bytes per slave are read as per effect of an I2C operation (x from 1 to 12).,review_required
DDS_STBIO1_9032,Sensor-Hub,Sensor; Sensor-Hub,Requirement; Sensor,supports,[DDS_STBIO1_9032] Requirement SLAVE0_NUMOP bitfield shall be ignored if an I2C Write operation is issued to the I2C Slave 0.,review_required
DDS_STBIO1_9029,Sensor-Hub,Port; Sensor; Sensor-Hub,Requirement; Sensor; Port,connected-to,"AUX_SENS_ON possible values shall be 0,1,2,3. All the values shall be tested since MasterBlaze supports up-to 4 I2C targets connected to I2C network. [TO: IPOS_Senshub_MB_i2c]",review_required
DDS_STBIO1_9031,Sensor-Hub,Sensor; Sensor-Hub,Requirement; Sensor,supports,All the values from 1 to 12 shall be valid for SLAVEx_NUMOP bit-fields of SLAVEx_CONFIG registers. [TO: IPOS_Senshub_MB_i2c],review_required
DDS_STBIO1_9033,Sensor-Hub,Sensor; Sensor-Hub,Requirement; Sensor,supports,All the SENSOR_HUB_x registers shall be reset every time a new I2C operation starts. [TO: IPOS_Senshub_MB_i2c],review_required
DDS_STBIO1_9035,Sensor-Hub,Sensor; Sensor-Hub,Requirement; Sensor,supports,"When Quokka MasterBlaze µP runs (sleep_master signal = 0), any dvalid triggered (HW or SW) shall be ignored. [TO: IPOS_Senshub_MB_i2c]",review_required
DDS_STBIO1_9300,Sensor-Hub,Bus; Processor; Sensor; Sensor-Hub,Requirement; Processor; Sensor; Bus,constrains,[DDS_STBIO1_9300] Requirement The AHB Write to registers has no effect if the IP masterblaze processor is busy (I2C operation on-going); the registers value shall not be updated.,review_required
DDS_STBIO1_9500,Sensor-Hub,FIFO; Mode; Sensor; Sensor-Hub; Source,Requirement; Source; Sensor; Mode; FIFO,supports,"[DDS_STBIO1_9500] Requirement In case also other sources that writes into FIFO are active, then sensor hub shall work always in multi-fifo mode fifo_mode input of sensor hub set to '1' .",review_required
DDS_STBIO1_9034,Sensor-Hub,Sensor; Sensor-Hub,Requirement; Sensor,supports,The NACK_REGISTER register is reset every time a new I2C operation starts. [TO: IPOS_Senshub_MB_i2c],review_required
DDS_STBIO1_9260,Sensor-Hub,FIFO; Sensor; Sensor-Hub,Requirement; Sensor; FIFO,supports,Each data stored in FIFO shall be composed by 4 words (16bytes). [TO: IPOS_Senshub_MB_i2c],review_required
DDS_STBIO1_9261,Sensor-Hub,FIFO; Sensor; Sensor-Hub,Requirement; Sensor; FIFO,supports,3 words (12bytes) of the data stored in FIFO shall contain the data from each I2C slave. [TO: IPOS_Senshub_MB_i2c],review_required
DDS_STBIO1_9262,Sensor-Hub,FIFO; Sensor; Sensor-Hub,Requirement; Sensor; FIFO,supports,24-bits of the data stored in FIFO shall be reserved at '0'. [TO: IPOS_Senshub_MB_i2c],review_required
DDS_STBIO1_9263,Sensor-Hub,FIFO; Sensor; Sensor-Hub,Requirement; Sensor; FIFO,supports,The last 8-bits of the data stored in FIFO shall contain the TAG field. [TO: IPOS_Senshub_MB_i2c],review_required
DDS_STBIO1_00000102,Smart FIFO,FIFO; Memory; Smart FIFO,Requirement; Memory; FIFO,supports,The parameter MEM_LOC shall define the first Memory Location of the FIFO RAM: 0xC4000. [TO: IPOS_FIFO_CTRL_00000102],review_required
DDS_STBIO1_00000202,Smart FIFO,FIFO; Memory; Smart FIFO,Requirement; Memory; FIFO,supports,The FIFO register map first memory location shall be defined as MEM_LOC + 0x1000: 0xC5000. [TO: IPOS_FIFO_CTRL_00000202],review_required
DDS_STBIO1_89456557,Smart FIFO,Controller; FIFO; Smart FIFO,Requirement; Controller; FIFO,supports,The FIFO Controller shall be able to address 1.5 kbyte divided into 32-bit address. [TO: IPOS_FIFO_CTRL_89456557],review_required
DDS_STBIO1_89459082,Smart FIFO,Controller; FIFO; Smart FIFO,Requirement; Controller; FIFO,supports,The FIFO Controller shall work at 16 MHz clock frequency. [TO: IPOS_FIFO_CTRL_89459082],review_required
DDS_STBIO1_89455261,Smart FIFO,Bus; Controller; FIFO; Interface; Memory; Smart FIFO,Requirement; Controller; Interface; Memory; FIFO; Bus,connected-to,The FIFO Controller shall have an AHB Slave Interface connected to the AHB BUS and a Memory Master Interface connected to the Physical Memory. [TO: IPOS_FIFO_CTRL_89455261],review_required
DDS_STBIO1_89455449,Smart FIFO,Controller; FIFO; Mode; Smart FIFO,Requirement; Controller; Mode; FIFO,supports,The FIFO Controller shall have two working modes: Multiple FIFO and Unique FIFO. These two modes are mutually exclusive. [TO: IPOS_FIFO_CTRL_89455449],review_required
DDS_STBIO1_89455232,Smart FIFO,FIFO; Mode; Smart FIFO,Requirement; Mode; FIFO,supports,"As default, the FIFO shall work in Unique FIFO Mode. [TO: IPOS_FIFO_CTRL_89455232]",review_required
DDS_STBIO1_89456975,Smart FIFO,FIFO; Mode; Smart FIFO,Requirement; Mode; FIFO,supports,The user shall select the Multiple FIFO mode setting to 1 the first bit into the FIFO_CFG_MODE and 0 for the Unique FIFO mode. [TO: IPOS_FIFO_CTRL_89456975],review_required
DDS_STBIO1_89457435,Smart FIFO,Controller; FIFO; Mode; Smart FIFO,Requirement; Controller; Mode; FIFO,supports,The FIFO Controller shall have a 6 i_depth input of 8 bit to be used in Multiple FIFO Mode to define the depth of each subFIFOs. [TO: IPOS_FIFO_CTRL_89457435],review_required
DDS_STBIO1_89457790,Smart FIFO,FIFO; Memory; Mode; Smart FIFO,Requirement; Memory; Mode; FIFO,supports,"The FIFO 6 memory locations to access each sub-FIFO in Multiple mode are obtained adding multiples of 256 to the memory base address. Example: FIFO Memory Base Address = 0xC4000, then: FIFO 0 memory location 0xC4000 FIFO 1 memory location 0xC4100 FIFO 2 memory location 0xC4200 FIFO 3 memory location 0xC4300 FIFO 4 memory location 0xC4400 FIFO 5 memory location 0xC4500 Table 29: SUB FIFO Memory Address [TO: IPOS_FIFO_CTRL_89457790]",review_required
DDS_STBIO1_00000008,Smart FIFO,Controller; FIFO; Memory; Mode; Smart FIFO,Requirement; Controller; Memory; Mode; FIFO,supports,"If input signal HMASTER is set to 0 or 1, the FIFO Controller shall enter Memory mode. [TO: IPOS_FIFO_CTRL_00000008]",review_required
DDS_STBIO1_00000199,Smart FIFO,Controller; FIFO; Memory; Mode; Smart FIFO,Requirement; Controller; Memory; Mode; FIFO,supports,"If input signal HMASTER is set to 0 or 1, the FIFO Controller shall enter Memory mode. [TO: IPOS_FIFO_CTRL_00000008]",review_required
DDS_STBIO1_00001199,Smart FIFO,FIFO; Smart FIFO,Requirement; FIFO,supports,"When in Multiple Fifo, the 6 sub-FIFO offset shall coincide with the following table : FIFO OFFSET DATA TYPE ECG FIFO OFFSET ECG0_AC, ECG0_DC BIA FIFO OFFSET BIA_AC_P, BIA_DC_P, BIA_AC_Q, BIA_DC_Q, ECG1_AC, ECG2_DC GSR FIFO OFFSET GSR, ECG1_DC, ECG2_AC PPG FIFO OFFSET PPG Table 31 : FIFO Offset Data Table",review_required
DDS_STBIO1_0501,,FIFO; ISPU,Requirement; FIFO; ISPU,connected-to,The irq_FIFO_U_M_IRQ_STsATUS interrupt shall be connected to FIFO status to bit 29.,review_required
DDS_STBIO1_0502,,ISPU; Sensor,Requirement; Sensor; ISPU,connected-to,The irq_SENSHUB_STS interrupt shall be connected to SENSOR HUB status to bit 28.,review_required
DDS_STBIO1_0503,,ISPU,Requirement; ISPU,connected-to,"The irq_ISPU_MC_INTR_STS interrupt shall be connected to ECG, BIA or PPG samples ready for elaboration to bit 27.",review_required
DDS_STBIO1_0504,,DSP; ISPU,Requirement; ISPU; DSP,connected-to,The sw_interrupt interrupt shall be connected to sw interrupt used by ADSP or external user to bit 26:11 16.,review_required
DDS_STBIO1_0505,,ISPU,Requirement; ISPU,connected-to,The irq_timer interrupt shall be connected to Internal timer to bit 1.,review_required
DDS_STBIO1_0509,,ISPU; Mode,Requirement; Mode; ISPU,supports,"[DDS_STBIO1_0509] Requirement: To put the ISPU into sleep mode, it is necessary to perform a read at address 0x80054.",review_required
DDS_STBIO1_05010,,ISPU,Requirement; ISPU,supports,"[DDS_STBIO1_05010] Requirement: To wake up the ISPU, it is necessary to trigger an interrupt.",review_required
DDS_STBIO1_05011,,ISPU; Memory; Mode,Requirement; Memory; Mode; ISPU,supports,"[DDS_STBIO1_05011] Requirement: When the ISPU is in sleep mode, it is possible to perform reads and writes from the data and code memory by triggering an AHB transition.",review_required
DDS_STBIO1_0508,,Configuration; Configuration Register; ISPU; Interface; Regmap,Configuration Register; Configuration; Requirement; Interface; Regmap; ISPU,connected-to,"To turn off the ISPU shall be: • Disable the power island by writing to regmap POWER CONFIGURATION REGISTER via AHB interface (ADDRESS=0xCA000, DATA=0x00)",review_required
DDS_STBIO1_0507,,Configuration; Configuration Register; ISPU; Interface; Mode; Regmap,Configuration Register; Configuration; Requirement; Interface; Regmap; Mode; ISPU,connected-to,"After the initial boot phase, to turn on the ISPU shall be: • Select page 3 of the regmap (ADDRESS=0x04, DATA=0x03) • Enable LDO 1V8 by writing to regmap VIREF_LDO1V8_CLK16M register (ADDRESS=0x0F, DATA=0x02) • Enable clock by writing to regmap VIREF_LDO1V8_CLK16M register (ADDRESS=0x0F, DATA=0x12) • Enable user mode by writing to regmap (ADDRESS=0x5E, DATA=0x01) • Enable the power island by writing to regmap POWER CONFIGURATION REGISTER via AHB interface (ADDRESS=0xCA000, DATA=0x01)",review_required
DDS_STBIO1_3000,,Block; Interface; Mode; Port; Regmap,Interface; Regmap; Block; Mode; Port,connected-to,"132 **Update-IR** Run-Test/Idle Select-DR-Scan 13.4. STBIO1 Register Map 13.4.1. STBIO1 Register Map Here is described the list of registers in the register map. The AFE_BLOCK registers are accessible by I2C/SPI direct access and AHB interface, while the others are only by AHB. The I2C/SPI direct access mode is done by the HOST INTF port (I2C/SPI AHB) and the address of the AFE_BLOCK registers are arranged in 4 pages of 64 registers. BASE START ADDRESS ADDRESS BLOCK REGISTER WIDTH BASE END ADDRE VREF_TRIM SS RESET REQ_ID 0xC8000 AFE_BLOCK 8 0xC80EB tst_main_reset_n, regmap_sw_resetn",review_required
DDS_STBIO1_3001,,Regmap,Regmap,supports,"0xC80EC RESERVED 0xC8FFF tst_main_reset_n, regmap_sw_resetn",review_required
DDS_STBIO1_3002,,,,,,needs_manual_block_assignment
DDS_STBIO1_3003,,Regmap,Regmap,supports,"0xC9030 RESERVED 0xC9FFF tst_main_reset_n, regmap_sw_resetn",review_required
DDS_STBIO1_3004,,Regmap; System,System; Regmap,supports,"0xCA000 SYSTEM_REGISTER 32 0xCA140 tst_main_reset_n, regmap_sw_resetn",review_required
DDS_STBIO1_3005,,Regmap,Regmap,supports,"0xCA144 RESERVED 0xCCFFF tst_main_reset_n, regmap_sw_resetn",review_required
DDS_STBIO1_3006,,Regmap,Regmap,supports,"0xCD000 OTP (TRIMM REGS) 32 0xCD02F tst_main_reset_n, regmap_sw_resetn",review_required
DDS_STBIO1_1114,Main Controller,Controller; Main Controller; Mode,Controller; Mode,supports,"To perform a SOFT Reset procedure, the user shall perform the following steps: 1. If Mode Operation has been set to 1, shall be reset to 0 2. Set the Soft Reset Main Controller Bit (SW_RESETN_REG[0]) to 0 for at least 1 ms 3. Set the Soft Reset Main Controller Bit (SW_RESETN_REG[0]) to 1 4. Wait for the DEVICE_STATUS_REGISTER to reach the IDLE Value",review_required
DDS_STBIO1_0114,OTP,Domain; OTP; Port,Domain; Port,drives,"At the release of the POR signal from the analog domain, the PMU shall manage the turn-on of the LDO1V8 and starts clocks Start-Up Sequence (reported in PMU IPOS) [TO: IPOS_PMU]",review_required
DDS_STBIO1_0115,OTP,Domain; OTP,Domain,supports,"After At least 2 ms from the Release of the POR, the reset of the digital domain shall be de- asserted (an overlook on this part is described in the PMU IPOS) and the device shall start the Boot Phase [TO: IPOS_PMU]",review_required
DDS_STBIO1_0116,OTP,Controller; OTP,Controller,supports,"To check the end of the BOOT phase, the user shall read the main_controller_status_register (DEVICE_STATUS_REG register [2:0]) and follow these steps: • Read the DEVICE_STATUS_REG [2:0] • Check if the Value is 1 (BOOT phase still in process) • If the value is 2, then the BOOT phase is ended and the device is in IDLE. [TO: IPOS_MAIN_CTRL]",review_required
DDS_STBIO1_0117,,ADC; Channel; Configuration; Mode; State,Configuration; Channel; State; Mode; ADC,supports,"During the Configuration Phase (IDLE STATE of the Device_FSM), the user shall be able to: • Configure Bio-Channel or Optical Channel, the ADC Calibration and then Start a measurement cycle. • Put the device in Debug-Mode. [TO: IPOS_MAIN_CTRL]",review_required
DDS_STBIO1_0118,,,,,,needs_manual_block_assignment
DDS_STBIO1_0119,,Channel; Mode,Channel; Mode,supports,"• The user shall select active channel, in this case only ECG0_SEL and DS_SEL (Data Storage Mode) in DEVICE_CONFIG_CHANNEL register writing 0x21. [TO: IPOS_MAIN_CTRL]",review_required
DDS_STBIO1_0120,,Channel,Channel,supports,"• The user shall select a division index for ECG, configuring M_ECG_l and M_ECG_h in SET_ECG_FREQ_l register and SET_ECG_FREQ_h register. [TO: IPOS_MAIN_CTRL]",review_required
DDS_STBIO1_0121,ADC,ADC,ADC,supports,• The user shall set the number of clocks for sampling ECG data from ADC in ADC_CONFIG_ECG register. [TO: IPOS_MAIN_CTRL],review_required
DDS_STBIO1_0122,,,,,,needs_manual_block_assignment
DDS_STBIO1_0123,,Mode,Mode,supports,• The user shall start measurement writing register DEVICE_CONFIG_OPERATION [0] at 1. [TO: IPOS_MAIN_CTRL],review_required
DDS_STBIO1_0124,,FIFO,FIFO,supports,• To check data in unique FIFO (default config) the user shall check the first MSB which will have to be equal to the table in DATA TAG Table. [TO: IPOS_MAIN_CTRL],review_required
DDS_STBIO1_0125,,,Requirement,supports,[DDS_STBIO1_0125] Requirement: • The user shall configure the time slot duration in DEVICE_CONFIG_OPERATION register [4:2].,needs_manual_block_assignment
DDS_STBIO1_0126,,Channel; Mode,Channel; Mode,supports,"• The user shall select active channel, in this case ECG0_SEL, BIA_SEL and DS_SEL (Data Storage Mode) in DEVICE_CONFIG_CHANNEL writing 0x23. [TO: IPOS_MAIN_CTRL]",review_required
DDS_STBIO1_0127,,Channel,Channel,supports,"• The user shall select a division index for ECG, configuring M_ECG_l and M_ECG_h in SET_ECG_FREQ_l register and SET_ECG_FREQ_h register. [TO: IPOS_MAIN_CTRL]",review_required
DDS_STBIO1_0128,,Channel,Channel,supports,"• The user shall select a division index for ECG, configuring M_BIA_l and M_BIA_h in SET_BIA_FREQ_l register and SET_BIA_FREQ_h register. [TO: IPOS_MAIN_CTRL]",review_required
DDS_STBIO1_0129,ADC,ADC,ADC,supports,• The user shall set number of clocks for sampling ECG and BIA data from ADC in ADC_CONFIG_ECG register. [TO: IPOS_MAIN_CTRL],review_required
DDS_STBIO1_0130,,,,,,needs_manual_block_assignment
DDS_STBIO1_0140,,,,,,needs_manual_block_assignment
DDS_STBIO1_0141,,Mode,Mode,supports,• The user shall start measurement writing register DEVICE_CONFIG_OPERATION [0] at 1. [TO: IPOS_MAIN_CTRL],review_required
DDS_STBIO1_0142,,FIFO,FIFO,supports,• To check data in unique FIFO (default config) the user shall check the first MSB which will have to be equal to the one described in the DATA TAG Table. [TO: IPOS_MAIN_CTRL],review_required
DDS_STBIO1_0143,,,Requirement,supports,[DDS_STBIO1_0143] Requirement: • The User shall configure time slot duration in DEVICE_CONFIG_OPERATION register [4:2].,needs_manual_block_assignment
DDS_STBIO1_0145,,Channel,Requirement; Channel,supports,"[DDS_STBIO1_0145] Requirement: • The user shall configure a division index PPG, writing M_PPG_l and M_PPG_h in SET_PPG_FREQ_l register and SET_PPG_FREQ_h register.",review_required
DDS_STBIO1_0146,ADC,ADC,Requirement; ADC,supports,[DDS_STBIO1_0146] Requirement: • The user shall configure the number of clocks for sampling PPG data from ADC in ADC_CONFIG_PPG register.,review_required
DDS_STBIO1_0144,,Channel,Channel,supports,"• The user shall select active channel, in this case only PPG_SEL and DS_SEL (data Storage) in DEVICE_CONFIG_CHANNEL register shall be set to 0x30.",review_required
DDS_STBIO1_0147,,DAC; Mode,Mode; DAC,supports,"The user shall configure each frame following these steps: 5.1 ALC PARAMETERS: • T1 in PPG_ALC_CONFIG_PARAM_1 register. • T2, GAIN_START_SET, GAIN_MAX_SET in PPG_ALC_CONFIG_PARAM_2 register. 5.2 DIGITAL RAMP PARAMETERS: • N_MAX, T_DELTA in DIGITAL_RAMP_CONFIG_PARAM_1 register. • DELTA, T_DELTA1 in DIGITAL_RAMP_CONFIG_PARAM_2 register. • DELTA1 in DIGITAL_RAMP_CONFIG_PARAM_3 register. 5.3 GENERAL PPG PARAMETERS: • N_PPG_FRAME, WAVE_VELOCITY_MODE, SEL_PPG_ELAB in GENERAL_PPG_PARAMETERS_1 register. • T_TX_STARTUP in GENERAL_PPG_PARAMETERS_2 register. • T_RX_SET, PPG_START_UP_TIME_l in GENERAL_PPG_PARAMETERS_3 register. • PPG_START_UP_TIME_h in GENERAL_PPG_PARAMETERS_4 register. 5.4 PARAMETERS FOR EACH FRAME CONFIGURED BY USER: • RX_CH_FRAME_{n}, FRAME_{n}_SAMPLES, FRAME_{n}_REPETITION in FRAME_n_PARAMETERS_1 register. • BTIA_GAIN_FRAME_{n}, TX_LEDSET_FRAME_l_{n} in FRAME_n_PARAMETERS_2 register. • TX_LEDSET_FRAME_h_{n}, TX_LEDOFF_FRAME_l_{n} in FRAME_n_PARAMETERS_3 register. • TX_LEDOFF_FRAME_h_{n} in FRAME_n_PARAMETERS_4 register. • IDAC_DC_PPG_FRAME_{n} in FRAME_n_PARAMETERS_5 register. • EN_TX_i in FRAME_n_PARAMETERS_6 register. • CURR_SEL_TX_FRAME{n} in FRAME_n_PARAMETERS_7 register. • TX1_OUTAB_SEL_FRAME_{n}, TX2_OUTAB_SEL_FRAME_{n}, TX3_OUTAB_SEL_FRAME_{n}, TX4_OUTAB_SEL_FRAME_{n} in FRAME_n_PARAMETERS_10 register.",review_required
DDS_STBIO1_0148,,Mode,Requirement; Mode,supports,[DDS_STBIO1_0148] Requirement: • The user shall write DEVICE_CONFIG_OPERATION register [0] at 1.,review_required
DDS_STBIO1_0149,,FIFO,FIFO,supports,"• To check data in unique FIFO (default config) the user shall check the first MSB. PPG DATA has 20 bits of data and 4 of TAG. The 4 bits, from 0 to 11, are used to identify the frame (as described in the table in DATA TAG table).",review_required
DDS_STBIO1_0699,,Interface; Mode; Regmap,Interface; Regmap; Mode,connected-to,"After the initial boot phase, only with SPI interface, to turn on the Scan mode shall be: • Select page 3 of the regmap (ADDRESS=0x40, DATA=0x03) • Enable LDO 1V8 by writing to regmap VIREF_LDO1V8_CLK16M register (ADDRESS=0x0F, DATA=0x02) • Enable clock by writing to regmap VIREF_LDO1V8_CLK16M register (ADDRESS=0x0F, DATA=0x12) • Enable debug mode by writing to regmap (ADDRESS=0x3E, DATA=0x01) Figure 26 scan mode activation timing",review_required
DDS_STBIO1_0700,,Mode; Regmap,Regmap; Mode,supports,"After the initial boot phase, to turn on the Debug mode shall be: • Select page 3 of the regmap (ADDRESS=0x40, DATA=0x03) • Enable LDO 1V8 by writing to regmap VIREF_LDO1V8_CLK16M register (ADDRESS=0x0F, DATA=0x02) • Enable clock by writing to regmap VIREF_LDO1V8_CLK16M register (ADDRESS=0x0F, DATA=0x12) • Enable debug mode by writing to regmap (ADDRESS=0x3E, DATA=0x08)",review_required
DDS_STBIO1_0701,ADC,ADC; Mode; Regmap,Regmap; Mode; ADC,supports,"To turn on the ADC TEST LOW NOISE mode shall be: • Select page 3 of the regmap (ADDRESS=0x40, DATA=0x03) • Enable LDO 1V8 by writing to regmap VIREF_LDO1V8_CLK16M register (ADDRESS=0xF, DATA=0x02) • Enable clock by writing to regmap VIREF_LDO1V8_CLK16M register (ADDRESS=0x0F, DATA=0x12) • Enable ADC in debug mode (ADDRESS=0x09, DATA=0x06) • Select page 2 of the regmap (ADDRESS=0x40, DATA=0x02) • Enable ADC TEST LOW NOISE and input of ADC from GPIO (ADDRESS=0x0A, DATA=0x14) • Select page 3 of the regmap (ADDRESS=0x40, DATA=0x02) • Enable debug mode by writing to regmap (ADDRESS=0x3E, DATA=0x08)",review_required
DDS_STBIO1_0702,ADC,ADC; Mode; Regmap,Regmap; Mode; ADC,supports,"To turn on the ADC TEST LOW NOISE mode shall be: • Select page 3 of the regmap (ADDRESS=0x40, DATA=0x03) • Enable LDO 1V8 by writing to regmap VIREF_LDO1V8_CLK16M register (ADDRESS=0xF, DATA=0x02) • Enable clock by writing to regmap VIREF_LDO1V8_CLK16M register (ADDRESS=0x0F, DATA=0x12) • Enable ADC in debug mode (ADDRESS=0x09, DATA=0x06) • Select page 2 of the regmap (ADDRESS=0x40, DATA=0x02) • Enable ADC TEST LOW NOISE and input of ADC from GPIO (ADDRESS=0x0A, DATA=0x14) • Select page 3 of the regmap (ADDRESS=0x40, DATA=0x02) • Enable debug mode by writing to regmap (ADDRESS=0x3E, DATA=0x08)",review_required
DDS_STBIO1_1507,ADC,ADC; Mode; Regmap,Regmap; Mode; ADC,supports,"To turn on the ADC TEST LOW NOISE mode shall be: • Select page 3 of the regmap (ADDRESS=0x40, DATA=0x03) • Enable LDO 1V8 by writing to regmap VIREF_LDO1V8_CLK16M register (ADDRESS=0xF, DATA=0x02) • Enable clock by writing to regmap VIREF_LDO1V8_CLK16M register (ADDRESS=0x0F, DATA=0x12) • Enable ADC in debug mode (ADDRESS=0x09, DATA=0x06) • Select page 2 of the regmap (ADDRESS=0x40, DATA=0x02) • Enable ADC TEST LOW NOISE and input of ADC from GPIO (ADDRESS=0x0A, DATA=0x0C) • Select page 3 of the regmap (ADDRESS=0x40, DATA=0x02) • Enable debug mode by writing to regmap (ADDRESS=0x3E, DATA=0x08)",review_required
DDS_STBIO1_2507,,Mode; Regmap,Regmap; Mode,supports,"After the initial boot phase, to turn on the Debug mode shall be: • Select page 3 of the regmap (ADDRESS=0x40, DATA=0x03) • Enable LDO 1V8 by writing to regmap VIREF_LDO1V8_CLK16M register (ADDRESS=0x0F, DATA=0x02) • Enable clock by writing to regmap VIREF_LDO1V8_CLK16M register (ADDRESS=0x0F, DATA=0x12) • Enable the power island [DDS_STBIO1_0507] • Enable bist mode by writing to regmap (ADDRESS=0x3E, DATA=0x04)",review_required
DDS_STBIO1_0013,ADSP,ADSP; DSP,Requirement; DSP,supports,"To move OTP signal, ADSP shall write a new value in a regbank by AHB protocol.",review_required
DDS_STBIO1_395,PAD MUX,PAD MUX,Requirement,supports,"The DCC feature consists of two stages that detect whether one of six electrode inputs is in the range 0 to 1.5V; thresholds have a 100mV step, and continuous current from 25nA to 200nA flows from the stages into the electrodes.",review_required
IPOS_STBIO1_MAIN_CONTROLLER_002,Main Controller,Main Controller; Mode,Requirement; Mode,supports,The only registers that the user shall change after setting the mode_operation to 1 are the ones described in requirement 7096. All the Other signals shall change only with mode_operation set,review_required
IPOS_STBIO1_MAIN_CONTROLLER_5015,Main Controller,Main Controller; State,State,constrains,"[Covers: DDS_STBIO1_1114] The State WAIT_SU shall not be considered interruptible. If the user wants to interrupt the WAIT_SU state, it shall perform the Soft Reset procedure described in the DDS",review_required
IPOS_STBIO1_MAIN_CONTROLLER_5016,Main Controller,Channel; Main Controller; Regmap,Channel; Regmap,supports,"When an ECG, BIA or GSR Operation is selected and DS_SEL is set to 0, The DATA Output for these two channels shall be written in the following regmap registers ECG0_AC ECG0_DC ECG1_BIA_P_AC ECG1_BIA_P_DC ECG2_BIA_Q_AC ECG2_BIA_Q_DC GSR_RESULT",review_required
IPOS_STBIO1_MAIN_CONTROLLER_5004,Main Controller,Channel; Main Controller,Channel,supports,"The max value that the user shall use for every m_channel (m_ecg, m_bia, m_gsr and m_ppg) is",review_required
IPOS_STBIO1_MAIN_CONTROLLER_5005,Main Controller,Channel; Clamp; Main Controller,Channel; Clamp,supports,"If the user set a value greater than 1024 into ones of the m_channel (see req 5004), the value shall clamp at 1024 (check the input i_m_ecg, i_m_bia, i_m_gsr or i_m_ppg into the main",review_required
IPOS_STBIO1_MAIN_CONTROLLER_1004,Main Controller,Main Controller,,,,review_required
IPOS_STBIO1_MAIN_CONTROLLER_1005,Main Controller,Channel; Main Controller; Mode,Channel; Mode,supports,The user shall configure which channel is selected and if work in Data Storage mode for the,review_required
IPOS_STBIO1_MAIN_CONTROLLER_1007,Main Controller,Channel; Main Controller,Channel,supports,"[Covers: DDS_STBIO1_0120] [Covers: DDS_STBIO1_0122] [Covers: DDS_STBIO1_0127] [Covers: DDS_STBIO1_0130] In Order to enable an ECG0 Channel Operation, the user shall always select the ECG0 channel",review_required
IPOS_STBIO1_MAIN_CONTROLLER_1008,Main Controller,Channel; Main Controller,Channel,supports,"[Covers: DDS_STBIO1_0128] [Covers: DDS_STBIO1_0140] In Order to enable a BIA Channel Operation, the user shall always select the BIA channel",review_required
IPOS_STBIO1_MAIN_CONTROLLER_1009,Main Controller,Channel; Main Controller,Channel,supports,"In Order to enable a GSR Channel Operation, the user shall always select the GSR channel",review_required
IPOS_STBIO1_MAIN_CONTROLLER_1010,Main Controller,Channel; Main Controller,Channel,supports,"In Order to enable a PPG Channel Operation, the user shall always select the PPG channel",review_required
IPOS_STBIO1_MAIN_CONTROLLER_1011,Main Controller,Channel; Main Controller,Channel,supports,"In Order to enable an ECG1_ECG2 Channel Operation, the user shall always select the ECG1_ECG2 channel (DEVICE_CONFIG_CHANNEL), set the i_M_ECG greater than zero and",review_required
IPOS_STBIO1_MAIN_CONTROLLER_004,Main Controller,Controller; DSP; Main Controller; State,Controller; State; DSP,supports,"[Covers: DDS_STBIO1_0116] When the Device_FSM FSM is in BOOT State, that is DEVICE_STATUS_REG register [2:0]) == 0x01 (main_controller_status_register), it shall wait that the ADSP ends the BOOT Phase, checking when the i_quokka_boot_end is set high. When the BOOT Phase is ended, the Device_FSM FSM shall go to IDLE State, check that DEVICE_STATUS_REG register [2:0]) == 0x02, (main_controller_status_register), check that the w_en_ldo1v8 signal is set low and that",review_required
IPOS_STBIO1_MAIN_CONTROLLER_008,Main Controller,Controller; FIFO; Main Controller; Mode,Controller; Mode; FIFO,supports,"When in unique_fifo_mode (i_multiple_fifo set to 0), if during a time slot an operation is done, the Main_Controller_FSM shall write the time_slot_data inside the FIFO with a dedicated tag. The value of the time_slot_data shall be referred to the start of the entire measurement cycle (for",review_required
IPOS_STBIO1_MAIN_CONTROLLER_009,Main Controller,ADC; Channel; Main Controller; Mode; State,Channel; State; Mode; ADC,supports,"[Covers: DDS_STBIO1_0123] [Covers: DDS_STBIO1_0141] When in IDLE State, if ECG0_SEL (DEVICE_CONFIG_CHANNEL register [0]) is high, or BIA_SEL (DEVICE_CONFIG_CHANNEL register [2]) is set high, or ECG1_ECG2_SEL (DEVICE_CONFIG_CHANNEL register [1]) is set high, or GSR_SEL (DEVICE_CONFIG_CHANNEL register [3]) is set high, or ADC_DO_CALIBRATION ( ADC_CAL_CONFIG register [0]) is set high, or WAVE_VELOCITY_MODE (GENERAL_PPG_PARAMETERS_1 register [4]) is set high together wit h PPG_SEL (DEVICE_CONFIG_CHANNEL register [4]), when MODE_OPERATION (DEVICE_CONFIG_OPERATION register [1:0] ) is set different from 0, the O_PD_CLKF shall go",review_required
IPOS_STBIO1_MAIN_CONTROLLER_010,Main Controller,Channel; Controller; Main Controller; Mode; State,Controller; Channel; State; Mode,supports,"[Covers: DDS_STBIO1_0119] When the FSM is in IDLE State, if ECG0_SEL (DEVICE_CONFIG_CHANNEL register [0]) is high, HC_EN (ECG_CTRL register [0]) is set to 1 and IMP_EN (IMP_CTRL register [0]) is set to 0, ECG0 shall be active so, when MODE_OPERATION (DEVICE_CONFIG_OPERATION register [1:0] ) is set different from 0, the O_PD_HC2 shall go low and the Device_FSM FSM shall go to the WAIT_SU State , so the main_controller_status_register (DEVICE_STATUS_REG register",review_required
IPOS_STBIO1_MAIN_CONTROLLER_011,Main Controller,Channel; Controller; Main Controller; Mode; State,Controller; Channel; State; Mode,supports,"When the HC_EN (ECG_CTRL register [0]) is set to 0 and IMP_EN (IMP_CTRL register [0]) is set to 1 and ECG1_ECG2_SEL (DEVICE_CONFIG_CHANNEL register [1]) is set to 1, ECG1 and ECG2 shall be active so, when MODE_OPERATION (DEVICE_CONFIG_OPERATION register [1:0] ) is set different from 0, the O_PD_HC2 shall remain high, O_PD_IMP shall go low and the Device_FSM shall go to the WAIT_SU State, so main_controller_status_register",review_required
IPOS_STBIO1_MAIN_CONTROLLER_016,Main Controller,Channel; Main Controller,Channel,supports,"When DEVICE is in WAIT_SU, if IMP_EN (IMP_CTRL register [0]) is equal to 1 and BIA_SEL (DEVICE_CONFIG_CHANNEL [2]) is equal to 1, O_PD_IMP shall go low within 5 clock cycle at",review_required
IPOS_STBIO1_MAIN_CONTROLLER_017,Main Controller,Channel; Main Controller,Channel,supports,"When DEVICE is in WAIT_SU, if IMP_EN (IMP_CTRL register [0]) is equal to 1 and BIA_SEL (DEVICE_CONFIG_CHANNEL register [2]) is equal to 1 and the IMP_CURRINJ_EN (CURR_INJ register [3]) is equal to 1, the O_IMP_CURINJ_PD shall go low. On the other hand, if IMP_CURRINJ_EN (CURR_INJ register [3]) is equal to 0, the O_IMP_CURINJ_PD shall remain",review_required
IPOS_STBIO1_MAIN_CONTROLLER_018,Main Controller,Block; Channel; Main Controller,Channel; Block,supports,"When DEVICE is in WAIT_SU, if IMP_EN (IMP_CTRL register [0]) signal is equal to 1 and BIA_SEL (DEVICE_CONFIG_CHANNEL register [2]) is equal to 1, 5ms after the falling of imp_curinj_pd and O_PD_IMP, if IMP_CURRINJ_EN (CURR_INJ register [3]) is equal to 1, O_CK_M, O_CK_P and O_CK_Q shall be generated from Clock generator block so they run at FREQ_BIA_CLK_m_p_q (EN_CHOP_FREQ_MOD_DEMOD register [4:3] ) and its values shall be chosen from 20kHz, 50kHz, 100kHz, 200kHz . On the other hand, if IMP_CURRINJ_EN (CURR_INJ register [3]) is equal to 0, ck_m, ck_p and",review_required
IPOS_STBIO1_MAIN_CONTROLLER_019,Main Controller,Main Controller,,,,review_required
IPOS_STBIO1_MAIN_CONTROLLER_021,Main Controller,Block; Channel; Main Controller; State,Channel; Block; State,supports,"When DEVICE_FSM FSM is in WAIT_SU state, if IMP_EN (IMP_CTRL register [0]) is equal to 1 and BIA_SEL (DEVICE_CONFIG_CHANNEL register [2]) is equal to 1; 20ms after the falling of O_RST_IMP, if EN_CHOP_CLK_IMP (EN_CHOP_FREQ_MOD_DEMOD register [1]) is set to 1, O_CK_CHOP_IMP shall be generated from Clock generator block, so O_CK_CHOP_IMP shall be run at 10kHz frequency. On the other hand, if EN_CHOP_CLK_IMP (EN_CHOP_FREQ_MOD_DEMOD register [1]) is set",review_required
IPOS_STBIO1_MAIN_CONTROLLER_023,Main Controller,Channel; Main Controller; State,Channel; State,supports,"When DEVICE_FSM FSM is in WAIT_SU state, if IMP_EN signal (IMP_CTRL register [0]) is equal to 1 and BIA_SEL (DEVICE_CONFIG_CHANNEL register [2]) is equal to 1; If i_su_hlt_dly is set to 0, 205ms after the falling of O_RSTI_IMP, O_SUG_IMP shall go low. Instead, if SU_DLY (EN_CHOP_FREQ_MOD_DEMOD register [2]) is set to 1, 755ms after the",review_required
IPOS_STBIO1_MAIN_CONTROLLER_024,Main Controller,Channel; Controller; Main Controller; Mode; State,Controller; Channel; State; Mode,supports,"When DEVICE_FSM FSM is in WAIT_SU STATE ( main_controller_status_register (DEVICE_STATUS_REG register [2:0]) is equal to 0x03) if HC_EN (ECG_CTRL register [0]) is set to 1 and ECG0_SEL (DEVICE_CONFIG_CHANNEL register [0]) is set to 1 and MODE_OPERATION (bit [1:0] on DEVICE_CONFIG_OPERATION register) is different to 0, after WAIT_SU state the device shall go in OPERATIVE (DEVICE_STATUS_REG register [2:0] is equal",review_required
IPOS_STBIO1_MAIN_CONTROLLER_3124,Main Controller,ADC; Main Controller; State,State; ADC,supports,"When the ELAB_FSM is in ECG State and only ECG0 is selected, the o_ADC_EN shall go high,",review_required
IPOS_STBIO1_MAIN_CONTROLLER_3125,Main Controller,ADC; Main Controller; State,State; ADC,supports,"When ELAB_FSM is in ECG state and ECG1 and ECG2 are selected , o_ADC_EN shall go high and 10 acquisitions are required (acquisitions described in chapter in section 5.4 ADC PHASE).",review_required
IPOS_STBIO1_MAIN_CONTROLLER_026,Main Controller,Channel; Controller; Main Controller; State,Controller; Channel; State,supports,"When DEVICE_FSM FSM is in IDLE STATE (main_controller_status_register (DEVICE_STATUS_REG register [2:0]) is equal to 0x02) if HC_EN (ECG_CTRL register [0]) is set to 1 and IMP_EN (IMP_CTRL register [0]) is set to 1 and ECG0_SEL (DEVICE_CONFIG_CHANNEL [0]) is set to 1 and ECG1_ECG2_SEL (DEVICE_CONFIG_CHANNEL [1]) is set to 1, after WAIT_SU the device_fsm shall go in",review_required
IPOS_STBIO1_MAIN_CONTROLLER_3126,Main Controller,ADC; Main Controller; State,State; ADC,supports,"When ELAB_FSM is in ECG state and EC0, ECG1 and ECG2 are selected , o_ADC_EN shall go high and15 acquisitions are required (acquisitions described in 5.4 ADC PHASE) and then device",review_required
IPOS_STBIO1_MAIN_CONTROLLER_3127,Main Controller,ADC; Main Controller; State,State; ADC,supports,"When ELAB_FSM is in BIA state , o_ADC_EN shall go high and 16 acquisitions are required (acquisitions described in section 5.4 ADC PHASE ) and then device shall go in",review_required
IPOS_STBIO1_MAIN_CONTROLLER_028,Main Controller,Channel; Controller; Main Controller; State,Controller; Channel; State,supports,"When DEVICE_FSM FSM is in IDLE STATE (main_controller_status_register (DEVICE_STATUS_REG register [2:0]) is equal to 0x02) if HC_EN (ECG_CTRL register [0]) is set to 1 and ECG0_SEL (DEVICE_CONFIG_CHANNEL [0]) is set to 1 and IMP_EN (IMP_CTRL register [0]) is set to 1 and BIA_SEL (DEVICE_CONFIG_CHANNEL [2]) is set to 1, after WAIT_SU, the device FSM shall go in OPERATIVE (DEVICE_STATUS_REG register [2:0] is equal to 0x04).",review_required
IPOS_STBIO1_MAIN_CONTROLLER_128,Main Controller,ADC; Main Controller,ADC,supports,When ECG0 and BIA are selected 21 acquisitions shall be required (acquisitions described in section 5.4 ADC PHASE) and then device shall go in SLEEP (DEVICE_STATUS_REG register,review_required
IPOS_STBIO1_MAIN_CONTROLLER_029,Main Controller,Channel; Controller; Main Controller; Mode; State,Controller; Channel; State; Mode,supports,"When DEVICE_FSM FSM is in IDLE if PPG_SEL (DEVICE_CONFIG_CHANNEL [4]) is set to 1 and MODE_OPERATION (bit [1:0] on DEVICE_CONFIG_OPERATION register) is different to 0, the device shall go in PPG state (main_controller_status_register in ELAB_STATUS_REG register",review_required
IPOS_STBIO1_MAIN_CONTROLLER_030,Main Controller,ADC; Controller; Main Controller; State,Controller; State; ADC,supports,When DEVICE_FSM FSM is in PPG state (main_controller_status_register in ELAB_STATUS_REG register [3:0] shall be equal to 0x05) the device shall be execute a number of frames equal to N_PPG_FRAME (GENERAL_PPG_PARAMETERS_1 register [3:0]) (Check the i_id_frame shall increase until it’s equal to N_PPG_FRAME-1). At the beginning of each frame o_ADC_EN shall go high and it shall go low when ALC_COMPENSATION is performed or,review_required
IPOS_STBIO1_MAIN_CONTROLLER_031,Main Controller,ADC; Controller; Main Controller; Regmap; State,Controller; Regmap; State; ADC,supports,"When DEVICE_FSM FSM is in PPG state (main_controller_status_register in ELAB_STATUS_REG register [3:0] shall be equal to 0x 05) o_ADC_start shall go high a number of times equal “2 ^ value indicated in regmap of FRAME_{n}_SAMPLES (FRAME_n_PARAMETERS_1 register [5:3]) for ALC and PPG both (2*(2^regmap_value). Except when FRAME_{n}_SAMPLES is equal to 3’b000, in this case o_ADC_start shall go high 3 times.",review_required
IPOS_STBIO1_MAIN_CONTROLLER_032,Main Controller,Controller; DAC; Main Controller; State,Controller; State; DAC,supports,"When DEVICE_FSM FSM is in PPG state (main_controller_status_register in ELAB_STATUS_REG register [3:0] shall be equal to 0x05) during each frame o_Txi_idac_VREF shall go from 0 to N_MAX (DIGITAL_RAMP_CONFIG_PARAM_1 register [3:0]). At first, o_Txi_idac_VREF shall be increase its value of N_START for next step o_Txi_idac_VREF shall",review_required
IPOS_STBIO1_MAIN_CONTROLLER_033,Main Controller,Controller; Main Controller; State,Controller; State,supports,"When not in IDLE STATE (main_controller_status_register (DEVICE_STATUS_REG register [2:0]) is equal to 0x02) , Device_FSM shall go back in IDLE only if the user turns off the",review_required
IPOS_STBIO1_MAIN_CONTROLLER_034,Main Controller,Controller; Main Controller; State,Controller; State,constrains,"When in OPERATIVE (main_controller_status_register (DEVICE_STATUS_REG register [2:0]) is equal to 0x02), if the time slot counter reach its limit, the Device_FSM shall go into the error state (DEVICE_STATUS_REGISTER) and raise an interrupt (o_error_time_slot) to the Digital_Top.",review_required
IPOS_STBIO1_MAIN_CONTROLLER_1034,Main Controller,Main Controller; Mode; State,State; Mode,supports,"Once in the ERROR state, the user shall wait 1ms before set to 0 the MODE_OPERATION to go",review_required
IPOS_STBIO1_MAIN_CONTROLLER_035,Main Controller,Bus; Main Controller; State,State; Bus,supports,"When DEVICE_FSM FSM is in Operative State (DEVICE_STATUS_REG register [2:0]==0x04), the o_MC_busy shall go to 1 and shall go to 0 one clock cycle after entering the SLEEP state if",review_required
IPOS_STBIO1_MAIN_CONTROLLER_036,Main Controller,Channel; Main Controller; Mode; State,Channel; State; Mode,supports,"When in Sleep Mode, the device shall go back to the Operative State if no error (o_error_irq stuck at 0) occurs and all the operations are ended . Furthermore, if no Bio -Channel operations are selected and more than 150us are left before the start of a new time slot, the o_pd_clkf (Digital",review_required
IPOS_STBIO1_MAIN_CONTROLLER_436,Main Controller,Channel; Main Controller; Mode,Channel; Mode,supports,"When in Sleep Mode and no Bio-Channel are selected, if every elaboration is ended and there are at least 34 clock cycles at 32kHz before the start of a new time slot, the o_en_ldo_1v8 shall go",review_required
IPOS_STBIO1_MAIN_CONTROLLER_037,Main Controller,Channel; Main Controller,Channel,supports,"In a Time Slot, when a BIO-Channel operation is selected, o_en_bufxbio signal (in Digital Top) shall go high at least a configurable time (Device Config Operation [6:5]) before selecting the first",review_required
IPOS_STBIO1_MAIN_CONTROLLER_038,Main Controller,ADC; Channel; Main Controller; State,Channel; State; ADC,supports,"When the ELAB_FSM is in ECG State, the ADC_Mux (concatenation of {o_adc_mux_sel, o_adc_mux_bio_channel} on digital top) output shall be set equal to 001 and after 4 acquisitions (described in section 5.4 ADC PHASE) shall be set to 010. If ECG1 and ECG2 are selected, the",review_required
IPOS_STBIO1_MAIN_CONTROLLER_039,Main Controller,Buffer; Controller; Main Controller; State,Controller; Buffer; State,supports,"When ELAB FSM is in PPG state (main_controller_status_register in ELAB_STATUS_REG register [3:0] shall be equal to 0x05) or a WAIT_END_OPERATIVE State, o_en_biobuffer shall",review_required
IPOS_STBIO1_MAIN_CONTROLLER_3128,Main Controller,Buffer; Main Controller; Mode; State,Buffer; State; Mode,supports,"When the wave velocity mode is selected and the device FSM is in WAIT_SU, the Elaboration FSM shall go into the TIMER BUFFER State and then into the PPG ALC STORAGE",review_required
IPOS_STBIO1_MAIN_CONTROLLER_3129,Main Controller,ADC; Main Controller,ADC,supports,"When the ppg ioff calibration and the adc calibration are selected, the adc calibration shall be",review_required
IPOS_STBIO1_MAIN_CONTROLLER_044,Main Controller,Main Controller,,,,review_required
IPOS_STBIO1_MAIN_CONTROLLER_045,Main Controller,ADC; Main Controller,ADC,supports,The o_adc_ready shall be set to 1 when the ADC is getting ready (o_adc_en is set to 1 but not,review_required
IPOS_STBIO1_MAIN_CONTROLLER_047,Main Controller,Main Controller,,,,review_required
IPOS_STBIO1_MAIN_CONTROLLER_049,Main Controller,ADC; Main Controller,ADC,supports,"When ECG, BIA or GSR Is sampled, i_ADC_en is equal to 1, the o_ADC_clk_en shall be set to 1.",review_required
IPOS_STBIO1_MAIN_CONTROLLER_051,Main Controller,Main Controller,,,,review_required
IPOS_STBIO1_MAIN_CONTROLLER_052,Main Controller,ADC; Main Controller,ADC,supports,"When the i_ADC_en_mc and i_adc_en_mask is set to 0, all the output shall be set to 0, except for the o_end_cal_phases and o_ADC_clk_en. The o_end_cal_phases shall be set to 1 if i_do_calibration (bit 0 of ADC_CAL_CONFIG) is set to 0, otherwise shall be set to 0 until the end",review_required
IPOS_STBIO1_MAIN_CONTROLLER_0152,Main Controller,ADC; Main Controller,ADC,supports,"If the calibration has been done, the ADC_error_caps values computed shall reset only if the",review_required
IPOS_STBIO1_MAIN_CONTROLLER_053,Main Controller,ADC; Main Controller,ADC,supports,"When the i_ADC_en_mc and i_adc_en_mask is set to 1, at least 160 clock cycles shall pass before",review_required
IPOS_STBIO1_MAIN_CONTROLLER_054,Main Controller,ADC; Main Controller,ADC,supports,"When the ADC_phases fsm is ready and an acquisition is required, the o_ADC_start shall stay",review_required
IPOS_STBIO1_MAIN_CONTROLLER_055,Main Controller,ADC; Main Controller,ADC,supports,"After an acquisition is started, the ADC_Phases shall wait for the i_ADC_EOC sampling the new",review_required
IPOS_STBIO1_MAIN_CONTROLLER_058,Main Controller,ADC; Main Controller,ADC,supports,"The calibration phase shall set the adc_error_cap8…0 to the correct value, following the calibration",review_required
IPOS_STBIO1_MAIN_CONTROLLER_059,Main Controller,Main Controller; State,State,supports,"If the i_noise signal is set to 1 when the DEVICE_FSM is into PPG State, the i_n_avarage shall",review_required
IPOS_STBIO1_MAIN_CONTROLLER_060,Main Controller,ADC; Main Controller,ADC,supports,"When the last acquisition is performed, after the last i_ADC_EOC arrived, the ADC_phases shall",review_required
IPOS_STBIO1_MAIN_CONTROLLER_061,Main Controller,ADC; Main Controller,ADC,supports,"When the i_data_out_adc is sampled, the 15 bit (MSB in little endian), shall be negated in order to",review_required
IPOS_STBIO1_MAIN_CONTROLLER_062,Main Controller,ADC; Block; Main Controller; Mode,Block; Mode; ADC,supports,"When i_debug_calibration is set (second bitfield of ADC_CAL_CONFIG ), the number of samples used by the avarage block during the calibration shall be set to 2. (The purpose of this mode is to",review_required
IPOS_STBIO1_MAIN_CONTROLLER_063,Main Controller,ADC; Main Controller,ADC,supports,"When i_debug_adc_error_cap8_0_bypass is set to 1 (set to 1 en_debug_adc_error_cap8_0_bypass of ADC_GENERAL_DEBUG_0 ), the calibration result shall be bypassed in favor of the value written inside the registers",review_required
IPOS_STBIO1_MAIN_CONTROLLER_064,Main Controller,ADC; Main Controller; Mode; Regmap,Regmap; Mode; ADC,supports,"When the adc_readout_bypass mode is enabled by the 2 bitfield ADC_GENERAL_DEBUG_0 , the sampling phase of the ADC Phgen shall be bypassed in favor of regmap. In particular, the Sampling phase shall be controlled by the register EN_ADC_DEBUG and EN_ADC_START in ADC_GENERAL_DEBUG_0 and the sampled data shall be written in ADC_DATA_OUT_DEBUG_LOW and ADC_DATA_OUT_DEBUG_HIGH. and In this mode, before start a new sampling operation, the RESET_DEBUG_ADC DATA in",review_required
IPOS_STBIO1_MAIN_CONTROLLER_073,Main Controller,Channel; Main Controller,Channel,supports,"When the i_hc_en is set to 0 and i_imp_en is set to 1 and i_n_ecg_channel is equal to 2, ECG1 and ECG2 shall be active so the o_pd_hc2 shall remain high, o_pd_imp_from_bia shall go low",review_required
IPOS_STBIO1_MAIN_CONTROLLER_074,Main Controller,Channel; Main Controller,Channel,supports,"When the i_hc_en is set to 1 and i_imp_en is set to 1 and i_n_ecg_channel is equal to 3, ECG0- ECG1 and ECG2 shall be active so the o_pd_hc2 shall go low, o_pd_imp shall go low and",review_required
IPOS_STBIO1_MAIN_CONTROLLER_077,Main Controller,Chopper; Main Controller,Chopper,supports,"20ms after that the o_rst_hc2 is gone low, if i_clk_hlt_en is equal to 1, chopper_clock shall be generated and after another 10ms, o_rsti_hc2 shall go low. Instead, if i_clk_hlt_en is equal to 0,",review_required
IPOS_STBIO1_MAIN_CONTROLLER_078,Main Controller,Main Controller,,,,review_required
IPOS_STBIO1_MAIN_CONTROLLER_4079,Main Controller,Main Controller,,,,review_required
IPOS_STBIO1_MAIN_CONTROLLER_4080,Main Controller,Main Controller,,,,review_required
IPOS_STBIO1_MAIN_CONTROLLER_080,Main Controller,Channel; Main Controller; Mode,Channel; Mode,supports,"When the user selects an operative mode that includes the BIA channel, a start-up shall be done.",review_required
IPOS_STBIO1_MAIN_CONTROLLER_082,Main Controller,Main Controller,,,,review_required
IPOS_STBIO1_MAIN_CONTROLLER_083,Main Controller,Block; Main Controller,Block,supports,"At least 5ms after the falling of o_imp_curinj_pd and o_pd_imp_from_bia, if i_imp_curinj is equal to 1, o_en_ck_m_p_q shall be high and ck_m, ck_p and ck_q shall be generated from Clock generator block. On the other hand, if i_imp_curinj is equal to 0, the ck_m_p_q shall stay low.",review_required
IPOS_STBIO1_MAIN_CONTROLLER_085,Main Controller,Block; Main Controller,Block,supports,"20ms after the falling of o_rst_imp, if i_clk_imp_en is set to 1, the o_en_ck_chop_imp shall be high and ck_chop_imp shall be generated from Clock generator block. On the hand, if i_clk_imp_en is",review_required
IPOS_STBIO1_MAIN_CONTROLLER_087,Main Controller,Main Controller,,,,review_required
IPOS_STBIO1_MAIN_CONTROLLER_4090,Main Controller,Main Controller,,,,review_required
IPOS_STBIO1_MAIN_CONTROLLER_4091,Main Controller,Main Controller,,,,review_required
IPOS_STBIO1_MAIN_CONTROLLER_5092,Main Controller,Channel; Main Controller,Channel,supports,i_rst_async_bia shall be used also to reset the START-UP phase for ECG channel 1 and,review_required
IPOS_STBIO1_MAIN_CONTROLLER_088,Main Controller,Main Controller,,,,review_required
IPOS_STBIO1_MAIN_CONTROLLER_089,Main Controller,Main Controller,,,,review_required
IPOS_STBIO1_MAIN_CONTROLLER_092,Main Controller,Main Controller,,,,review_required
IPOS_STBIO1_MAIN_CONTROLLER_093,Main Controller,Main Controller,,,,review_required
IPOS_STBIO1_MAIN_CONTROLLER_094,Main Controller,Main Controller; State,State,supports,"When only GSR is selected (NO ECG0 and PPG are selected), if i_m_gsr [SET_GSR_FREQ_h and SET_GSR_FREQ_l] is greater than 0, the Device FSM shall go in SLEEP after the IDLE State and shall go back in Operative State only when the measurement shall be run or, in case of",review_required
IPOS_STBIO1_MAIN_CONTROLLER_7095,Main Controller,Main Controller; Regmap; State,Regmap; State,supports,All the PPG_FSM state shall be checked using the PPG_STATUS_REGISTER in Regmap (the,review_required
IPOS_STBIO1_MAIN_CONTROLLER_095,Main Controller,ADC; DAC; Main Controller,ADC; DAC,supports,"The o_En_TIA, o_EN_Buff, o_EN_ADC and o_EN_IDAC shall be high when the PPG_FSM is",review_required
IPOS_STBIO1_MAIN_CONTROLLER_096,Main Controller,Channel; Main Controller; State,Channel; State,supports,"When the i_m_ppg ( SET_PPG_FREQ_h and SET_PPG_FREQ_l) is different from 0 and PPG_SEL in DEVICE_CONFIG_CHANNEL register is set to 1, when the ELAB_FSM is in PPG STATE, PPG_IOFF_CALIB or PPG_ALC_STORAGE, the i_start_operation_for_ppg shall be set",review_required
IPOS_STBIO1_MAIN_CONTROLLER_6098,Main Controller,Main Controller; Mode,Mode,supports,"When i_wave_velocity_mode is set to 1, the ALC Compensation shall be set only when the",review_required
IPOS_STBIO1_MAIN_CONTROLLER_6070,Main Controller,Main Controller; Mode; State,State; Mode,supports,"When i_wave_velocity mode is enabled together with the DISABLE_ALC, the PPG_ALC_STORAGE shall be performed but once the Device goes into OPERATIVE State, the",review_required
IPOS_STBIO1_MAIN_CONTROLLER_098,Main Controller,Main Controller,,,,review_required
IPOS_STBIO1_MAIN_CONTROLLER_099,Main Controller,Block; Main Controller; State,Block; State,supports,"When in ALC Compensation, the PPG shall wait that the rise of i_end_compensation signal from the ALC Compensation block to go into the RX_Start_UP state. This shall happen in OPERATIVE.",review_required
IPOS_STBIO1_MAIN_CONTROLLER_100,Main Controller,DAC; Main Controller; State,State; DAC,supports,"When in Rx_Start_Up state, the o_tx_Preset shall be set 0, the en_tx_i shall be set to 1, the o_BIDAC shall maintain the value reached during the ALC Compensation summed up, if i_ppg_ioff_calibration is enabled, with the IOFF_OFFSET computed during the IOFF Calibration",review_required
IPOS_STBIO1_MAIN_CONTROLLER_101,Main Controller,Main Controller; State,State,supports,"When in Rx_Start_Up state, the PPG_FSM shall stay in this state for the T_rx_set time (GENERAL_PPG_PARAMETERS_3 register [3:0])) and then go into the FIRST_ALC_SAMPLES",review_required
IPOS_STBIO1_MAIN_CONTROLLER_102,Main Controller,ADC; Main Controller; State,State; ADC,supports,"When in FIRST_ALC_SAMPLES state, the o_start_ADC signal shall be set high until",review_required
IPOS_STBIO1_MAIN_CONTROLLER_103,Main Controller,Main Controller; State,State,supports,"When in FIRST_ALC_SAMPLES state, the PPG_FSM Shall stay in this state until 1 clock cycle after the rise of the i_end_average and the TX_start_up time has passed. After that, the PPG FSM",review_required
IPOS_STBIO1_MAIN_CONTROLLER_1102,Main Controller,Main Controller,,,,review_required
IPOS_STBIO1_MAIN_CONTROLLER_1104,Main Controller,Main Controller,,,,review_required
IPOS_STBIO1_MAIN_CONTROLLER_8106,Main Controller,Main Controller,,,,review_required
IPOS_STBIO1_MAIN_CONTROLLER_104,Main Controller,Main Controller; State,State,supports,"When in FIRST_ALC_SAMPLES state, when i_end_average is set to 1, the o_start_digital_ramp signal shall be set high to start the rising of the digital ramp and go into the RISING_RAMP state.",review_required
IPOS_STBIO1_MAIN_CONTROLLER_105,Main Controller,DAC; Main Controller; State,State; DAC,supports,"When in Rising_Ramp state, at the half of Rising_time, the o_idac_dc_ppg_frame shall be set to the IDAC_DC_PPG_FRAME_{n} (FRAME_n_PARAMETERS_5 register [5:0]) value related to the",review_required
IPOS_STBIO1_MAIN_CONTROLLER_106,Main Controller,Main Controller; State,State,supports,"When in Rising_Ramp State, the PPG_FSM shall stay in this state until the end of the Rising Time",review_required
IPOS_STBIO1_MAIN_CONTROLLER_108,Main Controller,ADC; Block; Main Controller; State,Block; State; ADC,supports,"When in Measurement state, the PPG_FSM shall stay in this state until the rising of the i_end_average signal from the ADC block. After that, the PPG_FSM shall bring itself into the Falling",review_required
IPOS_STBIO1_MAIN_CONTROLLER_109,Main Controller,Main Controller; State,State,supports,"When in MEASUREMENT State, the o_falling_digital_ramp signal shall be set to 1 to go into the",review_required
IPOS_STBIO1_MAIN_CONTROLLER_110,Main Controller,DAC; Main Controller; State,State; DAC,supports,"When in Falling_Ramp State, at the half of the Falling_Time the o_idac_dc_ppg_frame shall be",review_required
IPOS_STBIO1_MAIN_CONTROLLER_111,Main Controller,Configuration; Main Controller; State,Configuration; State,depends-on,"When in Falling_Ramp state, the PPG_FSM shall stay in this state until the end of the Falling Time (depends on the user's configuration of Digital Ramp parameters) and bring itself into the",review_required
IPOS_STBIO1_MAIN_CONTROLLER_112,Main Controller,ADC; Main Controller; State,State; ADC,supports,"When in SECOND_ALC_SAMPLES state, the o_en_Txi shall be set low after the end at least of the T_tx_ledoff time (TX_LEDOFF_FRAME_{n}) and the o_start_adc signal shall be set to 1.",review_required
IPOS_STBIO1_MAIN_CONTROLLER_113,Main Controller,ADC; Block; Channel; Main Controller; State,Channel; Block; State; ADC,supports,"When in SECOND_ALC_SAMPLES state, the PPG_FSM shall stay in this state until the rise of the end_of_conversion signal from the ADC block. After that, if there are no more frames to run, the PPG_FSM shall go into the Reset State, otherwise, if there are other frames to run and channel rx is not changed, the PPG_FSM shall go into the Rx_start_up phase. On the other hand, if there are other frame to run and rx_channel is changed, the PPG_FSM shall go into the RESET_PPG",review_required
IPOS_STBIO1_MAIN_CONTROLLER_1095,Main Controller,DAC; Main Controller; PGA,PGA; DAC,supports,"The o_pd_tia, o_pd_idac and o_pd_pga shall be the negated version the o_en_tia, o_en_idac",review_required
IPOS_STBIO1_MAIN_CONTROLLER_115,Main Controller,Block; Controller; FIFO; Interface; Main Controller; Memory; Regmap,Controller; Interface; Memory; Regmap; Block; FIFO,drives,"At the end of each Frame, the start_avarage signal shall be rise to the Average block computation. Once the Average is computed, if no averages_between_equal_frames option is selected, the data shall be written inside the FIFO Memory using the Main Control ler AHB Master interface. If there is avareges_between_equal_frames option selected from regmap, after the computations of this average, the obtained data shall be written inside the FIFO Memory using the Main Controller AHB",review_required
IPOS_STBIO1_MAIN_CONTROLLER_1116,Main Controller,Main Controller,,,,review_required
IPOS_STBIO1_MAIN_CONTROLLER_118,Main Controller,Main Controller,,,,review_required
IPOS_STBIO1_MAIN_CONTROLLER_120,Main Controller,Main Controller,,,,review_required
IPOS_STBIO1_MAIN_CONTROLLER_126,Main Controller,Main Controller,,,,review_required
IPOS_STBIO1_MAIN_CONTROLLER_728,Main Controller,Main Controller; System,System,supports,"At the end of ALC compensation, if ALC is not masked, o_w_BTIA_ALC relative to the running frame, shall be set to output system (check when i_end_of_compensation rise in PPG FSM). If",review_required
IPOS_STBIO1_MAIN_CONTROLLER_6129,Main Controller,Main Controller,,,,review_required
IPOS_STBIO1_MAIN_CONTROLLER_134,Main Controller,Main Controller; State,State,supports,"According to time diagram, when in RESET_PPG and ELAB_FSM is in PPG state during the first frame (i_id_frame=0) , shall be wait a configurable time PPG_START_UP_TIME (PPG_START_UP_TIME starting from when i_start_operation_ppg is set to 1 and at least 1 clock",review_required
IPOS_STBIO1_MAIN_CONTROLLER_137,Main Controller,Block; Main Controller,Block,supports,"The average block shall perform an average on 4 Samples for each of ECG_x_AC, BIA AC P, BIA AC Q, BIA DC P and BIA DC Q , 1 Sample ECG_x_DC (Check if the i_end_of_coversion rise the",review_required
IPOS_STBIO1_MAIN_CONTROLLER_138,Main Controller,Block; Main Controller; Mode,Block; Mode,supports,"The average block shall perform the average on 16 sample acquisition for GSR. When the CDS mode is enabled, the average block shall perform a n average on 16 sample acquisition on GSR ON and 16 sample acquisition on GSR OFF, then shall perform a subtraction operation between",review_required
IPOS_STBIO1_MAIN_CONTROLLER_1139,Main Controller,Main Controller; State,State,supports,"The PPG Noise Data shall be accumulated in two phases, the first when the PPG FSM state is in FIRST_ALC_SAMPLES States and the second when the PPG FSM state is in the",review_required
IPOS_STBIO1_MAIN_CONTROLLER_140,Main Controller,Main Controller,,,,review_required
IPOS_STBIO1_MAIN_CONTROLLER_1143,Main Controller,Main Controller,Requirement,constrains,"For GSR Operation, if i_en_cds is set 0, the behavior shall as described in Requirement 143, otherwise the o_write_enabled shall be asserted when i_end_of_coversion is set to 1 and i_n_average_ecg_bia_gsr is equal to their limit values when the measurement is done with",review_required
IPOS_STBIO1_MAIN_CONTROLLER_2143,Main Controller,ADC; Main Controller,ADC,supports,"When i_frame_ppg_debug is set to a value greater than 0 and i_n_average_ppg is set to a value between 1 and 16, all the ADC output (i_data_in) for ALC (i_data_valid_noise_ppg_adc set to 1) and PPG data (i_data_valid_ppg_adc) shall be stored in o_adc_data_debug_alc_2,",review_required
IPOS_STBIO1_MAIN_CONTROLLER_2144,Main Controller,FIFO; Main Controller,FIFO,supports,[Covers: DDS_STBIO1_0124] [Covers: DDS_STBIO1_0142] The data written in FIFO shall have the following tag: DATA TYPE BIT: 23 - 20 BIT: 19 - 16 BIT: 15 - 0 PPG FRAME 0 0000 DATA 20 BIT DATA 20 BIT DATA 20 BIT DATA 20 BIT DATA 20 BIT DATA 20 BIT DATA 20 BIT DATA 20 BIT DATA 20 BIT DATA 20 BIT DATA 20 BIT DATA 20 BIT PPG FRAME 1 0001 PPG FRAME 2 0010 PPG FRAME 3 0011 PPG FRAME 4 0100 PPG FRAME 5 0101 PPG FRAME 6 0110 PPG FRAME 7 0111 PPG FRAME 8 1000 PPG FRAME 9 1001 PPG FRAME 10 1010 PPG FRAME 11 1011 TIME SLOT DATA 1111 0000 DATA 16 BIT ECG0_AC 1100 0000 DATA 16 BIT ECG0_DC 1101 0000 DATA 16 BIT ECG1_AC 1100 0001 DATA 16 BIT ECG1_DC 1101 0001 DATA 16 BIT ECG2_AC 1100 0010 DATA 16 BIT ECG2_DC 1101 0010 DATA 16 BIT,review_required
IPOS_STBIO1_MAIN_CONTROLLER_2146,Main Controller,Main Controller,,,,review_required
IPOS_STBIO1_MAIN_CONTROLLER_2145,Main Controller,Controller; Main Controller,Requirement; Controller,supports,"The Frame shall work as follows: 1. Select how many times a particular frame shall be repeated 2. The result of each repetition shall be obtained as explained in [IPOS_STBIO1_MAIN_CONTROLLER_1 40] REQUIREMENT 3. After the last repetition has been accumulated, the data output shall be obtained dividing by the number of repeated frames the accumulated data to obtain a 20 bit data. The final result shall be computed as follows: Number of times the Frame has been repeated Result 2 (Res_F_R1 + Res_F_R2)/2 4 (Res_F_R1 + Res_F_R2+Res_F_R3+Res_F_R4)/4 8 (Res_F_R1 + Res_F_R2+Res_F_R3+…..+Res_F_R8)/8 Table 20: Frame Repetitions Result Computation table Where Res_F_Rx stands for Result_frame_Repeated_times (Example: RES_F_R2 refers to the result of the second repetition of the frame.",review_required
