section,input_order,output_order,decision,reason,topic,assignment_reason,normative_evidence,scope,scope_decision,mapped_block,domain,layer,statement,source,source_evidence,functional_evidence,matched_functional_evidence
Digital Main Functions,0,1,selected,eligible approved evidence,Power and clock islands,lexical/normalized topic signals: power,no,architecture,accepted input scope,,,,"PD_TOP1V2: Included block(s): ADSP,, multi_channel_fifo, i2c_spi_slave, main_controller_top, senshub_mst_i2c, pad_mux, pmu, stbio1_regmap, scan_out_mux, xbar_afe. Domain type: Always-On. Control mode: HW. Notes: Always active. • Function: Ensures continuity of critical functions (Data Storage Mode, Sensor-Hub acquisition, FIFO read and write data, Elaboration Mode with ADSP only). • Characteristics: Never powered down. • Control: Managed by hardware.",Stage 1 OCR power-domain table/description (PD_TOP1V2),"PD_TOP1V2: Included block(s): ADSP,, multi_channel_fifo, i2c_spi_slave, main_controller_top, senshub_mst_i2c, pad_mux, pmu, stbio1_regmap, scan_out_mux, xbar_afe. Domain type: Always-On. Control mode: HW. Notes: Always active. • Function: Ensures continuity of critical functions (Data Storage Mode, Sensor-Hub acquisition, FIFO read and write data, Elaboration Mode with ADSP only). • Characteristics: Never powered down. • Control: Managed by hardware.",,
Digital Main Functions,1,2,selected,eligible approved evidence,Power and clock islands,lexical/normalized topic signals: power,no,architecture,accepted input scope,,,,PD_STREDL: Included block(s): STREDL. Domain type: Switchable. Control mode: SW. Notes: Can be powered down in idle. • Function: Powers the STREDL core and associated cache. • Characteristics: Can be powered down when STREDL is not in use. • Control: Managed via software (power management driver)(see 12.3.1),Stage 1 OCR power-domain table/description (PD_STREDL),PD_STREDL: Included block(s): STREDL. Domain type: Switchable. Control mode: SW. Notes: Can be powered down in idle. • Function: Powers the STREDL core and associated cache. • Characteristics: Can be powered down when STREDL is not in use. • Control: Managed via software (power management driver)(see 12.3.1),,
Digital Main Functions,2,3,selected,eligible approved evidence,Power and clock islands,"lexical/normalized topic signals: power, supply",no,architecture,accepted input scope,,,,PD_TOP3V3: Included block(s): H9A_MEM_OTP_ PUMP_85AL05_2. Domain type: Always-On. Voltage: 3A. Control mode: HW. Notes: Always active. • Function: power supply to the OTP memory block. • Characteristics: Never powered down. It provides 4.7V of power supply to the OTP memory block during programming (write) operations • Control: Managed by hardware.,Stage 1 OCR power-domain table/description (PD_TOP3V3),PD_TOP3V3: Included block(s): H9A_MEM_OTP_ PUMP_85AL05_2. Domain type: Always-On. Voltage: 3A. Control mode: HW. Notes: Always active. • Function: power supply to the OTP memory block. • Characteristics: Never powered down. It provides 4.7V of power supply to the OTP memory block during programming (write) operations • Control: Managed by hardware.,,
Digital Main Functions,3,4,selected,eligible approved evidence,Power and clock islands,lexical/normalized topic signals: power,no,architecture,accepted input scope,,,,PD_TOPIO: Included block(s): level_shifter_sel. Domain type: Always-On. Control mode: HW. Notes: Always active 32 10.4.. • Function: Powers communication PAD • Characteristics: Never powered down. • Control: Managed by hardware.,Stage 1 OCR power-domain table/description (PD_TOPIO),PD_TOPIO: Included block(s): level_shifter_sel. Domain type: Always-On. Control mode: HW. Notes: Always active 32 10.4.. • Function: Powers communication PAD • Characteristics: Never powered down. • Control: Managed by hardware.,,
Digital Main Functions,4,1,selected,eligible approved evidence,Arbitration and control,lexical/normalized topic signals: controller,no,integration,accepted input scope,,,,Interaction: ADC -> Main Controller (digital samples; sample cycle; digital pipeline input),artifacts/stage2_mirco_arc/interaction_matrix.csv,Interaction: ADC -> Main Controller (digital samples; sample cycle; digital pipeline input),,
Digital Main Functions,5,2,selected,eligible approved evidence,Arbitration and control,"lexical/normalized topic signals: control, controller",no,integration,accepted input scope,,,,Interaction: Main Controller -> Smart FIFO (sample stream and FIFO mode control; FIFO enabled; stream/bypass/fifo mode routing),artifacts/stage2_mirco_arc/interaction_matrix.csv,Interaction: Main Controller -> Smart FIFO (sample stream and FIFO mode control; FIFO enabled; stream/bypass/fifo mode routing),,
Digital Main Functions,6,3,selected,eligible approved evidence,Arbitration and control,lexical/normalized topic signals: interrupt,no,integration,accepted input scope,,,,Interaction: Smart FIFO -> IRQ logic (watermark/overrun/empty flags; FIFO status change; interrupt condition generation),artifacts/stage2_mirco_arc/interaction_matrix.csv,Interaction: Smart FIFO -> IRQ logic (watermark/overrun/empty flags; FIFO status change; interrupt condition generation),,
Digital Main Functions,7,4,selected,eligible approved evidence,Arbitration and control,lexical/normalized topic signals: controller,no,integration,accepted input scope,,,,Interaction: Regmap -> Main Controller (configuration writes; register update; sample-rate/filter/mode setup),artifacts/stage2_mirco_arc/interaction_matrix.csv,Interaction: Regmap -> Main Controller (configuration writes; register update; sample-rate/filter/mode setup),,
Digital Main Functions,8,1,selected,eligible approved evidence,Buses and interconnects,lexical/normalized topic signals: spi,no,integration,accepted input scope,,,,Interaction: SPI interface -> Regmap (SPI register transactions; host SPI access; SPI path to register map),artifacts/stage2_mirco_arc/interaction_matrix.csv,Interaction: SPI interface -> Regmap (SPI register transactions; host SPI access; SPI path to register map),,
Digital Main Functions,9,2,selected,eligible approved evidence,Buses and interconnects,lexical/normalized topic signals: i2c,no,integration,accepted input scope,,,,Interaction: I2C interface -> Regmap (I2C register transactions; host I2C access; I2C path to register map),artifacts/stage2_mirco_arc/interaction_matrix.csv,Interaction: I2C interface -> Regmap (I2C register transactions; host I2C access; I2C path to register map),,
Digital Main Functions,10,3,selected,eligible approved evidence,Buses and interconnects,lexical/normalized topic signals: spi,no,integration,accepted input scope,,,,Interaction: Regmap -> SPI interface (register read response; SPI read; response serialization on SPI),artifacts/stage2_mirco_arc/interaction_matrix.csv,Interaction: Regmap -> SPI interface (register read response; SPI read; response serialization on SPI),,
Digital Main Functions,11,4,selected,eligible approved evidence,Buses and interconnects,lexical/normalized topic signals: i2c,no,integration,accepted input scope,,,,Interaction: Regmap -> I2C interface (register read response; I2C read; response serialization on I2C),artifacts/stage2_mirco_arc/interaction_matrix.csv,Interaction: Regmap -> I2C interface (register read response; I2C read; response serialization on I2C),,
Digital Main Functions,12,5,selected,eligible approved evidence,Power and clock islands,"lexical/normalized topic signals: clock, power",no,integration,accepted input scope,,,,Interaction: PMU -> Main Controller (power/clock status; power mode transition; power-aware digital control),artifacts/stage2_mirco_arc/interaction_matrix.csv,Interaction: PMU -> Main Controller (power/clock status; power mode transition; power-aware digital control),,
Digital Main Functions,13,5,selected,eligible approved evidence,Arbitration and control,lexical/normalized topic signals: controller,no,integration,accepted input scope,,,,Interaction: BIST Controller -> Regmap (self-test/calibration status; self-test command; status publication through registers),artifacts/stage2_mirco_arc/interaction_matrix.csv,Interaction: BIST Controller -> Regmap (self-test/calibration status; self-test command; status publication through registers),,
Digital Main Functions,14,5,selected,eligible approved evidence,Buses and interconnects,"lexical/normalized topic signals: ahb, bus, i2c, spi",no,integration,accepted input scope,,,,Interaction: I2C_SPI_AHB -> SPI interface (SPI host transactions; SPI bus session; host boundary ingress),artifacts/stage2_mirco_arc/interaction_matrix.csv,Interaction: I2C_SPI_AHB -> SPI interface (SPI host transactions; SPI bus session; host boundary ingress),,
Digital Main Functions,15,6,selected,eligible approved evidence,Buses and interconnects,"lexical/normalized topic signals: ahb, bus, i2c, spi",no,integration,accepted input scope,,,,Interaction: I2C_SPI_AHB -> I2C interface (I2C host transactions; I2C bus session; host boundary ingress),artifacts/stage2_mirco_arc/interaction_matrix.csv,Interaction: I2C_SPI_AHB -> I2C interface (I2C host transactions; I2C bus session; host boundary ingress),,
Digital Main Functions,16,6,selected,eligible approved evidence,Arbitration and control,lexical/normalized topic signals: controller,no,integration,accepted input scope,,,,Interaction: Main Controller -> Regmap (XBAR connection; XBAR matrix cell; XBAR Connection Matrix; source-derived cell),artifacts/stage2_mirco_arc/interaction_matrix.csv,Interaction: Main Controller -> Regmap (XBAR connection; XBAR matrix cell; XBAR Connection Matrix; source-derived cell),,
Digital Main Functions,17,,rejected,topic output limit,Arbitration and control,lexical/normalized topic signals: controller,no,integration,accepted input scope,,,,Interaction: Main Controller -> FIFO (XBAR connection; XBAR matrix cell; XBAR Connection Matrix; source-derived cell),artifacts/stage2_mirco_arc/interaction_matrix.csv,Interaction: Main Controller -> FIFO (XBAR connection; XBAR matrix cell; XBAR Connection Matrix; source-derived cell),,
Digital Main Functions,18,,rejected,topic output limit,Arbitration and control,lexical/normalized topic signals: controller,no,integration,accepted input scope,,,,Interaction: Main Controller -> ADSP (XBAR connection; XBAR matrix cell; XBAR Connection Matrix; source-derived cell),artifacts/stage2_mirco_arc/interaction_matrix.csv,Interaction: Main Controller -> ADSP (XBAR connection; XBAR matrix cell; XBAR Connection Matrix; source-derived cell),,
Digital Main Functions,19,1,selected,eligible approved evidence,Shared digital resources,lexical/normalized topic signals: regmap,no,integration,accepted input scope,,,,Interaction: ADSP -> Regmap (XBAR connection; XBAR matrix cell; XBAR Connection Matrix; source-derived cell),artifacts/stage2_mirco_arc/interaction_matrix.csv,Interaction: ADSP -> Regmap (XBAR connection; XBAR matrix cell; XBAR Connection Matrix; source-derived cell),,
Digital Main Functions,20,1,selected,eligible approved evidence,Digital processing blocks,lexical/normalized topic signals: sensor hub,no,integration,accepted input scope,,,,Interaction: ADSP -> SENSOR HUB (XBAR connection; XBAR matrix cell; XBAR Connection Matrix; source-derived cell),artifacts/stage2_mirco_arc/interaction_matrix.csv,Interaction: ADSP -> SENSOR HUB (XBAR connection; XBAR matrix cell; XBAR Connection Matrix; source-derived cell),,
Digital Main Functions,21,2,selected,eligible approved evidence,Shared digital resources,lexical/normalized topic signals: fifo,no,integration,accepted input scope,,,,Interaction: ADSP -> FIFO (XBAR connection; XBAR matrix cell; XBAR Connection Matrix; source-derived cell),artifacts/stage2_mirco_arc/interaction_matrix.csv,Interaction: ADSP -> FIFO (XBAR connection; XBAR matrix cell; XBAR Connection Matrix; source-derived cell),,
Digital Main Functions,22,,rejected,topic output limit,Buses and interconnects,"lexical/normalized topic signals: ahb, i2c, spi",no,integration,accepted input scope,,,,Interaction: I2C_SPI_AHB -> Regmap (XBAR connection; XBAR matrix cell; XBAR Connection Matrix; source-derived cell),artifacts/stage2_mirco_arc/interaction_matrix.csv,Interaction: I2C_SPI_AHB -> Regmap (XBAR connection; XBAR matrix cell; XBAR Connection Matrix; source-derived cell),,
Digital Main Functions,23,,rejected,topic output limit,Buses and interconnects,"lexical/normalized topic signals: ahb, i2c, spi",no,integration,accepted input scope,,,,Interaction: I2C_SPI_AHB -> SENSOR HUB (XBAR connection; XBAR matrix cell; XBAR Connection Matrix; source-derived cell),artifacts/stage2_mirco_arc/interaction_matrix.csv,Interaction: I2C_SPI_AHB -> SENSOR HUB (XBAR connection; XBAR matrix cell; XBAR Connection Matrix; source-derived cell),,
Digital Main Functions,24,,rejected,topic output limit,Buses and interconnects,"lexical/normalized topic signals: ahb, i2c, spi",no,integration,accepted input scope,,,,Interaction: I2C_SPI_AHB -> ISPU (XBAR connection; XBAR matrix cell; XBAR Connection Matrix; source-derived cell),artifacts/stage2_mirco_arc/interaction_matrix.csv,Interaction: I2C_SPI_AHB -> ISPU (XBAR connection; XBAR matrix cell; XBAR Connection Matrix; source-derived cell),,
Digital Main Functions,25,,rejected,topic output limit,Buses and interconnects,"lexical/normalized topic signals: ahb, i2c, spi",no,integration,accepted input scope,,,,Interaction: I2C_SPI_AHB -> FIFO (XBAR connection; XBAR matrix cell; XBAR Connection Matrix; source-derived cell),artifacts/stage2_mirco_arc/interaction_matrix.csv,Interaction: I2C_SPI_AHB -> FIFO (XBAR connection; XBAR matrix cell; XBAR Connection Matrix; source-derived cell),,
Digital Main Functions,26,,rejected,topic output limit,Buses and interconnects,"lexical/normalized topic signals: ahb, i2c, spi",no,integration,accepted input scope,,,,Interaction: I2C_SPI_AHB -> ADSP (XBAR connection; XBAR matrix cell; XBAR Connection Matrix; source-derived cell),artifacts/stage2_mirco_arc/interaction_matrix.csv,Interaction: I2C_SPI_AHB -> ADSP (XBAR connection; XBAR matrix cell; XBAR Connection Matrix; source-derived cell),,
Digital Main Functions,27,3,selected,eligible approved evidence,Shared digital resources,lexical/normalized topic signals: fifo,no,integration,accepted input scope,,,,Interaction: SENSOR HUB -> FIFO (XBAR connection; XBAR matrix cell; XBAR Connection Matrix; source-derived cell),artifacts/stage2_mirco_arc/interaction_matrix.csv,Interaction: SENSOR HUB -> FIFO (XBAR connection; XBAR matrix cell; XBAR Connection Matrix; source-derived cell),,
Digital Main Functions,28,4,selected,eligible approved evidence,Shared digital resources,lexical/normalized topic signals: regmap,no,integration,accepted input scope,,,,Interaction: ISPU -> Regmap (XBAR connection; XBAR matrix cell; XBAR Connection Matrix; source-derived cell),artifacts/stage2_mirco_arc/interaction_matrix.csv,Interaction: ISPU -> Regmap (XBAR connection; XBAR matrix cell; XBAR Connection Matrix; source-derived cell),,
Digital Main Functions,29,2,selected,eligible approved evidence,Digital processing blocks,"lexical/normalized topic signals: ispu, sensor hub",no,integration,accepted input scope,,,,Interaction: ISPU -> SENSOR HUB (XBAR connection; XBAR matrix cell; XBAR Connection Matrix; source-derived cell),artifacts/stage2_mirco_arc/interaction_matrix.csv,Interaction: ISPU -> SENSOR HUB (XBAR connection; XBAR matrix cell; XBAR Connection Matrix; source-derived cell),,
Digital Main Functions,30,5,selected,eligible approved evidence,Shared digital resources,lexical/normalized topic signals: fifo,no,integration,accepted input scope,,,,Interaction: ISPU -> FIFO (XBAR connection; XBAR matrix cell; XBAR Connection Matrix; source-derived cell),artifacts/stage2_mirco_arc/interaction_matrix.csv,Interaction: ISPU -> FIFO (XBAR connection; XBAR matrix cell; XBAR Connection Matrix; source-derived cell),,
Digital Main Functions,31,3,selected,eligible approved evidence,Digital processing blocks,lexical/normalized topic signals: ispu,no,integration,accepted input scope,,,,Interaction: ISPU -> ADSP (XBAR connection; XBAR matrix cell; XBAR Connection Matrix; source-derived cell),artifacts/stage2_mirco_arc/interaction_matrix.csv,Interaction: ISPU -> ADSP (XBAR connection; XBAR matrix cell; XBAR Connection Matrix; source-derived cell),,
Digital Main Functions,32,6,selected,eligible approved evidence,Shared digital resources,lexical/normalized topic signals: regmap,no,integration,accepted input scope,,,,Interaction: ISPU debug -> Regmap (XBAR connection; XBAR matrix cell; XBAR Connection Matrix; source-derived cell),artifacts/stage2_mirco_arc/interaction_matrix.csv,Interaction: ISPU debug -> Regmap (XBAR connection; XBAR matrix cell; XBAR Connection Matrix; source-derived cell),,
Digital Main Functions,33,4,selected,eligible approved evidence,Digital processing blocks,"lexical/normalized topic signals: ispu, sensor hub",no,integration,accepted input scope,,,,Interaction: ISPU debug -> SENSOR HUB (XBAR connection; XBAR matrix cell; XBAR Connection Matrix; source-derived cell),artifacts/stage2_mirco_arc/interaction_matrix.csv,Interaction: ISPU debug -> SENSOR HUB (XBAR connection; XBAR matrix cell; XBAR Connection Matrix; source-derived cell),,
Digital Main Functions,34,5,selected,eligible approved evidence,Digital processing blocks,lexical/normalized topic signals: ispu,no,integration,accepted input scope,,,,Interaction: ISPU debug -> ISPU (XBAR connection; XBAR matrix cell; XBAR Connection Matrix; source-derived cell),artifacts/stage2_mirco_arc/interaction_matrix.csv,Interaction: ISPU debug -> ISPU (XBAR connection; XBAR matrix cell; XBAR Connection Matrix; source-derived cell),,
Digital Main Functions,35,,rejected,topic output limit,Shared digital resources,lexical/normalized topic signals: fifo,no,integration,accepted input scope,,,,Interaction: ISPU debug -> FIFO (XBAR connection; XBAR matrix cell; XBAR Connection Matrix; source-derived cell),artifacts/stage2_mirco_arc/interaction_matrix.csv,Interaction: ISPU debug -> FIFO (XBAR connection; XBAR matrix cell; XBAR Connection Matrix; source-derived cell),,
Digital Main Functions,36,6,selected,eligible approved evidence,Digital processing blocks,lexical/normalized topic signals: ispu,no,integration,accepted input scope,,,,Interaction: ISPU debug -> ADSP (XBAR connection; XBAR matrix cell; XBAR Connection Matrix; source-derived cell),artifacts/stage2_mirco_arc/interaction_matrix.csv,Interaction: ISPU debug -> ADSP (XBAR connection; XBAR matrix cell; XBAR Connection Matrix; source-derived cell),,
Digital Main Functions,37,1,selected,eligible approved evidence,General architecture,no configured topic signal,no,integration,accepted input scope,,,,Approved interface SENSOR_ANALOG_INPUT owned by Sensor-Hub: Raw sensor-domain analog input,artifacts/stage2_mirco_arc/interface_catalog.csv,Approved interface SENSOR_ANALOG_INPUT owned by Sensor-Hub: Raw sensor-domain analog input,,
Digital Main Functions,38,2,selected,eligible approved evidence,General architecture,no configured topic signal,no,integration,accepted input scope,,,,Approved interface ADC_DATA owned by ADC: Digitized samples,artifacts/stage2_mirco_arc/interface_catalog.csv,Approved interface ADC_DATA owned by ADC: Digitized samples,,
Digital Main Functions,39,,rejected,topic output limit,Shared digital resources,lexical/normalized topic signals: fifo,no,integration,accepted input scope,,,,Approved interface FIFO_DATA owned by Smart FIFO: Buffered output samples,artifacts/stage2_mirco_arc/interface_catalog.csv,Approved interface FIFO_DATA owned by Smart FIFO: Buffered output samples,,
Digital Main Functions,40,6,selected,eligible approved evidence,Power and clock islands,lexical/normalized topic signals: clock,no,integration,accepted input scope,,,,Approved interface SERIAL_CLK owned by SPI interface: Serial clock input,artifacts/stage2_mirco_arc/interface_catalog.csv,Approved interface SERIAL_CLK owned by SPI interface: Serial clock input,,
Digital Main Functions,41,,rejected,topic output limit,Buses and interconnects,"lexical/normalized topic signals: serial, spi",no,integration,accepted input scope,,,,Approved interface SERIAL_SELECT owned by SPI interface: Serial frame/select input,artifacts/stage2_mirco_arc/interface_catalog.csv,Approved interface SERIAL_SELECT owned by SPI interface: Serial frame/select input,,
Digital Main Functions,42,,rejected,topic output limit,Buses and interconnects,"lexical/normalized topic signals: serial, spi",no,integration,accepted input scope,,,,Approved interface SERIAL_DATA_IN owned by SPI interface: Serial data input,artifacts/stage2_mirco_arc/interface_catalog.csv,Approved interface SERIAL_DATA_IN owned by SPI interface: Serial data input,,
Digital Main Functions,43,,rejected,topic output limit,Buses and interconnects,"lexical/normalized topic signals: serial, spi",no,integration,accepted input scope,,,,Approved interface SERIAL_DATA_OUT owned by SPI interface: Serial data output,artifacts/stage2_mirco_arc/interface_catalog.csv,Approved interface SERIAL_DATA_OUT owned by SPI interface: Serial data output,,
Digital Main Functions,44,,rejected,topic output limit,Power and clock islands,lexical/normalized topic signals: clock,no,integration,accepted input scope,,,,Approved interface ALT_SERIAL_CLK owned by I2C interface: Alternate serial clock input,artifacts/stage2_mirco_arc/interface_catalog.csv,Approved interface ALT_SERIAL_CLK owned by I2C interface: Alternate serial clock input,,
Digital Main Functions,45,,rejected,topic output limit,Buses and interconnects,"lexical/normalized topic signals: i2c, serial",no,integration,accepted input scope,,,,Approved interface ALT_SERIAL_DATA owned by I2C interface: Alternate serial bidirectional data line,artifacts/stage2_mirco_arc/interface_catalog.csv,Approved interface ALT_SERIAL_DATA owned by I2C interface: Alternate serial bidirectional data line,,
Digital Main Functions,46,,rejected,topic output limit,Arbitration and control,lexical/normalized topic signals: interrupt,no,integration,accepted input scope,,,,Approved interface INT1 owned by IRQ logic: Primary interrupt output,artifacts/stage2_mirco_arc/interface_catalog.csv,Approved interface INT1 owned by IRQ logic: Primary interrupt output,,
Digital Main Functions,47,,rejected,topic output limit,Arbitration and control,lexical/normalized topic signals: interrupt,no,integration,accepted input scope,,,,Approved interface INT2 owned by IRQ logic: Secondary interrupt output,artifacts/stage2_mirco_arc/interface_catalog.csv,Approved interface INT2 owned by IRQ logic: Secondary interrupt output,,
Digital Main Functions,48,,rejected,topic output limit,Power and clock islands,lexical/normalized topic signals: supply,no,integration,accepted input scope,,,,Approved interface VDD owned by PMU: Core supply,artifacts/stage2_mirco_arc/interface_catalog.csv,Approved interface VDD owned by PMU: Core supply,,
Digital Main Functions,49,,rejected,topic output limit,Power and clock islands,lexical/normalized topic signals: supply,no,integration,accepted input scope,,,,Approved interface VDD_IO owned by PMU: Digital IO supply,artifacts/stage2_mirco_arc/interface_catalog.csv,Approved interface VDD_IO owned by PMU: Digital IO supply,,
Digital Main Functions,50,,rejected,topic output limit,Buses and interconnects,lexical/normalized topic signals: interconnect,no,top_digital,accepted input scope,,,,"Section 11.1 XBAR Connection Matrix (under Section 11 Interconnect), paragraph 017 (page 34)","Section 11.1 XBAR Connection Matrix (under Section 11 Interconnect), paragraph 017 (page 34)","Section 11.1 XBAR Connection Matrix (under Section 11 Interconnect), paragraph 017 (page 34)",,
Digital Main Functions,51,,rejected,duplicate descriptive evidence,,,no,top_digital,accepted input scope,,,,"Section 11.1 XBAR Connection Matrix (under Section 11 Interconnect), paragraph 017 (page 34)","Section 11.1 XBAR Connection Matrix (under Section 11 Interconnect), paragraph 017 (page 34)","Section 11.1 XBAR Connection Matrix (under Section 11 Interconnect), paragraph 017 (page 34)",,
Digital Main Functions,52,,rejected,duplicate descriptive evidence,,,no,top_digital,accepted input scope,,,,"Section 11.1 XBAR Connection Matrix (under Section 11 Interconnect), paragraph 017 (page 34)","Section 11.1 XBAR Connection Matrix (under Section 11 Interconnect), paragraph 017 (page 34)","Section 11.1 XBAR Connection Matrix (under Section 11 Interconnect), paragraph 017 (page 34)",,
Digital Main Functions,53,,rejected,topic output limit,Buses and interconnects,lexical/normalized topic signals: interconnect,no,top_digital,accepted input scope,,,,"Section 11.1 XBAR Connection Matrix (under Section 11 Interconnect), paragraph 018 (page 34)","Section 11.1 XBAR Connection Matrix (under Section 11 Interconnect), paragraph 018 (page 34)","Section 11.1 XBAR Connection Matrix (under Section 11 Interconnect), paragraph 018 (page 34)",,
Digital Main Functions,54,,rejected,duplicate descriptive evidence,,,no,top_digital,accepted input scope,,,,"Section 11.1 XBAR Connection Matrix (under Section 11 Interconnect), paragraph 018 (page 34)","Section 11.1 XBAR Connection Matrix (under Section 11 Interconnect), paragraph 018 (page 34)","Section 11.1 XBAR Connection Matrix (under Section 11 Interconnect), paragraph 018 (page 34)",,
Digital Main Functions,55,,rejected,duplicate descriptive evidence,,,no,top_digital,accepted input scope,,,,"Section 11.1 XBAR Connection Matrix (under Section 11 Interconnect), paragraph 018 (page 34)","Section 11.1 XBAR Connection Matrix (under Section 11 Interconnect), paragraph 018 (page 34)","Section 11.1 XBAR Connection Matrix (under Section 11 Interconnect), paragraph 018 (page 34)",,
Digital Main Functions,56,,rejected,topic output limit,Buses and interconnects,lexical/normalized topic signals: interconnect,no,top_digital,accepted input scope,,,,"Section 11.1 XBAR Connection Matrix (under Section 11 Interconnect), paragraph 019 (page 34)","Section 11.1 XBAR Connection Matrix (under Section 11 Interconnect), paragraph 019 (page 34)","Section 11.1 XBAR Connection Matrix (under Section 11 Interconnect), paragraph 019 (page 34)",,
Digital Main Functions,57,,rejected,duplicate descriptive evidence,,,no,top_digital,accepted input scope,,,,"Section 11.1 XBAR Connection Matrix (under Section 11 Interconnect), paragraph 019 (page 34)","Section 11.1 XBAR Connection Matrix (under Section 11 Interconnect), paragraph 019 (page 34)","Section 11.1 XBAR Connection Matrix (under Section 11 Interconnect), paragraph 019 (page 34)",,
Digital Main Functions,58,,rejected,duplicate descriptive evidence,,,no,top_digital,accepted input scope,,,,"Section 11.1 XBAR Connection Matrix (under Section 11 Interconnect), paragraph 019 (page 34)","Section 11.1 XBAR Connection Matrix (under Section 11 Interconnect), paragraph 019 (page 34)","Section 11.1 XBAR Connection Matrix (under Section 11 Interconnect), paragraph 019 (page 34)",,
Digital Main Functions,59,,rejected,duplicate descriptive evidence,,,no,top_digital,accepted input scope,,,,"Section 11.1 XBAR Connection Matrix (under Section 11 Interconnect), paragraph 019 (page 34)","Section 11.1 XBAR Connection Matrix (under Section 11 Interconnect), paragraph 019 (page 34)","Section 11.1 XBAR Connection Matrix (under Section 11 Interconnect), paragraph 019 (page 34)",,
Digital Main Functions,60,,rejected,duplicate descriptive evidence,,,no,top_digital,accepted input scope,,,,"Section 11.1 XBAR Connection Matrix (under Section 11 Interconnect), paragraph 019 (page 34)","Section 11.1 XBAR Connection Matrix (under Section 11 Interconnect), paragraph 019 (page 34)","Section 11.1 XBAR Connection Matrix (under Section 11 Interconnect), paragraph 019 (page 34)",,
Digital Main Functions,61,,rejected,topic output limit,Buses and interconnects,lexical/normalized topic signals: interconnect,no,top_digital,accepted input scope,,,,"Section 11.1 XBAR Connection Matrix (under Section 11 Interconnect), paragraph 020 (page 34)","Section 11.1 XBAR Connection Matrix (under Section 11 Interconnect), paragraph 020 (page 34)","Section 11.1 XBAR Connection Matrix (under Section 11 Interconnect), paragraph 020 (page 34)",,
Digital Main Functions,62,,rejected,topic output limit,Buses and interconnects,lexical/normalized topic signals: interconnect,no,top_digital,accepted input scope,,,,"Section 11.1 XBAR Connection Matrix (under Section 11 Interconnect), paragraph 021 (page 34)","Section 11.1 XBAR Connection Matrix (under Section 11 Interconnect), paragraph 021 (page 34)","Section 11.1 XBAR Connection Matrix (under Section 11 Interconnect), paragraph 021 (page 34)",,
Digital Main Functions,63,,rejected,duplicate descriptive evidence,,,no,top_digital,accepted input scope,,,,"Section 11.1 XBAR Connection Matrix (under Section 11 Interconnect), paragraph 021 (page 34)","Section 11.1 XBAR Connection Matrix (under Section 11 Interconnect), paragraph 021 (page 34)","Section 11.1 XBAR Connection Matrix (under Section 11 Interconnect), paragraph 021 (page 34)",,
Digital Main Functions,64,,rejected,duplicate descriptive evidence,,,no,top_digital,accepted input scope,,,,"Section 11.1 XBAR Connection Matrix (under Section 11 Interconnect), paragraph 021 (page 34)","Section 11.1 XBAR Connection Matrix (under Section 11 Interconnect), paragraph 021 (page 34)","Section 11.1 XBAR Connection Matrix (under Section 11 Interconnect), paragraph 021 (page 34)",,
Digital Main Functions,65,,rejected,duplicate descriptive evidence,,,no,top_digital,accepted input scope,,,,"Section 11.1 XBAR Connection Matrix (under Section 11 Interconnect), paragraph 021 (page 34)","Section 11.1 XBAR Connection Matrix (under Section 11 Interconnect), paragraph 021 (page 34)","Section 11.1 XBAR Connection Matrix (under Section 11 Interconnect), paragraph 021 (page 34)",,
Digital Main Functions,66,,rejected,topic output limit,Buses and interconnects,lexical/normalized topic signals: interconnect,no,top_digital,accepted input scope,,,,"Section 11.1 XBAR Connection Matrix (under Section 11 Interconnect), paragraph 022 (page 34)","Section 11.1 XBAR Connection Matrix (under Section 11 Interconnect), paragraph 022 (page 34)","Section 11.1 XBAR Connection Matrix (under Section 11 Interconnect), paragraph 022 (page 34)",,
Digital Main Functions,67,,rejected,duplicate descriptive evidence,,,no,top_digital,accepted input scope,,,,"Section 11.1 XBAR Connection Matrix (under Section 11 Interconnect), paragraph 022 (page 34)","Section 11.1 XBAR Connection Matrix (under Section 11 Interconnect), paragraph 022 (page 34)","Section 11.1 XBAR Connection Matrix (under Section 11 Interconnect), paragraph 022 (page 34)",,
Digital Main Functions,68,,rejected,duplicate descriptive evidence,,,no,top_digital,accepted input scope,,,,"Section 11.1 XBAR Connection Matrix (under Section 11 Interconnect), paragraph 022 (page 34)","Section 11.1 XBAR Connection Matrix (under Section 11 Interconnect), paragraph 022 (page 34)","Section 11.1 XBAR Connection Matrix (under Section 11 Interconnect), paragraph 022 (page 34)",,
Digital Main Functions,69,,rejected,duplicate descriptive evidence,,,no,top_digital,accepted input scope,,,,"Section 11.1 XBAR Connection Matrix (under Section 11 Interconnect), paragraph 022 (page 34)","Section 11.1 XBAR Connection Matrix (under Section 11 Interconnect), paragraph 022 (page 34)","Section 11.1 XBAR Connection Matrix (under Section 11 Interconnect), paragraph 022 (page 34)",,
Digital Main Functions,70,,rejected,duplicate descriptive evidence,,,no,top_digital,accepted input scope,,,,"Section 11.1 XBAR Connection Matrix (under Section 11 Interconnect), paragraph 022 (page 34)","Section 11.1 XBAR Connection Matrix (under Section 11 Interconnect), paragraph 022 (page 34)","Section 11.1 XBAR Connection Matrix (under Section 11 Interconnect), paragraph 022 (page 34)",,
Digital Main Functions,71,,rejected,topic output limit,Digital processing blocks,lexical/normalized topic signals: ispu,no,top_digital,accepted input scope,,,,"Section 13.3.1 Requirements (under Section 13.3 ISPU integration), paragraph 007 (page 130)","Section 13.3.1 Requirements (under Section 13.3 ISPU integration), paragraph 007 (page 130)","Section 13.3.1 Requirements (under Section 13.3 ISPU integration), paragraph 007 (page 130)",,
Digital Main Functions,72,,rejected,topic output limit,Digital processing blocks,lexical/normalized topic signals: ispu,no,top_digital,accepted input scope,,,,"Section 13.3.1 Requirements (under Section 13.3 ISPU integration), paragraph 008 (page 130)","Section 13.3.1 Requirements (under Section 13.3 ISPU integration), paragraph 008 (page 130)","Section 13.3.1 Requirements (under Section 13.3 ISPU integration), paragraph 008 (page 130)",,
Digital Main Functions,73,,rejected,topic output limit,Digital processing blocks,lexical/normalized topic signals: ispu,no,top_digital,accepted input scope,,,,"Section 13.3.1 Requirements (under Section 13.3 ISPU integration), paragraph 009 (page 130)","Section 13.3.1 Requirements (under Section 13.3 ISPU integration), paragraph 009 (page 130)","Section 13.3.1 Requirements (under Section 13.3 ISPU integration), paragraph 009 (page 130)",,
Digital Main Functions,74,,rejected,topic output limit,Digital processing blocks,lexical/normalized topic signals: ispu,no,top_digital,accepted input scope,,,,"Section 13.3.1 Requirements (under Section 13.3 ISPU integration), paragraph 011 (page 130)","Section 13.3.1 Requirements (under Section 13.3 ISPU integration), paragraph 011 (page 130)","Section 13.3.1 Requirements (under Section 13.3 ISPU integration), paragraph 011 (page 130)",,
Digital Main Functions,75,,rejected,topic output limit,Digital processing blocks,lexical/normalized topic signals: ispu,no,top_digital,accepted input scope,,,,"Section 13.3.1 Requirements (under Section 13.3 ISPU integration), paragraph 013 (page 130)","Section 13.3.1 Requirements (under Section 13.3 ISPU integration), paragraph 013 (page 130)","Section 13.3.1 Requirements (under Section 13.3 ISPU integration), paragraph 013 (page 130)",,
Digital Main Functions,76,,rejected,topic output limit,Digital processing blocks,lexical/normalized topic signals: ispu,no,top_digital,accepted input scope,,,,"Section 13.3.1 Requirements (under Section 13.3 ISPU integration), paragraph 023 (page 131)","Section 13.3.1 Requirements (under Section 13.3 ISPU integration), paragraph 023 (page 131)","Section 13.3.1 Requirements (under Section 13.3 ISPU integration), paragraph 023 (page 131)",,
Digital Main Functions,77,,rejected,topic output limit,Digital processing blocks,lexical/normalized topic signals: ispu,no,top_digital,accepted input scope,,,,"Section 13.3.1 Requirements (under Section 13.3 ISPU integration), paragraph 027 (page 131)","Section 13.3.1 Requirements (under Section 13.3 ISPU integration), paragraph 027 (page 131)","Section 13.3.1 Requirements (under Section 13.3 ISPU integration), paragraph 027 (page 131)",,
Digital Main Functions,78,,rejected,topic output limit,Digital processing blocks,lexical/normalized topic signals: ispu,no,top_digital,accepted input scope,,,,"Section 13.3.1 Requirements (under Section 13.3 ISPU integration), paragraph 031 (page 131)","Section 13.3.1 Requirements (under Section 13.3 ISPU integration), paragraph 031 (page 131)","Section 13.3.1 Requirements (under Section 13.3 ISPU integration), paragraph 031 (page 131)",,
Digital Main Functions,79,3,selected,eligible approved evidence,General architecture,no configured topic signal,no,top_digital,accepted input scope,,,,"Section 1 TIME SLOT LENGTH: (under Section 15.3.3 PPG Only), paragraph 010 (page 152)","Section 1 TIME SLOT LENGTH: (under Section 15.3.3 PPG Only), paragraph 010 (page 152)","Section 1 TIME SLOT LENGTH: (under Section 15.3.3 PPG Only), paragraph 010 (page 152)",,
Digital Main Functions,80,4,selected,eligible approved evidence,General architecture,no configured topic signal,no,top_digital,accepted input scope,,,,"Section 3 SELECT DIVISION INDEX FOR CONFIGURED CHANNELS: (under Section 15.3.3 PPG Only), paragraph 018 (page 152)","Section 3 SELECT DIVISION INDEX FOR CONFIGURED CHANNELS: (under Section 15.3.3 PPG Only), paragraph 018 (page 152)","Section 3 SELECT DIVISION INDEX FOR CONFIGURED CHANNELS: (under Section 15.3.3 PPG Only), paragraph 018 (page 152)",,
Digital Main Functions,81,5,selected,eligible approved evidence,General architecture,no configured topic signal,no,top_digital,accepted input scope,,,,"Section 4 CONFIGURE ADC SAMPLING PERIOD: (under Section 15.3.3 PPG Only), paragraph 022 (page 152)","Section 4 CONFIGURE ADC SAMPLING PERIOD: (under Section 15.3.3 PPG Only), paragraph 022 (page 152)","Section 4 CONFIGURE ADC SAMPLING PERIOD: (under Section 15.3.3 PPG Only), paragraph 022 (page 152)",,
Digital Main Functions,82,6,selected,eligible approved evidence,General architecture,no configured topic signal,no,top_digital,accepted input scope,,,,"Section 2 SELECT CHANNEL: (under Section 15.3.3 PPG Only), paragraph 014 (page 152)","Section 2 SELECT CHANNEL: (under Section 15.3.3 PPG Only), paragraph 014 (page 152)","Section 2 SELECT CHANNEL: (under Section 15.3.3 PPG Only), paragraph 014 (page 152)",,
Digital Main Functions,83,,rejected,topic output limit,General architecture,no configured topic signal,no,top_digital,accepted input scope,,,,"Section 5 PPG FRAMES CONFIG: (under Section 15.3.3 PPG Only), paragraph 026 (page 152)","Section 5 PPG FRAMES CONFIG: (under Section 15.3.3 PPG Only), paragraph 026 (page 152)","Section 5 PPG FRAMES CONFIG: (under Section 15.3.3 PPG Only), paragraph 026 (page 152)",,
Digital Main Functions,84,,rejected,topic output limit,General architecture,no configured topic signal,no,top_digital,accepted input scope,,,,"Section 6 SELECT OPERATIVE MODE: (under Section 15.3.3 PPG Only), paragraph 008 (page 153)","Section 6 SELECT OPERATIVE MODE: (under Section 15.3.3 PPG Only), paragraph 008 (page 153)","Section 6 SELECT OPERATIVE MODE: (under Section 15.3.3 PPG Only), paragraph 008 (page 153)",,
Digital Main Functions,85,,rejected,topic output limit,General architecture,no configured topic signal,no,top_digital,accepted input scope,,,,"Section 7 CHECK DATA: (under Section 15.3.3 PPG Only), paragraph 011 (page 153)","Section 7 CHECK DATA: (under Section 15.3.3 PPG Only), paragraph 011 (page 153)","Section 7 CHECK DATA: (under Section 15.3.3 PPG Only), paragraph 011 (page 153)",,
Digital Main Functions,86,,rejected,topic output limit,General architecture,no configured topic signal,no,top_digital,accepted input scope,,,,"Section 18.1 Scan mode (under Section 18 Digital DFT), paragraph 011 (page 159)","Section 18.1 Scan mode (under Section 18 Digital DFT), paragraph 011 (page 159)","Section 18.1 Scan mode (under Section 18 Digital DFT), paragraph 011 (page 159)",,
Digital Main Functions,87,,rejected,topic output limit,General architecture,no configured topic signal,no,top_digital,accepted input scope,,,,"Section 18.2 Debug mode (under Section 18 Digital DFT), paragraph 024 (page 159)","Section 18.2 Debug mode (under Section 18 Digital DFT), paragraph 024 (page 159)","Section 18.2 Debug mode (under Section 18 Digital DFT), paragraph 024 (page 159)",,
Digital Main Functions,88,,rejected,topic output limit,General architecture,no configured topic signal,no,top_digital,accepted input scope,,,,"Section 18.3 ADC TEST LOW NOISE (under Section 18 Digital DFT), paragraph 006 (page 160)","Section 18.3 ADC TEST LOW NOISE (under Section 18 Digital DFT), paragraph 006 (page 160)","Section 18.3 ADC TEST LOW NOISE (under Section 18 Digital DFT), paragraph 006 (page 160)",,
Digital Main Functions,89,,rejected,topic output limit,General architecture,no configured topic signal,no,top_digital,accepted input scope,,,,"Section 18.3 ADC TEST LOW NOISE (under Section 18 Digital DFT), paragraph 023 (page 160)","Section 18.3 ADC TEST LOW NOISE (under Section 18 Digital DFT), paragraph 023 (page 160)","Section 18.3 ADC TEST LOW NOISE (under Section 18 Digital DFT), paragraph 023 (page 160)",,
Digital Main Functions,90,,rejected,topic output limit,General architecture,no configured topic signal,no,top_digital,accepted input scope,,,,"Section 18.4 ADC TEST FAST (under Section 18 Digital DFT), paragraph 010 (page 161)","Section 18.4 ADC TEST FAST (under Section 18 Digital DFT), paragraph 010 (page 161)","Section 18.4 ADC TEST FAST (under Section 18 Digital DFT), paragraph 010 (page 161)",,
Digital Main Functions,91,,rejected,topic output limit,General architecture,no configured topic signal,no,top_digital,accepted input scope,,,,"Section 18.5 BIST MODE (under Section 18 Digital DFT), paragraph 030 (page 161)","Section 18.5 BIST MODE (under Section 18 Digital DFT), paragraph 030 (page 161)","Section 18.5 BIST MODE (under Section 18 Digital DFT), paragraph 030 (page 161)",,
Digital Main Functions,92,,rejected,duplicate descriptive evidence,,,no,architecture,accepted input scope,,,,"PD_TOP1V2: Included block(s): ADSP,, multi_channel_fifo, i2c_spi_slave, main_controller_top, senshub_mst_i2c, pad_mux, pmu, stbio1_regmap, scan_out_mux, xbar_afe. Domain type: Always-On. Control mode: HW. Notes: Always active. • Function: Ensures continuity of critical functions (Data Storage Mode, Sensor-Hub acquisition, FIFO read and write data, Elaboration Mode with ADSP only). • Characteristics: Never powered down. • Control: Managed by hardware.",Stage 1 OCR power-domain table/description (PD_TOP1V2),"PD_TOP1V2: Included block(s): ADSP,, multi_channel_fifo, i2c_spi_slave, main_controller_top, senshub_mst_i2c, pad_mux, pmu, stbio1_regmap, scan_out_mux, xbar_afe. Domain type: Always-On. Control mode: HW. Notes: Always active. • Function: Ensures continuity of critical functions (Data Storage Mode, Sensor-Hub acquisition, FIFO read and write data, Elaboration Mode with ADSP only). • Characteristics: Never powered down. • Control: Managed by hardware.",,
Digital Main Functions,93,,rejected,duplicate descriptive evidence,,,no,architecture,accepted input scope,,,,PD_STREDL: Included block(s): STREDL. Domain type: Switchable. Control mode: SW. Notes: Can be powered down in idle. • Function: Powers the STREDL core and associated cache. • Characteristics: Can be powered down when STREDL is not in use. • Control: Managed via software (power management driver)(see 12.3.1),Stage 1 OCR power-domain table/description (PD_STREDL),PD_STREDL: Included block(s): STREDL. Domain type: Switchable. Control mode: SW. Notes: Can be powered down in idle. • Function: Powers the STREDL core and associated cache. • Characteristics: Can be powered down when STREDL is not in use. • Control: Managed via software (power management driver)(see 12.3.1),,
Digital Main Functions,94,,rejected,duplicate descriptive evidence,,,no,architecture,accepted input scope,,,,PD_TOP3V3: Included block(s): H9A_MEM_OTP_ PUMP_85AL05_2. Domain type: Always-On. Voltage: 3A. Control mode: HW. Notes: Always active. • Function: power supply to the OTP memory block. • Characteristics: Never powered down. It provides 4.7V of power supply to the OTP memory block during programming (write) operations • Control: Managed by hardware.,Stage 1 OCR power-domain table/description (PD_TOP3V3),PD_TOP3V3: Included block(s): H9A_MEM_OTP_ PUMP_85AL05_2. Domain type: Always-On. Voltage: 3A. Control mode: HW. Notes: Always active. • Function: power supply to the OTP memory block. • Characteristics: Never powered down. It provides 4.7V of power supply to the OTP memory block during programming (write) operations • Control: Managed by hardware.,,
Digital Main Functions,95,,rejected,duplicate descriptive evidence,,,no,architecture,accepted input scope,,,,PD_TOPIO: Included block(s): level_shifter_sel. Domain type: Always-On. Control mode: HW. Notes: Always active 32 10.4.. • Function: Powers communication PAD • Characteristics: Never powered down. • Control: Managed by hardware.,Stage 1 OCR power-domain table/description (PD_TOPIO),PD_TOPIO: Included block(s): level_shifter_sel. Domain type: Always-On. Control mode: HW. Notes: Always active 32 10.4.. • Function: Powers communication PAD • Characteristics: Never powered down. • Control: Managed by hardware.,,
Digital Main Functions,96,,rejected,topic output limit,Power and clock islands,lexical/normalized topic signals: power,no,architecture,accepted input scope,,,,This document paragraph describes the Power Domain architecture implemented in the STBIO1.,"Section 10.1 Introduction (under Section 10 Power Domains), paragraph 031 (page 31)",This document paragraph describes the Power Domain architecture implemented in the STBIO1.,,
Digital Main Functions,97,,rejected,topic output limit,Power and clock islands,lexical/normalized topic signals: power,no,architecture,accepted input scope,,,,Retention Domain: Domain that retains register state even when the main logic is powered down.,"Section 10.2 Definitions (under Section 10 Power Domains), paragraph 011 (page 32)",Retention Domain: Domain that retains register state even when the main logic is powered down.,,
Digital Main Functions,98,,rejected,topic output limit,Arbitration and control,lexical/normalized topic signals: controller,no,architecture,accepted input scope,,,,"Main functionalities of controller are: • Mode management (RunBIST mode, Retention mode etc.)","Section 17.2.2 MBIST Controller (under Section 17.2 Memory BIST Architecture), paragraph 052 (page 157)","Main functionalities of controller are: • Mode management (RunBIST mode, Retention mode etc.)",,
Digital Main Functions,99,,rejected,topic output limit,General architecture,no configured topic signal,no,top_digital,accepted input scope,,,,"Aim of this document is to explain main features of the ASIC STBIO1, electronic interface of ECG, Bio-impedance, EDA and PPG (Photoplethysmography) embedded in a single die.","Stage 1 OCR page 12, lines 4-5","Aim of this document is to explain main features of the ASIC STBIO1, electronic interface of ECG, Bio-impedance, EDA and PPG (Photoplethysmography) embedded in a single die.",,
Digital Main Functions,100,,rejected,topic output limit,Power and clock islands,lexical/normalized topic signals: power,no,top_digital,accepted input scope,,,,"ADSP is an embedded IP able to elaborate ultra-low-power custom DSP functions. The main purpose of ADSP is to reduce the computation workload on both ISPU and host processor, while saving power through the optimization of both hardware and algorithm.","Stage 1 OCR page 12, lines 38-40","ADSP is an embedded IP able to elaborate ultra-low-power custom DSP functions. The main purpose of ADSP is to reduce the computation workload on both ISPU and host processor, while saving power through the optimization of both hardware and algorithm.",,
Digital Main Functions,101,,rejected,topic output limit,Buses and interconnects,"lexical/normalized topic signals: i2c, protocol",no,top_digital,accepted input scope,,,,"Sensor hub IP can read external sensors by means of an I2C master protocol, enabling data collection in FIFO and embedded elaboration also on external data domain. The data collected by sensor hub is accessible from the Advanced DSP and ISPU, for sensor fusion algorithm elaboration.","Stage 1 OCR page 12, lines 42-45","Sensor hub IP can read external sensors by means of an I2C master protocol, enabling data collection in FIFO and embedded elaboration also on external data domain. The data collected by sensor hub is accessible from the Advanced DSP and ISPU, for sensor fusion algorithm elaboration.",,
Digital Main Functions,102,,rejected,topic output limit,Shared digital resources,"lexical/normalized topic signals: fifo, regmap",no,top_digital,accepted input scope,,,,Sensor Hub and Elaboration results). The depth of each Sub-FIFO is configurable by regmap. Each Sub-FIFO behavior as a Classic FIFO.,"Stage 1 OCR page 13, lines 17-18",Sensor Hub and Elaboration results). The depth of each Sub-FIFO is configurable by regmap. Each Sub-FIFO behavior as a Classic FIFO.,,
DRS digital block descriptions,1,1,retained,,Digital block purpose,,,block_local_digital,approved_concrete_block,Sensor-Hub,digital,,"The Sensor-Hub block is designed to operate the Sensor Hub I2C master for external targets, including trigger/control, pad enable, data collection, and FIFO multi-mode coordination.",artifacts/stage2_mirco_arc/block_inventory.csv,"Operate the Sensor Hub I2C master for external targets, including trigger/control, pad enable, data collection, and FIFO multi-mode coordination.","Operate the Sensor Hub I2C master for external targets, including trigger/control, pad enable, data collection, and FIFO multi-mode coordination.",
DRS digital block descriptions,2,2,retained,,Digital block purpose,,,block_local_digital,approved_concrete_block,ADSP,digital,,"The ADSP block is designed to execute ADSP firmware for OTP boot/write/test and signal elaboration, using mapped program/data/register memory and soft-reset handling.",artifacts/stage2_mirco_arc/block_inventory.csv,"Execute ADSP firmware for OTP boot/write/test and signal elaboration, using mapped program/data/register memory and soft-reset handling.","Execute ADSP firmware for OTP boot/write/test and signal elaboration, using mapped program/data/register memory and soft-reset handling.",
DRS digital block descriptions,3,3,retained,,Digital block purpose,,,block_local_digital,approved_concrete_block,Main Controller,digital,,"The Main Controller block is designed to generate and receive Analog Domain control signals, perform DSP elaboration on ADC outputs, and write elaborated results to the defined addresses.",artifacts/stage2_mirco_arc/block_inventory.csv,"Generate and receive Analog Domain control signals, perform DSP elaboration on ADC outputs, and write elaborated results to the defined addresses.","Generate and receive Analog Domain control signals, perform DSP elaboration on ADC outputs, and write elaborated results to the defined addresses.",
DRS digital block descriptions,4,4,retained,,Digital block purpose,,,block_local_digital,approved_concrete_block,Smart FIFO,digital,,"The Smart FIFO block is designed to provide FIFO storage and AHB/memory access in mutually exclusive Unique or Multiple modes, including sub-FIFO depth/addressing and tagged Sensor Hub data formatting.",artifacts/stage2_mirco_arc/block_inventory.csv,"Provide FIFO storage and AHB/memory access in mutually exclusive Unique or Multiple modes, including sub-FIFO depth/addressing and tagged Sensor Hub data formatting.","Provide FIFO storage and AHB/memory access in mutually exclusive Unique or Multiple modes, including sub-FIFO depth/addressing and tagged Sensor Hub data formatting.",
DRS digital block descriptions,5,5,retained,,Digital block purpose,,,block_local_digital,approved_concrete_block,Regmap,digital,,"The Regmap block is designed to implement the mapped AFE, system, and OTP registers, exposing configuration/status while enforcing reset and OTP write-protection rules.",artifacts/stage2_mirco_arc/block_inventory.csv,"Implement the mapped AFE, system, and OTP registers, exposing configuration/status while enforcing reset and OTP write-protection rules.","Implement the mapped AFE, system, and OTP registers, exposing configuration/status while enforcing reset and OTP write-protection rules.",
DRS digital block descriptions,6,6,retained,,Digital block purpose,,,block_local_digital,approved_concrete_block,IRQ logic,digital,,"The IRQ logic block is designed to aggregate and route FIFO, Sensor Hub, ISPU sample-ready, software, and timer interrupt status to configured GPIO/interrupt outputs.",artifacts/stage2_mirco_arc/block_inventory.csv,"Aggregate and route FIFO, Sensor Hub, ISPU sample-ready, software, and timer interrupt status to configured GPIO/interrupt outputs.","Aggregate and route FIFO, Sensor Hub, ISPU sample-ready, software, and timer interrupt status to configured GPIO/interrupt outputs.",
DRS digital block descriptions,7,7,retained,,Digital block purpose,,,block_local_digital,approved_concrete_block,PMU,digital,,"The PMU block is designed to sequence POR-driven LDO1V8 enable, 64/32 kHz and 16 MHz clocks, clock-ready signaling, and digital-reset release for boot and power modes.",artifacts/stage2_mirco_arc/block_inventory.csv,"Sequence POR-driven LDO1V8 enable, 64/32 kHz and 16 MHz clocks, clock-ready signaling, and digital-reset release for boot and power modes.","Sequence POR-driven LDO1V8 enable, 64/32 kHz and 16 MHz clocks, clock-ready signaling, and digital-reset release for boot and power modes.",
DRS digital block descriptions,8,8,retained,,Digital block purpose,,,block_local_digital,approved_concrete_block,BIST Controller,digital,,The BIST Controller block is designed to control BIST operating modes and coordinate ADC/OTP test operations and their register-visible results.,artifacts/stage2_mirco_arc/block_inventory.csv,Control BIST operating modes and coordinate ADC/OTP test operations and their register-visible results.,Control BIST operating modes and coordinate ADC/OTP test operations and their register-visible results.,
DRS digital block descriptions,9,9,retained,,Digital block purpose,,,block_local_digital,approved_concrete_block,I2C_SPI_AHB,digital,,"The I2C_SPI_AHB block is designed to accept I2C/SPI accesses and translate them as needed into AHB transactions for device configuration and readback, including ISPU access.",artifacts/stage2_mirco_arc/block_inventory.csv,"Accept I2C/SPI accesses and translate them as needed into AHB transactions for device configuration and readback, including ISPU access.","Accept I2C/SPI accesses and translate them as needed into AHB transactions for device configuration and readback, including ISPU access.",
DRS digital block descriptions,10,10,retained,,Digital block purpose,,,block_local_digital,approved_concrete_block,OTP,digital,,"The OTP block is designed to provide the source-specified one-time-programmable memory interface used by ADSP boot, programming, and test routines.",artifacts/stage2_mirco_arc/block_inventory.csv,"Provide the source-specified one-time-programmable memory interface used by ADSP boot, programming, and test routines.","Provide the source-specified one-time-programmable memory interface used by ADSP boot, programming, and test routines.",
DRS digital block descriptions,11,11,retained,,Digital block purpose,,,block_local_digital,approved_concrete_block,PAD MUX,digital,,"The PAD MUX block is designed to route source-specified functional, scan, BIST, debug, and ISPU-debug signals to and from device pads.",artifacts/stage2_mirco_arc/block_inventory.csv,"Route source-specified functional, scan, BIST, debug, and ISPU-debug signals to and from device pads.","Route source-specified functional, scan, BIST, debug, and ISPU-debug signals to and from device pads.",
DRS digital block descriptions,12,12,retained,,Digital block purpose,,,block_local_digital,approved_concrete_block,ISPU,digital,,The ISPU block is designed to represent the ISPU digital architecture block and its source/destination responsibilities described by Stage 2 interaction evidence.,artifacts/stage2_mirco_arc/block_inventory.csv,Represent the ISPU digital architecture block and its source/destination responsibilities described by Stage 2 interaction evidence.,Represent the ISPU digital architecture block and its source/destination responsibilities described by Stage 2 interaction evidence.,
DRS Stage 1 source descriptions,,,retained,complete Stage 1 overview description,Digital block purpose,,,block_local_digital,explicit source subject,ISPU,digital,,ISPU 32-bit processor.,"Stage 1 OCR page 12, lines 35-35",ISPU 32-bit processor.,ISPU 32-bit processor.,
DRS Stage 1 source descriptions,,,retained,complete Stage 1 overview description,Digital block purpose,,,block_local_digital,explicit source subject,Smart FIFO,digital,,Smart FIFO data collector.,"Stage 1 OCR page 12, lines 36-36",Smart FIFO data collector.,Smart FIFO data collector.,
DRS Stage 1 overview descriptions,1,1,retained,source-backed descriptive overview,Top Level Overview,,,top_digital,approved snapshot scope,,digital,,"The ASIC STBIO1 integrates electronic interfaces for ECG, Bio-impedance, EDA and PPG (Photoplethysmography) embedded in a single die.","Section 5 STBIO1 toplevel overview, paragraph 004 (page 12)","Aim of this document is to explain main features of the ASIC STBIO1, electronic interface of ECG, Bio-impedance, EDA and PPG (Photoplethysmography) embedded in a single die.","Aim of this document is to explain main features of the ASIC STBIO1, electronic interface of ECG, Bio-impedance, EDA and PPG (Photoplethysmography) embedded in a single die.",
DRS Stage 1 overview descriptions,2,2,retained,source-backed descriptive overview,Top Level Overview,,,top_digital,approved snapshot scope,,digital,,"The ASIC STBIO1 integrates electronic interfaces for ECG, Bio-impedance, EDA and PPG (Photoplethysmography) embedded in a single die.","Stage 1 OCR page 12, lines 4-5","Aim of this document is to explain main features of the ASIC STBIO1, electronic interface of ECG, Bio-impedance, EDA and PPG (Photoplethysmography) embedded in a single die.","Aim of this document is to explain main features of the ASIC STBIO1, electronic interface of ECG, Bio-impedance, EDA and PPG (Photoplethysmography) embedded in a single die.",
DRS Stage 1 overview descriptions,3,3,retained,source-backed descriptive overview,Top Level Overview,,,top_digital,approved snapshot scope,,digital,,"ADSP is an embedded IP able to elaborate ultra-low-power custom DSP functions. The main purpose of ADSP is to reduce the computation workload on both ISPU and host processor, while saving power through the optimization of both hardware and algorithm.","Stage 1 OCR page 12, lines 38-40","ADSP is an embedded IP able to elaborate ultra-low-power custom DSP functions. The main purpose of ADSP is to reduce the computation workload on both ISPU and host processor, while saving power through the optimization of both hardware and algorithm.","ADSP is an embedded IP able to elaborate ultra-low-power custom DSP functions. The main purpose of ADSP is to reduce the computation workload on both ISPU and host processor, while saving power through the optimization of both hardware and algorithm.",
DRS Stage 1 overview descriptions,4,4,retained,source-backed descriptive overview,Top Level Overview,,,top_digital,approved snapshot scope,,digital,,"Sensor hub IP can read external sensors by means of an I2C master protocol, enabling data collection in FIFO and embedded elaboration also on external data domain. The data collected by sensor hub is accessible from the Advanced DSP and ISPU, for sensor fusion algorithm elaboration.","Stage 1 OCR page 12, lines 42-45","Sensor hub IP can read external sensors by means of an I2C master protocol, enabling data collection in FIFO and embedded elaboration also on external data domain. The data collected by sensor hub is accessible from the Advanced DSP and ISPU, for sensor fusion algorithm elaboration.","Sensor hub IP can read external sensors by means of an I2C master protocol, enabling data collection in FIFO and embedded elaboration also on external data domain. The data collected by sensor hub is accessible from the Advanced DSP and ISPU, for sensor fusion algorithm elaboration.",
DRS Stage 1 overview descriptions,5,5,retained,source-backed descriptive overview,Top Level Overview,,,top_digital,approved snapshot scope,,digital,,Sensor Hub and Elaboration results). The depth of each Sub-FIFO is configurable by regmap. Each Sub-FIFO behavior as a Classic FIFO.,"Stage 1 OCR page 13, lines 17-18",Sensor Hub and Elaboration results). The depth of each Sub-FIFO is configurable by regmap. Each Sub-FIFO behavior as a Classic FIFO.,Sensor Hub and Elaboration results). The depth of each Sub-FIFO is configurable by regmap. Each Sub-FIFO behavior as a Classic FIFO.,
DRS introductory architecture,1,1,retained,,"4.2 Arbitration, control, and shared resources",,,top_digital,,,,,Main Controller -> Smart FIFO: sample stream and FIFO mode control,artifacts/stage2_mirco_arc/interaction_matrix.csv,Interaction: Main Controller -> Smart FIFO (sample stream and FIFO mode control; FIFO enabled; stream/bypass/fifo mode routing),,
DRS introductory architecture,2,2,retained,,"4.2 Arbitration, control, and shared resources",,,top_digital,,,,,Regmap -> Main Controller: configuration writes,artifacts/stage2_mirco_arc/interaction_matrix.csv,Interaction: Regmap -> Main Controller (configuration writes; register update; sample-rate/filter/mode setup),,
DRS introductory architecture,3,3,retained,,"4.2 Arbitration, control, and shared resources",,,top_digital,,,,,SPI interface -> Regmap: SPI register transactions,artifacts/stage2_mirco_arc/interaction_matrix.csv,Interaction: SPI interface -> Regmap (SPI register transactions; host SPI access; SPI path to register map),,
DRS introductory architecture,4,4,retained,,"4.2 Arbitration, control, and shared resources",,,top_digital,,,,,I2C interface -> Regmap: I2C register transactions,artifacts/stage2_mirco_arc/interaction_matrix.csv,Interaction: I2C interface -> Regmap (I2C register transactions; host I2C access; I2C path to register map),,
DRS introductory architecture,5,5,retained,,"4.2 Arbitration, control, and shared resources",,,top_digital,,,,,Regmap -> SPI interface: register read response,artifacts/stage2_mirco_arc/interaction_matrix.csv,Interaction: Regmap -> SPI interface (register read response; SPI read; response serialization on SPI),,
DRS introductory architecture,6,6,retained,,"4.2 Arbitration, control, and shared resources",,,top_digital,,,,,Regmap -> I2C interface: register read response,artifacts/stage2_mirco_arc/interaction_matrix.csv,Interaction: Regmap -> I2C interface (register read response; I2C read; response serialization on I2C),,
DRS introductory architecture,7,7,retained,,"4.2 Arbitration, control, and shared resources",,,top_digital,,,,,PMU -> Main Controller: power/clock status,artifacts/stage2_mirco_arc/interaction_matrix.csv,Interaction: PMU -> Main Controller (power/clock status; power mode transition; power-aware digital control),,
DRS introductory architecture,8,8,retained,,"4.2 Arbitration, control, and shared resources",,,top_digital,,,,,BIST Controller -> Regmap: self-test/calibration status,artifacts/stage2_mirco_arc/interaction_matrix.csv,Interaction: BIST Controller -> Regmap (self-test/calibration status; self-test command; status publication through registers),,
DRS introductory architecture,9,9,retained,,"4.2 Arbitration, control, and shared resources",,,top_digital,,,,,Main Controller -> Regmap: XBAR connection,artifacts/stage2_mirco_arc/interaction_matrix.csv,Interaction: Main Controller -> Regmap (XBAR connection; XBAR matrix cell; XBAR Connection Matrix; source-derived cell),,
DRS introductory architecture,10,10,retained,,"4.2 Arbitration, control, and shared resources",,,top_digital,,,,,Main Controller -> FIFO: XBAR connection,artifacts/stage2_mirco_arc/interaction_matrix.csv,Interaction: Main Controller -> FIFO (XBAR connection; XBAR matrix cell; XBAR Connection Matrix; source-derived cell),,
DRS introductory architecture,11,11,retained,,"4.2 Arbitration, control, and shared resources",,,top_digital,,,,,Main Controller -> ADSP: XBAR connection,artifacts/stage2_mirco_arc/interaction_matrix.csv,Interaction: Main Controller -> ADSP (XBAR connection; XBAR matrix cell; XBAR Connection Matrix; source-derived cell),,
DRS introductory architecture,12,12,retained,,"4.2 Arbitration, control, and shared resources",,,top_digital,,,,,ADSP -> Regmap: XBAR connection,artifacts/stage2_mirco_arc/interaction_matrix.csv,Interaction: ADSP -> Regmap (XBAR connection; XBAR matrix cell; XBAR Connection Matrix; source-derived cell),,
DRS introductory architecture,13,13,retained,,"4.2 Arbitration, control, and shared resources",,,top_digital,,,,,ADSP -> SENSOR HUB: XBAR connection,artifacts/stage2_mirco_arc/interaction_matrix.csv,Interaction: ADSP -> SENSOR HUB (XBAR connection; XBAR matrix cell; XBAR Connection Matrix; source-derived cell),,
DRS introductory architecture,14,14,retained,,"4.2 Arbitration, control, and shared resources",,,top_digital,,,,,ADSP -> FIFO: XBAR connection,artifacts/stage2_mirco_arc/interaction_matrix.csv,Interaction: ADSP -> FIFO (XBAR connection; XBAR matrix cell; XBAR Connection Matrix; source-derived cell),,
DRS introductory architecture,15,15,retained,,"4.2 Arbitration, control, and shared resources",,,top_digital,,,,,I2C_SPI_AHB -> Regmap: XBAR connection,artifacts/stage2_mirco_arc/interaction_matrix.csv,Interaction: I2C_SPI_AHB -> Regmap (XBAR connection; XBAR matrix cell; XBAR Connection Matrix; source-derived cell),,
DRS introductory architecture,16,16,retained,,"4.2 Arbitration, control, and shared resources",,,top_digital,,,,,I2C_SPI_AHB -> SENSOR HUB: XBAR connection,artifacts/stage2_mirco_arc/interaction_matrix.csv,Interaction: I2C_SPI_AHB -> SENSOR HUB (XBAR connection; XBAR matrix cell; XBAR Connection Matrix; source-derived cell),,
DRS introductory architecture,17,17,retained,,"4.2 Arbitration, control, and shared resources",,,top_digital,,,,,I2C_SPI_AHB -> ISPU: XBAR connection,artifacts/stage2_mirco_arc/interaction_matrix.csv,Interaction: I2C_SPI_AHB -> ISPU (XBAR connection; XBAR matrix cell; XBAR Connection Matrix; source-derived cell),,
DRS introductory architecture,18,18,retained,,"4.2 Arbitration, control, and shared resources",,,top_digital,,,,,I2C_SPI_AHB -> FIFO: XBAR connection,artifacts/stage2_mirco_arc/interaction_matrix.csv,Interaction: I2C_SPI_AHB -> FIFO (XBAR connection; XBAR matrix cell; XBAR Connection Matrix; source-derived cell),,
DRS introductory architecture,19,19,retained,,"4.2 Arbitration, control, and shared resources",,,top_digital,,,,,I2C_SPI_AHB -> ADSP: XBAR connection,artifacts/stage2_mirco_arc/interaction_matrix.csv,Interaction: I2C_SPI_AHB -> ADSP (XBAR connection; XBAR matrix cell; XBAR Connection Matrix; source-derived cell),,
DRS introductory architecture,20,20,retained,,"4.2 Arbitration, control, and shared resources",,,top_digital,,,,,SENSOR HUB -> FIFO: XBAR connection,artifacts/stage2_mirco_arc/interaction_matrix.csv,Interaction: SENSOR HUB -> FIFO (XBAR connection; XBAR matrix cell; XBAR Connection Matrix; source-derived cell),,
DRS introductory architecture,21,21,retained,,"4.2 Arbitration, control, and shared resources",,,top_digital,,,,,ISPU -> Regmap: XBAR connection,artifacts/stage2_mirco_arc/interaction_matrix.csv,Interaction: ISPU -> Regmap (XBAR connection; XBAR matrix cell; XBAR Connection Matrix; source-derived cell),,
DRS introductory architecture,22,22,retained,,"4.2 Arbitration, control, and shared resources",,,top_digital,,,,,ISPU -> SENSOR HUB: XBAR connection,artifacts/stage2_mirco_arc/interaction_matrix.csv,Interaction: ISPU -> SENSOR HUB (XBAR connection; XBAR matrix cell; XBAR Connection Matrix; source-derived cell),,
DRS introductory architecture,23,23,retained,,"4.2 Arbitration, control, and shared resources",,,top_digital,,,,,ISPU -> FIFO: XBAR connection,artifacts/stage2_mirco_arc/interaction_matrix.csv,Interaction: ISPU -> FIFO (XBAR connection; XBAR matrix cell; XBAR Connection Matrix; source-derived cell),,
DRS introductory architecture,24,24,retained,,"4.2 Arbitration, control, and shared resources",,,top_digital,,,,,ISPU -> ADSP: XBAR connection,artifacts/stage2_mirco_arc/interaction_matrix.csv,Interaction: ISPU -> ADSP (XBAR connection; XBAR matrix cell; XBAR Connection Matrix; source-derived cell),,
DRS introductory architecture,25,25,retained,,"4.2 Arbitration, control, and shared resources",,,top_digital,,,,,ISPU debug -> Regmap: XBAR connection,artifacts/stage2_mirco_arc/interaction_matrix.csv,Interaction: ISPU debug -> Regmap (XBAR connection; XBAR matrix cell; XBAR Connection Matrix; source-derived cell),,
DRS introductory architecture,26,26,retained,,"4.2 Arbitration, control, and shared resources",,,top_digital,,,,,ISPU debug -> SENSOR HUB: XBAR connection,artifacts/stage2_mirco_arc/interaction_matrix.csv,Interaction: ISPU debug -> SENSOR HUB (XBAR connection; XBAR matrix cell; XBAR Connection Matrix; source-derived cell),,
DRS introductory architecture,27,27,retained,,"4.2 Arbitration, control, and shared resources",,,top_digital,,,,,ISPU debug -> ISPU: XBAR connection,artifacts/stage2_mirco_arc/interaction_matrix.csv,Interaction: ISPU debug -> ISPU (XBAR connection; XBAR matrix cell; XBAR Connection Matrix; source-derived cell),,
DRS introductory architecture,28,28,retained,,"4.2 Arbitration, control, and shared resources",,,top_digital,,,,,ISPU debug -> FIFO: XBAR connection,artifacts/stage2_mirco_arc/interaction_matrix.csv,Interaction: ISPU debug -> FIFO (XBAR connection; XBAR matrix cell; XBAR Connection Matrix; source-derived cell),,
DRS introductory architecture,29,29,retained,,"4.2 Arbitration, control, and shared resources",,,top_digital,,,,,ISPU debug -> ADSP: XBAR connection,artifacts/stage2_mirco_arc/interaction_matrix.csv,Interaction: ISPU debug -> ADSP (XBAR connection; XBAR matrix cell; XBAR Connection Matrix; source-derived cell),,
DRS introductory architecture,1,1,retained,,4.3 Register and configuration requirements,,,top_digital,,,,,Regmap -> Main Controller: configuration writes,artifacts/stage2_mirco_arc/interaction_matrix.csv,Interaction: Regmap -> Main Controller (configuration writes; register update; sample-rate/filter/mode setup),,
DRS introductory architecture,2,2,retained,,4.3 Register and configuration requirements,,,top_digital,,,,,SPI interface -> Regmap: SPI register transactions,artifacts/stage2_mirco_arc/interaction_matrix.csv,Interaction: SPI interface -> Regmap (SPI register transactions; host SPI access; SPI path to register map),,
DRS introductory architecture,3,3,retained,,4.3 Register and configuration requirements,,,top_digital,,,,,I2C interface -> Regmap: I2C register transactions,artifacts/stage2_mirco_arc/interaction_matrix.csv,Interaction: I2C interface -> Regmap (I2C register transactions; host I2C access; I2C path to register map),,
DRS introductory architecture,4,4,retained,,4.3 Register and configuration requirements,,,top_digital,,,,,Regmap -> SPI interface: register read response,artifacts/stage2_mirco_arc/interaction_matrix.csv,Interaction: Regmap -> SPI interface (register read response; SPI read; response serialization on SPI),,
DRS introductory architecture,5,5,retained,,4.3 Register and configuration requirements,,,top_digital,,,,,Regmap -> I2C interface: register read response,artifacts/stage2_mirco_arc/interaction_matrix.csv,Interaction: Regmap -> I2C interface (register read response; I2C read; response serialization on I2C),,
DRS introductory architecture,1,1,retained,,4.4 Interface and communication requirements,,,top_digital,,,,,SPI interface -> Regmap: SPI register transactions,artifacts/stage2_mirco_arc/interaction_matrix.csv,Interaction: SPI interface -> Regmap (SPI register transactions; host SPI access; SPI path to register map),,
DRS introductory architecture,2,2,retained,,4.4 Interface and communication requirements,,,top_digital,,,,,I2C interface -> Regmap: I2C register transactions,artifacts/stage2_mirco_arc/interaction_matrix.csv,Interaction: I2C interface -> Regmap (I2C register transactions; host I2C access; I2C path to register map),,
DRS introductory architecture,3,3,retained,,4.4 Interface and communication requirements,,,top_digital,,,,,I2C_SPI_AHB -> SPI interface: SPI host transactions,artifacts/stage2_mirco_arc/interaction_matrix.csv,Interaction: I2C_SPI_AHB -> SPI interface (SPI host transactions; SPI bus session; host boundary ingress),,
DRS introductory architecture,4,4,retained,,4.4 Interface and communication requirements,,,top_digital,,,,,I2C_SPI_AHB -> I2C interface: I2C host transactions,artifacts/stage2_mirco_arc/interaction_matrix.csv,Interaction: I2C_SPI_AHB -> I2C interface (I2C host transactions; I2C bus session; host boundary ingress),,
DRS introductory architecture,1,1,retained,,4.5 Data-path and buffering requirements,,,top_digital,,,,,ADC -> Main Controller: digital samples,artifacts/stage2_mirco_arc/interaction_matrix.csv,Interaction: ADC -> Main Controller (digital samples; sample cycle; digital pipeline input),,
DRS introductory architecture,2,2,retained,,4.5 Data-path and buffering requirements,,,top_digital,,,,,Main Controller -> Smart FIFO: sample stream and FIFO mode control,artifacts/stage2_mirco_arc/interaction_matrix.csv,Interaction: Main Controller -> Smart FIFO (sample stream and FIFO mode control; FIFO enabled; stream/bypass/fifo mode routing),,
DRS introductory architecture,3,3,retained,,4.5 Data-path and buffering requirements,,,top_digital,,,,,Smart FIFO -> IRQ logic: watermark/overrun/empty flags,artifacts/stage2_mirco_arc/interaction_matrix.csv,Interaction: Smart FIFO -> IRQ logic (watermark/overrun/empty flags; FIFO status change; interrupt condition generation),,
DRS introductory architecture,1,1,retained,,4.6 Digital performance requirements,,,top_digital,,,,,PMU -> Main Controller: power/clock status,artifacts/stage2_mirco_arc/interaction_matrix.csv,Interaction: PMU -> Main Controller (power/clock status; power mode transition; power-aware digital control),,
DRS introductory architecture,1,1,retained,,3. Top Level Overview,,,top_digital,,,,,ADC -> Main Controller: digital samples,artifacts/stage2_mirco_arc/interaction_matrix.csv,Interaction: ADC -> Main Controller (digital samples; sample cycle; digital pipeline input),,
DRS introductory architecture,2,2,retained,,3. Top Level Overview,,,top_digital,,,,,Main Controller -> Smart FIFO: sample stream and FIFO mode control,artifacts/stage2_mirco_arc/interaction_matrix.csv,Interaction: Main Controller -> Smart FIFO (sample stream and FIFO mode control; FIFO enabled; stream/bypass/fifo mode routing),,
DRS introductory architecture,3,3,retained,,3. Top Level Overview,,,top_digital,,,,,Smart FIFO -> IRQ logic: watermark/overrun/empty flags,artifacts/stage2_mirco_arc/interaction_matrix.csv,Interaction: Smart FIFO -> IRQ logic (watermark/overrun/empty flags; FIFO status change; interrupt condition generation),,
DRS introductory architecture,4,4,retained,,3. Top Level Overview,,,top_digital,,,,,Regmap -> Main Controller: configuration writes,artifacts/stage2_mirco_arc/interaction_matrix.csv,Interaction: Regmap -> Main Controller (configuration writes; register update; sample-rate/filter/mode setup),,
DRS introductory architecture,5,5,retained,,3. Top Level Overview,,,top_digital,,,,,SPI interface -> Regmap: SPI register transactions,artifacts/stage2_mirco_arc/interaction_matrix.csv,Interaction: SPI interface -> Regmap (SPI register transactions; host SPI access; SPI path to register map),,
DRS introductory architecture,6,6,retained,,3. Top Level Overview,,,top_digital,,,,,I2C interface -> Regmap: I2C register transactions,artifacts/stage2_mirco_arc/interaction_matrix.csv,Interaction: I2C interface -> Regmap (I2C register transactions; host I2C access; I2C path to register map),,
DRS introductory architecture,7,7,retained,,3. Top Level Overview,,,top_digital,,,,,Regmap -> SPI interface: register read response,artifacts/stage2_mirco_arc/interaction_matrix.csv,Interaction: Regmap -> SPI interface (register read response; SPI read; response serialization on SPI),,
DRS introductory architecture,8,8,retained,,3. Top Level Overview,,,top_digital,,,,,Regmap -> I2C interface: register read response,artifacts/stage2_mirco_arc/interaction_matrix.csv,Interaction: Regmap -> I2C interface (register read response; I2C read; response serialization on I2C),,
DRS introductory architecture,9,9,retained,,3. Top Level Overview,,,top_digital,,,,,PMU -> Main Controller: power/clock status,artifacts/stage2_mirco_arc/interaction_matrix.csv,Interaction: PMU -> Main Controller (power/clock status; power mode transition; power-aware digital control),,
DRS introductory architecture,10,10,retained,,3. Top Level Overview,,,top_digital,,,,,BIST Controller -> Regmap: self-test/calibration status,artifacts/stage2_mirco_arc/interaction_matrix.csv,Interaction: BIST Controller -> Regmap (self-test/calibration status; self-test command; status publication through registers),,
DRS introductory architecture,11,11,retained,,3. Top Level Overview,,,top_digital,,,,,I2C_SPI_AHB -> SPI interface: SPI host transactions,artifacts/stage2_mirco_arc/interaction_matrix.csv,Interaction: I2C_SPI_AHB -> SPI interface (SPI host transactions; SPI bus session; host boundary ingress),,
DRS introductory architecture,12,12,retained,,3. Top Level Overview,,,top_digital,,,,,I2C_SPI_AHB -> I2C interface: I2C host transactions,artifacts/stage2_mirco_arc/interaction_matrix.csv,Interaction: I2C_SPI_AHB -> I2C interface (I2C host transactions; I2C bus session; host boundary ingress),,
DRS introductory architecture,13,13,retained,,3. Top Level Overview,,,top_digital,,,,,Main Controller -> Regmap: XBAR connection,artifacts/stage2_mirco_arc/interaction_matrix.csv,Interaction: Main Controller -> Regmap (XBAR connection; XBAR matrix cell; XBAR Connection Matrix; source-derived cell),,
DRS introductory architecture,14,14,retained,,3. Top Level Overview,,,top_digital,,,,,Main Controller -> FIFO: XBAR connection,artifacts/stage2_mirco_arc/interaction_matrix.csv,Interaction: Main Controller -> FIFO (XBAR connection; XBAR matrix cell; XBAR Connection Matrix; source-derived cell),,
DRS introductory architecture,15,15,retained,,3. Top Level Overview,,,top_digital,,,,,Main Controller -> ADSP: XBAR connection,artifacts/stage2_mirco_arc/interaction_matrix.csv,Interaction: Main Controller -> ADSP (XBAR connection; XBAR matrix cell; XBAR Connection Matrix; source-derived cell),,
DRS introductory architecture,16,16,retained,,3. Top Level Overview,,,top_digital,,,,,ADSP -> Regmap: XBAR connection,artifacts/stage2_mirco_arc/interaction_matrix.csv,Interaction: ADSP -> Regmap (XBAR connection; XBAR matrix cell; XBAR Connection Matrix; source-derived cell),,
DRS introductory architecture,17,17,retained,,3. Top Level Overview,,,top_digital,,,,,ADSP -> SENSOR HUB: XBAR connection,artifacts/stage2_mirco_arc/interaction_matrix.csv,Interaction: ADSP -> SENSOR HUB (XBAR connection; XBAR matrix cell; XBAR Connection Matrix; source-derived cell),,
DRS introductory architecture,18,18,retained,,3. Top Level Overview,,,top_digital,,,,,ADSP -> FIFO: XBAR connection,artifacts/stage2_mirco_arc/interaction_matrix.csv,Interaction: ADSP -> FIFO (XBAR connection; XBAR matrix cell; XBAR Connection Matrix; source-derived cell),,
DRS introductory architecture,19,19,retained,,3. Top Level Overview,,,top_digital,,,,,I2C_SPI_AHB -> Regmap: XBAR connection,artifacts/stage2_mirco_arc/interaction_matrix.csv,Interaction: I2C_SPI_AHB -> Regmap (XBAR connection; XBAR matrix cell; XBAR Connection Matrix; source-derived cell),,
DRS introductory architecture,20,20,retained,,3. Top Level Overview,,,top_digital,,,,,I2C_SPI_AHB -> SENSOR HUB: XBAR connection,artifacts/stage2_mirco_arc/interaction_matrix.csv,Interaction: I2C_SPI_AHB -> SENSOR HUB (XBAR connection; XBAR matrix cell; XBAR Connection Matrix; source-derived cell),,
DRS introductory architecture,21,21,retained,,3. Top Level Overview,,,top_digital,,,,,I2C_SPI_AHB -> ISPU: XBAR connection,artifacts/stage2_mirco_arc/interaction_matrix.csv,Interaction: I2C_SPI_AHB -> ISPU (XBAR connection; XBAR matrix cell; XBAR Connection Matrix; source-derived cell),,
DRS introductory architecture,22,22,retained,,3. Top Level Overview,,,top_digital,,,,,I2C_SPI_AHB -> FIFO: XBAR connection,artifacts/stage2_mirco_arc/interaction_matrix.csv,Interaction: I2C_SPI_AHB -> FIFO (XBAR connection; XBAR matrix cell; XBAR Connection Matrix; source-derived cell),,
DRS introductory architecture,23,23,retained,,3. Top Level Overview,,,top_digital,,,,,I2C_SPI_AHB -> ADSP: XBAR connection,artifacts/stage2_mirco_arc/interaction_matrix.csv,Interaction: I2C_SPI_AHB -> ADSP (XBAR connection; XBAR matrix cell; XBAR Connection Matrix; source-derived cell),,
DRS introductory architecture,24,24,retained,,3. Top Level Overview,,,top_digital,,,,,SENSOR HUB -> FIFO: XBAR connection,artifacts/stage2_mirco_arc/interaction_matrix.csv,Interaction: SENSOR HUB -> FIFO (XBAR connection; XBAR matrix cell; XBAR Connection Matrix; source-derived cell),,
DRS introductory architecture,25,25,retained,,3. Top Level Overview,,,top_digital,,,,,ISPU -> Regmap: XBAR connection,artifacts/stage2_mirco_arc/interaction_matrix.csv,Interaction: ISPU -> Regmap (XBAR connection; XBAR matrix cell; XBAR Connection Matrix; source-derived cell),,
DRS introductory architecture,26,26,retained,,3. Top Level Overview,,,top_digital,,,,,ISPU -> SENSOR HUB: XBAR connection,artifacts/stage2_mirco_arc/interaction_matrix.csv,Interaction: ISPU -> SENSOR HUB (XBAR connection; XBAR matrix cell; XBAR Connection Matrix; source-derived cell),,
DRS introductory architecture,27,27,retained,,3. Top Level Overview,,,top_digital,,,,,ISPU -> FIFO: XBAR connection,artifacts/stage2_mirco_arc/interaction_matrix.csv,Interaction: ISPU -> FIFO (XBAR connection; XBAR matrix cell; XBAR Connection Matrix; source-derived cell),,
DRS introductory architecture,28,28,retained,,3. Top Level Overview,,,top_digital,,,,,ISPU -> ADSP: XBAR connection,artifacts/stage2_mirco_arc/interaction_matrix.csv,Interaction: ISPU -> ADSP (XBAR connection; XBAR matrix cell; XBAR Connection Matrix; source-derived cell),,
DRS introductory architecture,29,29,retained,,3. Top Level Overview,,,top_digital,,,,,ISPU debug -> Regmap: XBAR connection,artifacts/stage2_mirco_arc/interaction_matrix.csv,Interaction: ISPU debug -> Regmap (XBAR connection; XBAR matrix cell; XBAR Connection Matrix; source-derived cell),,
DRS introductory architecture,30,30,retained,,3. Top Level Overview,,,top_digital,,,,,ISPU debug -> SENSOR HUB: XBAR connection,artifacts/stage2_mirco_arc/interaction_matrix.csv,Interaction: ISPU debug -> SENSOR HUB (XBAR connection; XBAR matrix cell; XBAR Connection Matrix; source-derived cell),,
DRS introductory architecture,31,31,retained,,3. Top Level Overview,,,top_digital,,,,,ISPU debug -> ISPU: XBAR connection,artifacts/stage2_mirco_arc/interaction_matrix.csv,Interaction: ISPU debug -> ISPU (XBAR connection; XBAR matrix cell; XBAR Connection Matrix; source-derived cell),,
DRS introductory architecture,32,32,retained,,3. Top Level Overview,,,top_digital,,,,,ISPU debug -> FIFO: XBAR connection,artifacts/stage2_mirco_arc/interaction_matrix.csv,Interaction: ISPU debug -> FIFO (XBAR connection; XBAR matrix cell; XBAR Connection Matrix; source-derived cell),,
DRS introductory architecture,33,33,retained,,3. Top Level Overview,,,top_digital,,,,,ISPU debug -> ADSP: XBAR connection,artifacts/stage2_mirco_arc/interaction_matrix.csv,Interaction: ISPU debug -> ADSP (XBAR connection; XBAR matrix cell; XBAR Connection Matrix; source-derived cell),,
DRS introductory architecture,1,1,retained,,7. Interfaces and mixed-signal interactions,,,top_digital,,,,,ADC -> Main Controller: digital samples,artifacts/stage2_mirco_arc/interaction_matrix.csv,Interaction: ADC -> Main Controller (digital samples; sample cycle; digital pipeline input),,
DRS introductory architecture,2,2,retained,,7. Interfaces and mixed-signal interactions,,,top_digital,,,,,SPI interface -> Regmap: SPI register transactions,artifacts/stage2_mirco_arc/interaction_matrix.csv,Interaction: SPI interface -> Regmap (SPI register transactions; host SPI access; SPI path to register map),,
DRS introductory architecture,3,3,retained,,7. Interfaces and mixed-signal interactions,,,top_digital,,,,,I2C interface -> Regmap: I2C register transactions,artifacts/stage2_mirco_arc/interaction_matrix.csv,Interaction: I2C interface -> Regmap (I2C register transactions; host I2C access; I2C path to register map),,
DRS introductory architecture,4,4,retained,,7. Interfaces and mixed-signal interactions,,,top_digital,,,,,Regmap -> SPI interface: register read response,artifacts/stage2_mirco_arc/interaction_matrix.csv,Interaction: Regmap -> SPI interface (register read response; SPI read; response serialization on SPI),,
DRS introductory architecture,5,5,retained,,7. Interfaces and mixed-signal interactions,,,top_digital,,,,,Regmap -> I2C interface: register read response,artifacts/stage2_mirco_arc/interaction_matrix.csv,Interaction: Regmap -> I2C interface (register read response; I2C read; response serialization on I2C),,
DRS introductory architecture,6,6,retained,,7. Interfaces and mixed-signal interactions,,,top_digital,,,,,I2C_SPI_AHB -> SPI interface: SPI host transactions,artifacts/stage2_mirco_arc/interaction_matrix.csv,Interaction: I2C_SPI_AHB -> SPI interface (SPI host transactions; SPI bus session; host boundary ingress),,
DRS introductory architecture,7,7,retained,,7. Interfaces and mixed-signal interactions,,,top_digital,,,,,I2C_SPI_AHB -> I2C interface: I2C host transactions,artifacts/stage2_mirco_arc/interaction_matrix.csv,Interaction: I2C_SPI_AHB -> I2C interface (I2C host transactions; I2C bus session; host boundary ingress),,
DRS introductory architecture,8,8,retained,,7. Interfaces and mixed-signal interactions,,,top_digital,,,,,Main Controller -> FIFO: XBAR connection,artifacts/stage2_mirco_arc/interaction_matrix.csv,Interaction: Main Controller -> FIFO (XBAR connection; XBAR matrix cell; XBAR Connection Matrix; source-derived cell),,
DRS introductory architecture,9,9,retained,,7. Interfaces and mixed-signal interactions,,,top_digital,,,,,ADSP -> SENSOR HUB: XBAR connection,artifacts/stage2_mirco_arc/interaction_matrix.csv,Interaction: ADSP -> SENSOR HUB (XBAR connection; XBAR matrix cell; XBAR Connection Matrix; source-derived cell),,
DRS introductory architecture,10,10,retained,,7. Interfaces and mixed-signal interactions,,,top_digital,,,,,ADSP -> FIFO: XBAR connection,artifacts/stage2_mirco_arc/interaction_matrix.csv,Interaction: ADSP -> FIFO (XBAR connection; XBAR matrix cell; XBAR Connection Matrix; source-derived cell),,
DRS introductory architecture,11,11,retained,,7. Interfaces and mixed-signal interactions,,,top_digital,,,,,I2C_SPI_AHB -> SENSOR HUB: XBAR connection,artifacts/stage2_mirco_arc/interaction_matrix.csv,Interaction: I2C_SPI_AHB -> SENSOR HUB (XBAR connection; XBAR matrix cell; XBAR Connection Matrix; source-derived cell),,
DRS introductory architecture,12,12,retained,,7. Interfaces and mixed-signal interactions,,,top_digital,,,,,I2C_SPI_AHB -> FIFO: XBAR connection,artifacts/stage2_mirco_arc/interaction_matrix.csv,Interaction: I2C_SPI_AHB -> FIFO (XBAR connection; XBAR matrix cell; XBAR Connection Matrix; source-derived cell),,
DRS introductory architecture,13,13,retained,,7. Interfaces and mixed-signal interactions,,,top_digital,,,,,SENSOR HUB -> FIFO: XBAR connection,artifacts/stage2_mirco_arc/interaction_matrix.csv,Interaction: SENSOR HUB -> FIFO (XBAR connection; XBAR matrix cell; XBAR Connection Matrix; source-derived cell),,
DRS introductory architecture,14,14,retained,,7. Interfaces and mixed-signal interactions,,,top_digital,,,,,ISPU -> SENSOR HUB: XBAR connection,artifacts/stage2_mirco_arc/interaction_matrix.csv,Interaction: ISPU -> SENSOR HUB (XBAR connection; XBAR matrix cell; XBAR Connection Matrix; source-derived cell),,
DRS introductory architecture,15,15,retained,,7. Interfaces and mixed-signal interactions,,,top_digital,,,,,ISPU -> FIFO: XBAR connection,artifacts/stage2_mirco_arc/interaction_matrix.csv,Interaction: ISPU -> FIFO (XBAR connection; XBAR matrix cell; XBAR Connection Matrix; source-derived cell),,
DRS introductory architecture,16,16,retained,,7. Interfaces and mixed-signal interactions,,,top_digital,,,,,ISPU debug -> Regmap: XBAR connection,artifacts/stage2_mirco_arc/interaction_matrix.csv,Interaction: ISPU debug -> Regmap (XBAR connection; XBAR matrix cell; XBAR Connection Matrix; source-derived cell),,
DRS introductory architecture,17,17,retained,,7. Interfaces and mixed-signal interactions,,,top_digital,,,,,ISPU debug -> SENSOR HUB: XBAR connection,artifacts/stage2_mirco_arc/interaction_matrix.csv,Interaction: ISPU debug -> SENSOR HUB (XBAR connection; XBAR matrix cell; XBAR Connection Matrix; source-derived cell),,
DRS introductory architecture,18,18,retained,,7. Interfaces and mixed-signal interactions,,,top_digital,,,,,ISPU debug -> ISPU: XBAR connection,artifacts/stage2_mirco_arc/interaction_matrix.csv,Interaction: ISPU debug -> ISPU (XBAR connection; XBAR matrix cell; XBAR Connection Matrix; source-derived cell),,
DRS introductory architecture,19,19,retained,,7. Interfaces and mixed-signal interactions,,,top_digital,,,,,ISPU debug -> FIFO: XBAR connection,artifacts/stage2_mirco_arc/interaction_matrix.csv,Interaction: ISPU debug -> FIFO (XBAR connection; XBAR matrix cell; XBAR Connection Matrix; source-derived cell),,
DRS introductory architecture,20,20,retained,,7. Interfaces and mixed-signal interactions,,,top_digital,,,,,ISPU debug -> ADSP: XBAR connection,artifacts/stage2_mirco_arc/interaction_matrix.csv,Interaction: ISPU debug -> ADSP (XBAR connection; XBAR matrix cell; XBAR Connection Matrix; source-derived cell),,
