profile,query_seed,input_order,output_order,decision,reason,topic,scope,domain,statement,source
drs,structured power-domain evidence,0,1,selected,eligible descriptive evidence,Power-domain architecture,architecture,power,"PD_TOP1V2: Included block(s): ADSP,, multi_channel_fifo, i2c_spi_slave, main_controller_top, senshub_mst_i2c, pad_mux, pmu, stbio1_regmap, scan_out_mux, xbar_afe. Domain type: Always-On. Control mode: HW. Notes: Always active. • Function: Ensures continuity of critical functions (Data Storage Mode, Sensor-Hub acquisition, FIFO read and write data, Elaboration Mode with ADSP only). • Characteristics: Never powered down. • Control: Managed by hardware.",Stage 1 OCR power-domain table/description (PD_TOP1V2)
drs,structured power-domain evidence,1,2,selected,eligible descriptive evidence,Power-domain architecture,architecture,power,PD_STREDL: Included block(s): STREDL. Domain type: Switchable. Control mode: SW. Notes: Can be powered down in idle. • Function: Powers the STREDL core and associated cache. • Characteristics: Can be powered down when STREDL is not in use. • Control: Managed via software (power management driver)(see 12.3.1),Stage 1 OCR power-domain table/description (PD_STREDL)
drs,structured power-domain evidence,2,3,selected,eligible descriptive evidence,Power-domain architecture,architecture,power,PD_TOP3V3: Included block(s): H9A_MEM_OTP_ PUMP_85AL05_2. Domain type: Always-On. Voltage: 3A. Control mode: HW. Notes: Always active. • Function: power supply to the OTP memory block. • Characteristics: Never powered down. It provides 4.7V of power supply to the OTP memory block during programming (write) operations • Control: Managed by hardware.,Stage 1 OCR power-domain table/description (PD_TOP3V3)
drs,structured power-domain evidence,3,4,selected,eligible descriptive evidence,Power-domain architecture,architecture,power,PD_TOPIO: Included block(s): level_shifter_sel. Domain type: Always-On. Control mode: HW. Notes: Always active 32 10.4.. • Function: Powers communication PAD • Characteristics: Never powered down. • Control: Managed by hardware.,Stage 1 OCR power-domain table/description (PD_TOPIO)
drs,,4,,rejected,no configured low-power topic match,,integration,,Interaction: ADC -> Main Controller (digital samples; sample cycle; digital pipeline input),artifacts/stage2_mirco_arc/interaction_matrix.csv
drs,,5,,rejected,no configured low-power topic match,,integration,,Interaction: Main Controller -> Smart FIFO (sample stream and FIFO mode control; FIFO enabled; stream/bypass/fifo mode routing),artifacts/stage2_mirco_arc/interaction_matrix.csv
drs,,6,,rejected,no configured low-power topic match,,integration,,Interaction: Smart FIFO -> IRQ logic (watermark/overrun/empty flags; FIFO status change; interrupt condition generation),artifacts/stage2_mirco_arc/interaction_matrix.csv
drs,,7,,rejected,no configured low-power topic match,,integration,,Interaction: Regmap -> Main Controller (configuration writes; register update; sample-rate/filter/mode setup),artifacts/stage2_mirco_arc/interaction_matrix.csv
drs,,8,,rejected,no configured low-power topic match,,integration,,Interaction: SPI interface -> Regmap (SPI register transactions; host SPI access; SPI path to register map),artifacts/stage2_mirco_arc/interaction_matrix.csv
drs,,9,,rejected,no configured low-power topic match,,integration,,Interaction: I2C interface -> Regmap (I2C register transactions; host I2C access; I2C path to register map),artifacts/stage2_mirco_arc/interaction_matrix.csv
drs,,10,,rejected,no configured low-power topic match,,integration,,Interaction: Regmap -> SPI interface (register read response; SPI read; response serialization on SPI),artifacts/stage2_mirco_arc/interaction_matrix.csv
drs,,11,,rejected,no configured low-power topic match,,integration,,Interaction: Regmap -> I2C interface (register read response; I2C read; response serialization on I2C),artifacts/stage2_mirco_arc/interaction_matrix.csv
drs,power mode transition,12,1,selected,eligible descriptive evidence,Sequencing and domain control,integration,,Interaction: PMU -> Main Controller (power/clock status; power mode transition; power-aware digital control),artifacts/stage2_mirco_arc/interaction_matrix.csv
drs,,13,,rejected,no configured low-power topic match,,integration,,Interaction: BIST Controller -> Regmap (self-test/calibration status; self-test command; status publication through registers),artifacts/stage2_mirco_arc/interaction_matrix.csv
drs,,14,,rejected,no configured low-power topic match,,integration,,Interaction: I2C_SPI_AHB -> SPI interface (SPI host transactions; SPI bus session; host boundary ingress),artifacts/stage2_mirco_arc/interaction_matrix.csv
drs,,15,,rejected,no configured low-power topic match,,integration,,Interaction: I2C_SPI_AHB -> I2C interface (I2C host transactions; I2C bus session; host boundary ingress),artifacts/stage2_mirco_arc/interaction_matrix.csv
drs,,16,,rejected,no configured low-power topic match,,integration,,Interaction: Main Controller -> Regmap (XBAR connection; XBAR matrix cell; XBAR Connection Matrix; source-derived cell),artifacts/stage2_mirco_arc/interaction_matrix.csv
drs,,17,,rejected,no configured low-power topic match,,integration,,Interaction: Main Controller -> FIFO (XBAR connection; XBAR matrix cell; XBAR Connection Matrix; source-derived cell),artifacts/stage2_mirco_arc/interaction_matrix.csv
drs,,18,,rejected,no configured low-power topic match,,integration,,Interaction: Main Controller -> ADSP (XBAR connection; XBAR matrix cell; XBAR Connection Matrix; source-derived cell),artifacts/stage2_mirco_arc/interaction_matrix.csv
drs,,19,,rejected,no configured low-power topic match,,integration,,Interaction: ADSP -> Regmap (XBAR connection; XBAR matrix cell; XBAR Connection Matrix; source-derived cell),artifacts/stage2_mirco_arc/interaction_matrix.csv
drs,,20,,rejected,no configured low-power topic match,,integration,,Interaction: ADSP -> SENSOR HUB (XBAR connection; XBAR matrix cell; XBAR Connection Matrix; source-derived cell),artifacts/stage2_mirco_arc/interaction_matrix.csv
drs,,21,,rejected,no configured low-power topic match,,integration,,Interaction: ADSP -> FIFO (XBAR connection; XBAR matrix cell; XBAR Connection Matrix; source-derived cell),artifacts/stage2_mirco_arc/interaction_matrix.csv
drs,,22,,rejected,no configured low-power topic match,,integration,,Interaction: I2C_SPI_AHB -> Regmap (XBAR connection; XBAR matrix cell; XBAR Connection Matrix; source-derived cell),artifacts/stage2_mirco_arc/interaction_matrix.csv
drs,,23,,rejected,no configured low-power topic match,,integration,,Interaction: I2C_SPI_AHB -> SENSOR HUB (XBAR connection; XBAR matrix cell; XBAR Connection Matrix; source-derived cell),artifacts/stage2_mirco_arc/interaction_matrix.csv
drs,,24,,rejected,no configured low-power topic match,,integration,,Interaction: I2C_SPI_AHB -> ISPU (XBAR connection; XBAR matrix cell; XBAR Connection Matrix; source-derived cell),artifacts/stage2_mirco_arc/interaction_matrix.csv
drs,,25,,rejected,no configured low-power topic match,,integration,,Interaction: I2C_SPI_AHB -> FIFO (XBAR connection; XBAR matrix cell; XBAR Connection Matrix; source-derived cell),artifacts/stage2_mirco_arc/interaction_matrix.csv
drs,,26,,rejected,no configured low-power topic match,,integration,,Interaction: I2C_SPI_AHB -> ADSP (XBAR connection; XBAR matrix cell; XBAR Connection Matrix; source-derived cell),artifacts/stage2_mirco_arc/interaction_matrix.csv
drs,,27,,rejected,no configured low-power topic match,,integration,,Interaction: SENSOR HUB -> FIFO (XBAR connection; XBAR matrix cell; XBAR Connection Matrix; source-derived cell),artifacts/stage2_mirco_arc/interaction_matrix.csv
drs,,28,,rejected,no configured low-power topic match,,integration,,Interaction: ISPU -> Regmap (XBAR connection; XBAR matrix cell; XBAR Connection Matrix; source-derived cell),artifacts/stage2_mirco_arc/interaction_matrix.csv
drs,,29,,rejected,no configured low-power topic match,,integration,,Interaction: ISPU -> SENSOR HUB (XBAR connection; XBAR matrix cell; XBAR Connection Matrix; source-derived cell),artifacts/stage2_mirco_arc/interaction_matrix.csv
drs,,30,,rejected,no configured low-power topic match,,integration,,Interaction: ISPU -> FIFO (XBAR connection; XBAR matrix cell; XBAR Connection Matrix; source-derived cell),artifacts/stage2_mirco_arc/interaction_matrix.csv
drs,,31,,rejected,no configured low-power topic match,,integration,,Interaction: ISPU -> ADSP (XBAR connection; XBAR matrix cell; XBAR Connection Matrix; source-derived cell),artifacts/stage2_mirco_arc/interaction_matrix.csv
drs,,32,,rejected,no configured low-power topic match,,integration,,Interaction: ISPU debug -> Regmap (XBAR connection; XBAR matrix cell; XBAR Connection Matrix; source-derived cell),artifacts/stage2_mirco_arc/interaction_matrix.csv
drs,,33,,rejected,no configured low-power topic match,,integration,,Interaction: ISPU debug -> SENSOR HUB (XBAR connection; XBAR matrix cell; XBAR Connection Matrix; source-derived cell),artifacts/stage2_mirco_arc/interaction_matrix.csv
drs,,34,,rejected,no configured low-power topic match,,integration,,Interaction: ISPU debug -> ISPU (XBAR connection; XBAR matrix cell; XBAR Connection Matrix; source-derived cell),artifacts/stage2_mirco_arc/interaction_matrix.csv
drs,,35,,rejected,no configured low-power topic match,,integration,,Interaction: ISPU debug -> FIFO (XBAR connection; XBAR matrix cell; XBAR Connection Matrix; source-derived cell),artifacts/stage2_mirco_arc/interaction_matrix.csv
drs,,36,,rejected,no configured low-power topic match,,integration,,Interaction: ISPU debug -> ADSP (XBAR connection; XBAR matrix cell; XBAR Connection Matrix; source-derived cell),artifacts/stage2_mirco_arc/interaction_matrix.csv
drs,,37,,rejected,no configured low-power topic match,,integration,,Approved interface SENSOR_ANALOG_INPUT owned by Sensor-Hub: Raw sensor-domain analog input,artifacts/stage2_mirco_arc/interface_catalog.csv
drs,,38,,rejected,no configured low-power topic match,,integration,,Approved interface ADC_DATA owned by ADC: Digitized samples,artifacts/stage2_mirco_arc/interface_catalog.csv
drs,,39,,rejected,no configured low-power topic match,,integration,,Approved interface FIFO_DATA owned by Smart FIFO: Buffered output samples,artifacts/stage2_mirco_arc/interface_catalog.csv
drs,,40,,rejected,no configured low-power topic match,,integration,,Approved interface SERIAL_CLK owned by SPI interface: Serial clock input,artifacts/stage2_mirco_arc/interface_catalog.csv
drs,,41,,rejected,no configured low-power topic match,,integration,,Approved interface SERIAL_SELECT owned by SPI interface: Serial frame/select input,artifacts/stage2_mirco_arc/interface_catalog.csv
drs,,42,,rejected,no configured low-power topic match,,integration,,Approved interface SERIAL_DATA_IN owned by SPI interface: Serial data input,artifacts/stage2_mirco_arc/interface_catalog.csv
drs,,43,,rejected,no configured low-power topic match,,integration,,Approved interface SERIAL_DATA_OUT owned by SPI interface: Serial data output,artifacts/stage2_mirco_arc/interface_catalog.csv
drs,,44,,rejected,no configured low-power topic match,,integration,,Approved interface ALT_SERIAL_CLK owned by I2C interface: Alternate serial clock input,artifacts/stage2_mirco_arc/interface_catalog.csv
drs,,45,,rejected,no configured low-power topic match,,integration,,Approved interface ALT_SERIAL_DATA owned by I2C interface: Alternate serial bidirectional data line,artifacts/stage2_mirco_arc/interface_catalog.csv
drs,,46,,rejected,no configured low-power topic match,,integration,,Approved interface INT1 owned by IRQ logic: Primary interrupt output,artifacts/stage2_mirco_arc/interface_catalog.csv
drs,,47,,rejected,no configured low-power topic match,,integration,,Approved interface INT2 owned by IRQ logic: Secondary interrupt output,artifacts/stage2_mirco_arc/interface_catalog.csv
drs,PMU,48,1,selected,eligible descriptive evidence,Low-power responsibility,integration,,Approved interface VDD owned by PMU: Core supply,artifacts/stage2_mirco_arc/interface_catalog.csv
drs,PMU,49,2,selected,eligible descriptive evidence,Low-power responsibility,integration,,Approved interface VDD_IO owned by PMU: Digital IO supply,artifacts/stage2_mirco_arc/interface_catalog.csv
drs,,50,,rejected,no configured low-power topic match,,top_digital,,"Section 11.1 XBAR Connection Matrix (under Section 11 Interconnect), paragraph 017 (page 34)","Section 11.1 XBAR Connection Matrix (under Section 11 Interconnect), paragraph 017 (page 34)"
drs,,51,,rejected,no configured low-power topic match,,top_digital,,"Section 11.1 XBAR Connection Matrix (under Section 11 Interconnect), paragraph 017 (page 34)","Section 11.1 XBAR Connection Matrix (under Section 11 Interconnect), paragraph 017 (page 34)"
drs,,52,,rejected,no configured low-power topic match,,top_digital,,"Section 11.1 XBAR Connection Matrix (under Section 11 Interconnect), paragraph 017 (page 34)","Section 11.1 XBAR Connection Matrix (under Section 11 Interconnect), paragraph 017 (page 34)"
drs,,53,,rejected,no configured low-power topic match,,top_digital,,"Section 11.1 XBAR Connection Matrix (under Section 11 Interconnect), paragraph 018 (page 34)","Section 11.1 XBAR Connection Matrix (under Section 11 Interconnect), paragraph 018 (page 34)"
drs,,54,,rejected,no configured low-power topic match,,top_digital,,"Section 11.1 XBAR Connection Matrix (under Section 11 Interconnect), paragraph 018 (page 34)","Section 11.1 XBAR Connection Matrix (under Section 11 Interconnect), paragraph 018 (page 34)"
drs,,55,,rejected,no configured low-power topic match,,top_digital,,"Section 11.1 XBAR Connection Matrix (under Section 11 Interconnect), paragraph 018 (page 34)","Section 11.1 XBAR Connection Matrix (under Section 11 Interconnect), paragraph 018 (page 34)"
drs,,56,,rejected,no configured low-power topic match,,top_digital,,"Section 11.1 XBAR Connection Matrix (under Section 11 Interconnect), paragraph 019 (page 34)","Section 11.1 XBAR Connection Matrix (under Section 11 Interconnect), paragraph 019 (page 34)"
drs,,57,,rejected,no configured low-power topic match,,top_digital,,"Section 11.1 XBAR Connection Matrix (under Section 11 Interconnect), paragraph 019 (page 34)","Section 11.1 XBAR Connection Matrix (under Section 11 Interconnect), paragraph 019 (page 34)"
drs,,58,,rejected,no configured low-power topic match,,top_digital,,"Section 11.1 XBAR Connection Matrix (under Section 11 Interconnect), paragraph 019 (page 34)","Section 11.1 XBAR Connection Matrix (under Section 11 Interconnect), paragraph 019 (page 34)"
drs,,59,,rejected,no configured low-power topic match,,top_digital,,"Section 11.1 XBAR Connection Matrix (under Section 11 Interconnect), paragraph 019 (page 34)","Section 11.1 XBAR Connection Matrix (under Section 11 Interconnect), paragraph 019 (page 34)"
drs,,60,,rejected,no configured low-power topic match,,top_digital,,"Section 11.1 XBAR Connection Matrix (under Section 11 Interconnect), paragraph 019 (page 34)","Section 11.1 XBAR Connection Matrix (under Section 11 Interconnect), paragraph 019 (page 34)"
drs,,61,,rejected,no configured low-power topic match,,top_digital,,"Section 11.1 XBAR Connection Matrix (under Section 11 Interconnect), paragraph 020 (page 34)","Section 11.1 XBAR Connection Matrix (under Section 11 Interconnect), paragraph 020 (page 34)"
drs,,62,,rejected,no configured low-power topic match,,top_digital,,"Section 11.1 XBAR Connection Matrix (under Section 11 Interconnect), paragraph 021 (page 34)","Section 11.1 XBAR Connection Matrix (under Section 11 Interconnect), paragraph 021 (page 34)"
drs,,63,,rejected,no configured low-power topic match,,top_digital,,"Section 11.1 XBAR Connection Matrix (under Section 11 Interconnect), paragraph 021 (page 34)","Section 11.1 XBAR Connection Matrix (under Section 11 Interconnect), paragraph 021 (page 34)"
drs,,64,,rejected,no configured low-power topic match,,top_digital,,"Section 11.1 XBAR Connection Matrix (under Section 11 Interconnect), paragraph 021 (page 34)","Section 11.1 XBAR Connection Matrix (under Section 11 Interconnect), paragraph 021 (page 34)"
drs,,65,,rejected,no configured low-power topic match,,top_digital,,"Section 11.1 XBAR Connection Matrix (under Section 11 Interconnect), paragraph 021 (page 34)","Section 11.1 XBAR Connection Matrix (under Section 11 Interconnect), paragraph 021 (page 34)"
drs,,66,,rejected,no configured low-power topic match,,top_digital,,"Section 11.1 XBAR Connection Matrix (under Section 11 Interconnect), paragraph 022 (page 34)","Section 11.1 XBAR Connection Matrix (under Section 11 Interconnect), paragraph 022 (page 34)"
drs,,67,,rejected,no configured low-power topic match,,top_digital,,"Section 11.1 XBAR Connection Matrix (under Section 11 Interconnect), paragraph 022 (page 34)","Section 11.1 XBAR Connection Matrix (under Section 11 Interconnect), paragraph 022 (page 34)"
drs,,68,,rejected,no configured low-power topic match,,top_digital,,"Section 11.1 XBAR Connection Matrix (under Section 11 Interconnect), paragraph 022 (page 34)","Section 11.1 XBAR Connection Matrix (under Section 11 Interconnect), paragraph 022 (page 34)"
drs,,69,,rejected,no configured low-power topic match,,top_digital,,"Section 11.1 XBAR Connection Matrix (under Section 11 Interconnect), paragraph 022 (page 34)","Section 11.1 XBAR Connection Matrix (under Section 11 Interconnect), paragraph 022 (page 34)"
drs,,70,,rejected,no configured low-power topic match,,top_digital,,"Section 11.1 XBAR Connection Matrix (under Section 11 Interconnect), paragraph 022 (page 34)","Section 11.1 XBAR Connection Matrix (under Section 11 Interconnect), paragraph 022 (page 34)"
drs,,71,,rejected,no configured low-power topic match,,top_digital,,"Section 13.3.1 Requirements (under Section 13.3 ISPU integration), paragraph 007 (page 130)","Section 13.3.1 Requirements (under Section 13.3 ISPU integration), paragraph 007 (page 130)"
drs,,72,,rejected,no configured low-power topic match,,top_digital,,"Section 13.3.1 Requirements (under Section 13.3 ISPU integration), paragraph 008 (page 130)","Section 13.3.1 Requirements (under Section 13.3 ISPU integration), paragraph 008 (page 130)"
drs,,73,,rejected,no configured low-power topic match,,top_digital,,"Section 13.3.1 Requirements (under Section 13.3 ISPU integration), paragraph 009 (page 130)","Section 13.3.1 Requirements (under Section 13.3 ISPU integration), paragraph 009 (page 130)"
drs,,74,,rejected,no configured low-power topic match,,top_digital,,"Section 13.3.1 Requirements (under Section 13.3 ISPU integration), paragraph 011 (page 130)","Section 13.3.1 Requirements (under Section 13.3 ISPU integration), paragraph 011 (page 130)"
drs,,75,,rejected,no configured low-power topic match,,top_digital,,"Section 13.3.1 Requirements (under Section 13.3 ISPU integration), paragraph 013 (page 130)","Section 13.3.1 Requirements (under Section 13.3 ISPU integration), paragraph 013 (page 130)"
drs,,76,,rejected,no configured low-power topic match,,top_digital,,"Section 13.3.1 Requirements (under Section 13.3 ISPU integration), paragraph 023 (page 131)","Section 13.3.1 Requirements (under Section 13.3 ISPU integration), paragraph 023 (page 131)"
drs,,77,,rejected,no configured low-power topic match,,top_digital,,"Section 13.3.1 Requirements (under Section 13.3 ISPU integration), paragraph 027 (page 131)","Section 13.3.1 Requirements (under Section 13.3 ISPU integration), paragraph 027 (page 131)"
drs,,78,,rejected,no configured low-power topic match,,top_digital,,"Section 13.3.1 Requirements (under Section 13.3 ISPU integration), paragraph 031 (page 131)","Section 13.3.1 Requirements (under Section 13.3 ISPU integration), paragraph 031 (page 131)"
drs,,79,,rejected,no configured low-power topic match,,top_digital,,"Section 1 TIME SLOT LENGTH: (under Section 15.3.3 PPG Only), paragraph 010 (page 152)","Section 1 TIME SLOT LENGTH: (under Section 15.3.3 PPG Only), paragraph 010 (page 152)"
drs,,80,,rejected,no configured low-power topic match,,top_digital,,"Section 3 SELECT DIVISION INDEX FOR CONFIGURED CHANNELS: (under Section 15.3.3 PPG Only), paragraph 018 (page 152)","Section 3 SELECT DIVISION INDEX FOR CONFIGURED CHANNELS: (under Section 15.3.3 PPG Only), paragraph 018 (page 152)"
drs,,81,,rejected,no configured low-power topic match,,top_digital,,"Section 4 CONFIGURE ADC SAMPLING PERIOD: (under Section 15.3.3 PPG Only), paragraph 022 (page 152)","Section 4 CONFIGURE ADC SAMPLING PERIOD: (under Section 15.3.3 PPG Only), paragraph 022 (page 152)"
drs,,82,,rejected,no configured low-power topic match,,top_digital,,"Section 2 SELECT CHANNEL: (under Section 15.3.3 PPG Only), paragraph 014 (page 152)","Section 2 SELECT CHANNEL: (under Section 15.3.3 PPG Only), paragraph 014 (page 152)"
drs,,83,,rejected,no configured low-power topic match,,top_digital,,"Section 5 PPG FRAMES CONFIG: (under Section 15.3.3 PPG Only), paragraph 026 (page 152)","Section 5 PPG FRAMES CONFIG: (under Section 15.3.3 PPG Only), paragraph 026 (page 152)"
drs,,84,,rejected,no configured low-power topic match,,top_digital,,"Section 6 SELECT OPERATIVE MODE: (under Section 15.3.3 PPG Only), paragraph 008 (page 153)","Section 6 SELECT OPERATIVE MODE: (under Section 15.3.3 PPG Only), paragraph 008 (page 153)"
drs,,85,,rejected,no configured low-power topic match,,top_digital,,"Section 7 CHECK DATA: (under Section 15.3.3 PPG Only), paragraph 011 (page 153)","Section 7 CHECK DATA: (under Section 15.3.3 PPG Only), paragraph 011 (page 153)"
drs,,86,,rejected,no configured low-power topic match,,top_digital,,"Section 18.1 Scan mode (under Section 18 Digital DFT), paragraph 011 (page 159)","Section 18.1 Scan mode (under Section 18 Digital DFT), paragraph 011 (page 159)"
drs,,87,,rejected,no configured low-power topic match,,top_digital,,"Section 18.2 Debug mode (under Section 18 Digital DFT), paragraph 024 (page 159)","Section 18.2 Debug mode (under Section 18 Digital DFT), paragraph 024 (page 159)"
drs,,88,,rejected,no configured low-power topic match,,top_digital,,"Section 18.3 ADC TEST LOW NOISE (under Section 18 Digital DFT), paragraph 006 (page 160)","Section 18.3 ADC TEST LOW NOISE (under Section 18 Digital DFT), paragraph 006 (page 160)"
drs,,89,,rejected,no configured low-power topic match,,top_digital,,"Section 18.3 ADC TEST LOW NOISE (under Section 18 Digital DFT), paragraph 023 (page 160)","Section 18.3 ADC TEST LOW NOISE (under Section 18 Digital DFT), paragraph 023 (page 160)"
drs,,90,,rejected,no configured low-power topic match,,top_digital,,"Section 18.4 ADC TEST FAST (under Section 18 Digital DFT), paragraph 010 (page 161)","Section 18.4 ADC TEST FAST (under Section 18 Digital DFT), paragraph 010 (page 161)"
drs,,91,,rejected,no configured low-power topic match,,top_digital,,"Section 18.5 BIST MODE (under Section 18 Digital DFT), paragraph 030 (page 161)","Section 18.5 BIST MODE (under Section 18 Digital DFT), paragraph 030 (page 161)"
drs,,92,,rejected,duplicate descriptive evidence,,architecture,system,"PD_TOP1V2: Included block(s): ADSP,, multi_channel_fifo, i2c_spi_slave, main_controller_top, senshub_mst_i2c, pad_mux, pmu, stbio1_regmap, scan_out_mux, xbar_afe. Domain type: Always-On. Control mode: HW. Notes: Always active. • Function: Ensures continuity of critical functions (Data Storage Mode, Sensor-Hub acquisition, FIFO read and write data, Elaboration Mode with ADSP only). • Characteristics: Never powered down. • Control: Managed by hardware.",Stage 1 OCR power-domain table/description (PD_TOP1V2)
drs,,93,,rejected,duplicate descriptive evidence,,architecture,system,PD_STREDL: Included block(s): STREDL. Domain type: Switchable. Control mode: SW. Notes: Can be powered down in idle. • Function: Powers the STREDL core and associated cache. • Characteristics: Can be powered down when STREDL is not in use. • Control: Managed via software (power management driver)(see 12.3.1),Stage 1 OCR power-domain table/description (PD_STREDL)
drs,,94,,rejected,duplicate descriptive evidence,,architecture,system,PD_TOP3V3: Included block(s): H9A_MEM_OTP_ PUMP_85AL05_2. Domain type: Always-On. Voltage: 3A. Control mode: HW. Notes: Always active. • Function: power supply to the OTP memory block. • Characteristics: Never powered down. It provides 4.7V of power supply to the OTP memory block during programming (write) operations • Control: Managed by hardware.,Stage 1 OCR power-domain table/description (PD_TOP3V3)
drs,,95,,rejected,duplicate descriptive evidence,,architecture,system,PD_TOPIO: Included block(s): level_shifter_sel. Domain type: Always-On. Control mode: HW. Notes: Always active 32 10.4.. • Function: Powers communication PAD • Characteristics: Never powered down. • Control: Managed by hardware.,Stage 1 OCR power-domain table/description (PD_TOPIO)
drs,power domain,96,5,selected,eligible descriptive evidence,Power-domain architecture,architecture,system,This document paragraph describes the Power Domain architecture implemented in the STBIO1.,"Section 10.1 Introduction (under Section 10 Power Domains), paragraph 031 (page 31)"
drs,power domain,97,6,selected,eligible descriptive evidence,Power-domain architecture,architecture,system,Retention Domain: Domain that retains register state even when the main logic is powered down.,"Section 10.2 Definitions (under Section 10 Power Domains), paragraph 011 (page 32)"
drs,retention mode,98,1,selected,eligible descriptive evidence,Low-power state behavior,architecture,system,"Main functionalities of controller are: • Mode management (RunBIST mode, Retention mode etc.)","Section 17.2.2 MBIST Controller (under Section 17.2 Memory BIST Architecture), paragraph 052 (page 157)"
drs,,99,,rejected,no configured low-power topic match,,top_digital,,"Aim of this document is to explain main features of the ASIC STBIO1, electronic interface of ECG, Bio-impedance, EDA and PPG (Photoplethysmography) embedded in a single die.","Section 5 STBIO1 toplevel overview, paragraph 004 (page 12)"
drs,,100,,rejected,no configured low-power topic match,,top_digital,,"The FIFO data path carries ECG, BIA, GSR and six PPG channels, and up to four external sensors represented in 12 bytes each.","Stage 1 OCR page 12, line 47, through page 13, line 18"
drs,,101,,rejected,no configured low-power topic match,,top_digital,,"The STBIO1 features an advanced digital engine, composed of multiple IPs able to reduce external host processing workload, reducing bus congestion, providing meta-data useful for final application, both in time and frequency domain.","Stage 1 OCR page 12, lines 7-36"
drs,,102,,rejected,no configured low-power topic match,,top_digital,,"The data collected by sensor hub is accessible from the Advanced DSP and ISPU, for sensor fusion algorithm elaboration.","Stage 1 OCR page 12, lines 42-45"
drs,,103,,rejected,no configured low-power topic match,,top_digital,,"FIFO digital IPs oversees data collecting from multiple sources: internal and external data read by sensor hub, meta-data generated from both ADSP and ISPU.","Stage 1 OCR page 12, line 47, through page 13, line 18"
