category,status,decision,output_order,matched_terms,statement,source,scope
Functional behavior,Covered,selected,1; 2; 3,control,Interaction: ADC -> Main Controller (digital samples; sample cycle; digital pipeline input) || Interaction: Main Controller -> Smart FIFO (sample stream and FIFO mode control; FIFO enabled; stream/bypass/fifo mode routing) || Interaction: Regmap -> Main Controller (configuration writes; register update; sample-rate/filter/mode setup),artifacts/stage2_mirco_arc/interaction_matrix.csv || artifacts/stage2_mirco_arc/interaction_matrix.csv || artifacts/stage2_mirco_arc/interaction_matrix.csv,integration
Clocking and reset,Partial,selected,1,power/clock,Interaction: PMU -> Main Controller (power/clock status; power mode transition; power-aware digital control),artifacts/stage2_mirco_arc/interaction_matrix.csv,integration
"Power management, power states, retention, and wake-up",Covered,selected,1; 2; 3,power domain; power mode; retention,Interaction: PMU -> Main Controller (power/clock status; power mode transition; power-aware digital control) || This document paragraph describes the Power Domain architecture implemented in the STBIO1. || Retention Domain: Domain that retains register state even when the main logic is powered down.,"artifacts/stage2_mirco_arc/interaction_matrix.csv || Section 10.1 Introduction (under Section 10 Power Domains), paragraph 031 (page 31) || Section 10.2 Definitions (under Section 10 Power Domains), paragraph 011 (page 32)",architecture; integration
"Bus, interconnect, and protocol behavior",Covered,selected,1; 2; 3,i2c; serial; spi,Interaction: SPI interface -> Regmap (SPI register transactions; host SPI access; SPI path to register map) || Interaction: I2C interface -> Regmap (I2C register transactions; host I2C access; I2C path to register map) || Interaction: Regmap -> SPI interface (register read response; SPI read; response serialization on SPI),artifacts/stage2_mirco_arc/interaction_matrix.csv || artifacts/stage2_mirco_arc/interaction_matrix.csv || artifacts/stage2_mirco_arc/interaction_matrix.csv,integration
"Memory map, register access, and protection",Covered,selected,1; 2; 3,register; regmap,Interaction: Regmap -> Main Controller (configuration writes; register update; sample-rate/filter/mode setup) || Interaction: SPI interface -> Regmap (SPI register transactions; host SPI access; SPI path to register map) || Interaction: I2C interface -> Regmap (I2C register transactions; host I2C access; I2C path to register map),artifacts/stage2_mirco_arc/interaction_matrix.csv || artifacts/stage2_mirco_arc/interaction_matrix.csv || artifacts/stage2_mirco_arc/interaction_matrix.csv,integration
"Interrupts, events, and status reporting",Covered,selected,1; 2; 3,interrupt; irq; overrun; watermark,Interaction: Smart FIFO -> IRQ logic (watermark/overrun/empty flags; FIFO status change; interrupt condition generation) || Approved interface INT1 owned by IRQ logic: Primary interrupt output || Approved interface INT2 owned by IRQ logic: Secondary interrupt output,artifacts/stage2_mirco_arc/interaction_matrix.csv || artifacts/stage2_mirco_arc/interface_catalog.csv || artifacts/stage2_mirco_arc/interface_catalog.csv,integration
"Boot, initialization, and configuration",Covered,selected,1; 2; 3,configuration; configure,"Interaction: Regmap -> Main Controller (configuration writes; register update; sample-rate/filter/mode setup) || Section 3 SELECT DIVISION INDEX FOR CONFIGURED CHANNELS: (under Section 15.3.3 PPG Only), paragraph 018 (page 152) || Section 4 CONFIGURE ADC SAMPLING PERIOD: (under Section 15.3.3 PPG Only), paragraph 022 (page 152)","artifacts/stage2_mirco_arc/interaction_matrix.csv || Section 3 SELECT DIVISION INDEX FOR CONFIGURED CHANNELS: (under Section 15.3.3 PPG Only), paragraph 018 (page 152) || Section 4 CONFIGURE ADC SAMPLING PERIOD: (under Section 15.3.3 PPG Only), paragraph 022 (page 152)",integration; top_digital
"Security, access control, and isolation",Missing,no approved evidence,,,,,
"DMA, data movement, buffering, and FIFO behavior",Covered,selected,1; 2; 3,fifo; stream,Interaction: Main Controller -> Smart FIFO (sample stream and FIFO mode control; FIFO enabled; stream/bypass/fifo mode routing) || Interaction: Smart FIFO -> IRQ logic (watermark/overrun/empty flags; FIFO status change; interrupt condition generation) || Interaction: Main Controller -> FIFO (XBAR connection; XBAR matrix cell; XBAR Connection Matrix; source-derived cell),artifacts/stage2_mirco_arc/interaction_matrix.csv || artifacts/stage2_mirco_arc/interaction_matrix.csv || artifacts/stage2_mirco_arc/interaction_matrix.csv,integration
"Arbitration, priority, and QoS",Missing,no approved evidence,,,,,
"Error handling, fault reporting, and recovery",Missing,no approved evidence,,,,,
"Performance, latency, and throughput",Missing,no approved evidence,,,,,
"CDC, RDC, and synchronization",Missing,no approved evidence,,,,,
"Debug, trace, test, and DFT visibility",Covered,selected,1; 2; 3,bist; debug; test,Interaction: BIST Controller -> Regmap (self-test/calibration status; self-test command; status publication through registers) || Interaction: ISPU debug -> Regmap (XBAR connection; XBAR matrix cell; XBAR Connection Matrix; source-derived cell) || Interaction: ISPU debug -> SENSOR HUB (XBAR connection; XBAR matrix cell; XBAR Connection Matrix; source-derived cell),artifacts/stage2_mirco_arc/interaction_matrix.csv || artifacts/stage2_mirco_arc/interaction_matrix.csv || artifacts/stage2_mirco_arc/interaction_matrix.csv,integration
"Interfaces to analog, pads, and external systems",Covered,selected,1; 2; 3,sensor,Interaction: ADSP -> SENSOR HUB (XBAR connection; XBAR matrix cell; XBAR Connection Matrix; source-derived cell) || Interaction: I2C_SPI_AHB -> SENSOR HUB (XBAR connection; XBAR matrix cell; XBAR Connection Matrix; source-derived cell) || Interaction: SENSOR HUB -> FIFO (XBAR connection; XBAR matrix cell; XBAR Connection Matrix; source-derived cell),artifacts/stage2_mirco_arc/interaction_matrix.csv || artifacts/stage2_mirco_arc/interaction_matrix.csv || artifacts/stage2_mirco_arc/interaction_matrix.csv,integration
Low-power domain coordination,Covered,selected,1; 2; 3,low-power; power domain,"This document paragraph describes the Power Domain architecture implemented in the STBIO1. || Retention Domain: Domain that retains register state even when the main logic is powered down. || ADSP is an embedded IP able to elaborate ultra-low-power custom DSP functions. The main purpose of ADSP is to reduce the computation workload on both ISPU and host processor, while saving power through the optimization of both hardware and algorithm.","Section 10.1 Introduction (under Section 10 Power Domains), paragraph 031 (page 31) || Section 10.2 Definitions (under Section 10 Power Domains), paragraph 011 (page 32) || Stage 1 OCR page 12, lines 38-40",architecture; top_digital
Firmware-visible behavior,Covered,selected,1; 2; 3,register; status,Interaction: Smart FIFO -> IRQ logic (watermark/overrun/empty flags; FIFO status change; interrupt condition generation) || Interaction: Regmap -> Main Controller (configuration writes; register update; sample-rate/filter/mode setup) || Interaction: SPI interface -> Regmap (SPI register transactions; host SPI access; SPI path to register map),artifacts/stage2_mirco_arc/interaction_matrix.csv || artifacts/stage2_mirco_arc/interaction_matrix.csv || artifacts/stage2_mirco_arc/interaction_matrix.csv,integration
Mode transitions and operational states,Covered,selected,1; 2; 3,mode; transition,Interaction: Main Controller -> Smart FIFO (sample stream and FIFO mode control; FIFO enabled; stream/bypass/fifo mode routing) || Interaction: Regmap -> Main Controller (configuration writes; register update; sample-rate/filter/mode setup) || Interaction: PMU -> Main Controller (power/clock status; power mode transition; power-aware digital control),artifacts/stage2_mirco_arc/interaction_matrix.csv || artifacts/stage2_mirco_arc/interaction_matrix.csv || artifacts/stage2_mirco_arc/interaction_matrix.csv,integration
"Safety, monitoring, watchdog, and timeout behavior",Missing,no approved evidence,,,,,
Block interaction and integration rules,Covered,selected,1; 2; 3,interaction,Interaction: ADC -> Main Controller (digital samples; sample cycle; digital pipeline input) || Interaction: Main Controller -> Smart FIFO (sample stream and FIFO mode control; FIFO enabled; stream/bypass/fifo mode routing) || Interaction: Smart FIFO -> IRQ logic (watermark/overrun/empty flags; FIFO status change; interrupt condition generation),artifacts/stage2_mirco_arc/interaction_matrix.csv || artifacts/stage2_mirco_arc/interaction_matrix.csv || artifacts/stage2_mirco_arc/interaction_matrix.csv,integration
